episode,algorithm,alpha,gamma,epsilon_min,epsilon_decay,epsilon,return,fill_rate,lost_sales,avg_inventory
0,q_learning,0.2,0.99,0.03,0.999,1.0,-7.652695999999775,0.8827859569648924,414.0,71.01666666666667
1,q_learning,0.2,0.99,0.03,0.999,0.999,-403.74637999999965,0.9570209973753281,131.0,88.60833333333333
2,q_learning,0.2,0.99,0.03,0.999,0.998001,-369.7339399999998,0.9897792313982011,25.0,99.00833333333334
3,q_learning,0.2,0.99,0.03,0.999,0.997002999,377.54893600000037,0.7718000448329971,1018.0,45.25
4,q_learning,0.2,0.99,0.03,0.999,0.996005996001,347.39198800000014,0.9964504678928686,11.0,85.85833333333333
5,q_learning,0.2,0.99,0.03,0.999,0.995009990004999,517.8226240000001,0.8040308747855918,914.0,40.166666666666664
6,q_learning,0.2,0.99,0.03,0.999,0.994014980014994,-511.50806399999976,0.9886409736308316,28.0,93.08333333333333
7,q_learning,0.2,0.99,0.03,0.999,0.993020965034979,345.8752200000001,0.8089802130898022,753.0,52.541666666666664
8,q_learning,0.2,0.99,0.03,0.999,0.992027944069944,721.4726640000007,0.9728166570271833,94.0,77.8
9,q_learning,0.2,0.99,0.03,0.999,0.991035916125874,606.7051120000003,0.8979064357715172,395.0,62.38333333333333
10,q_learning,0.2,0.99,0.03,0.999,0.9900448802097482,444.04915600000027,0.9795769511305616,56.0,81.85833333333333
11,q_learning,0.2,0.99,0.03,0.999,0.9890548353295384,300.3945880000002,0.922964692150569,264.0,74.04166666666667
12,q_learning,0.2,0.99,0.03,0.999,0.9880657804942089,-7.058899999999916,0.9921520033044197,19.0,98.925
13,q_learning,0.2,0.99,0.03,0.999,0.9870777147137147,513.7718960000001,0.9376947040498442,220.0,64.08333333333333
14,q_learning,0.2,0.99,0.03,0.999,0.986090636999001,718.4417640000001,0.8548736462093863,603.0,51.90833333333333
15,q_learning,0.2,0.99,0.03,0.999,0.985104546362002,315.1793640000003,0.8648306426084204,427.0,61.09166666666667
16,q_learning,0.2,0.99,0.03,0.999,0.9841194418156399,-190.23247999999978,0.8843705799151343,327.0,77.9
17,q_learning,0.2,0.99,0.03,0.999,0.9831353223738244,-52.22344399999981,0.9741293532338309,78.0,84.575
18,q_learning,0.2,0.99,0.03,0.999,0.9821521870514505,232.19038400000005,0.7116767048766272,1484.0,19.166666666666668
19,q_learning,0.2,0.99,0.03,0.999,0.981170034864399,255.2681960000004,0.8799076212471132,364.0,72.14166666666667
20,q_learning,0.2,0.99,0.03,0.999,0.9801888648295347,-1482.2375879999995,1.0,0.0,113.39166666666667
21,q_learning,0.2,0.99,0.03,0.999,0.9792086759647052,464.72640400000034,0.8850360096025607,431.0,66.95833333333333
22,q_learning,0.2,0.99,0.03,0.999,0.9782294672887404,628.2612760000002,0.8559070687098369,583.0,51.05833333333333
23,q_learning,0.2,0.99,0.03,0.999,0.9772512378214517,406.80364400000013,0.8260766119438496,731.0,48.55833333333333
24,q_learning,0.2,0.99,0.03,0.999,0.9762739865836302,-251.69332399999996,0.8541996830427893,460.0,75.375
25,q_learning,0.2,0.99,0.03,0.999,0.9752977125970466,292.7853800000001,0.9762150982419855,69.0,84.30833333333334
26,q_learning,0.2,0.99,0.03,0.999,0.9743224148844496,-260.4126759999997,0.9653264478052379,94.0,98.54166666666667
27,q_learning,0.2,0.99,0.03,0.999,0.9733480924695651,-1000.7733239999995,0.9798837729101475,45.0,103.35833333333333
28,q_learning,0.2,0.99,0.03,0.999,0.9723747443770956,135.67564800000025,0.8392377885131508,599.0,70.4
29,q_learning,0.2,0.99,0.03,0.999,0.9714023696327184,71.48050400000021,0.9140332993544003,253.0,83.56666666666666
30,q_learning,0.2,0.99,0.03,0.999,0.9704309672630858,518.8126640000003,0.9109809663250366,304.0,62.95
31,q_learning,0.2,0.99,0.03,0.999,0.9694605362958226,19.375920000000242,0.7903940886699508,851.0,58.166666666666664
32,q_learning,0.2,0.99,0.03,0.999,0.9684910757595268,506.8932680000002,0.9096028452874926,305.0,75.59166666666667
33,q_learning,0.2,0.99,0.03,0.999,0.9675225846837673,23.685860000000226,0.8828692493946732,387.0,78.00833333333334
34,q_learning,0.2,0.99,0.03,0.999,0.9665550620990835,756.7742080000004,0.9608876560332871,141.0,70.95
35,q_learning,0.2,0.99,0.03,0.999,0.9655885070369844,827.0334120000003,0.9127200595090503,352.0,59.108333333333334
36,q_learning,0.2,0.99,0.03,0.999,0.9646229185299474,796.0630720000003,0.8294237633860275,669.0,35.416666666666664
37,q_learning,0.2,0.99,0.03,0.999,0.9636582956114175,726.4508760000004,0.8000847098686997,944.0,36.141666666666666
38,q_learning,0.2,0.99,0.03,0.999,0.9626946373158061,459.6896800000006,0.7363425029058505,1361.0,23.166666666666668
39,q_learning,0.2,0.99,0.03,0.999,0.9617319426784903,-209.13154399999985,0.9467095851216023,149.0,93.78333333333333
40,q_learning,0.2,0.99,0.03,0.999,0.9607702107358118,-32.811727999999746,0.9925019731649566,19.0,92.66666666666667
41,q_learning,0.2,0.99,0.03,0.999,0.959809440525076,137.92631599999999,0.9949376947040498,13.0,91.70833333333333
42,q_learning,0.2,0.99,0.03,0.999,0.9588496310845509,762.3901480000001,0.8004733727810651,843.0,34.475
43,q_learning,0.2,0.99,0.03,0.999,0.9578907814534663,34.39121600000018,0.8795911849249441,377.0,78.0
44,q_learning,0.2,0.99,0.03,0.999,0.9569328906720129,-26.236855999999957,0.9566395663956639,128.0,85.65
45,q_learning,0.2,0.99,0.03,0.999,0.9559759577813408,607.7767080000003,0.8061607813673929,774.0,37.80833333333333
46,q_learning,0.2,0.99,0.03,0.999,0.9550199818235595,-417.99984799999953,0.7270844122216468,1054.0,49.833333333333336
47,q_learning,0.2,0.99,0.03,0.999,0.954064961841736,205.62746400000017,0.8613326472858246,539.0,62.43333333333333
48,q_learning,0.2,0.99,0.03,0.999,0.9531108968798943,46.738564000000096,0.9564825930372148,145.0,87.74166666666666
49,q_learning,0.2,0.99,0.03,0.999,0.9521577859830144,-731.0883279999995,0.970873786407767,66.0,99.38333333333334
50,q_learning,0.2,0.99,0.03,0.999,0.9512056281970314,326.2945440000003,1.0,0.0,83.68333333333334
51,q_learning,0.2,0.99,0.03,0.999,0.9502544225688343,80.63953200000027,0.8908371040723982,386.0,72.275
52,q_learning,0.2,0.99,0.03,0.999,0.9493041681462654,558.5441560000003,0.8348256361922715,701.0,54.65833333333333
53,q_learning,0.2,0.99,0.03,0.999,0.9483548639781192,256.4269520000001,0.9100411783338612,284.0,63.55
54,q_learning,0.2,0.99,0.03,0.999,0.947406509114141,-401.61971199999994,0.9734439834024896,64.0,93.91666666666667
55,q_learning,0.2,0.99,0.03,0.999,0.9464591026050269,309.79916400000036,0.7205360662199448,1418.0,20.408333333333335
56,q_learning,0.2,0.99,0.03,0.999,0.9455126435024219,118.06357600000003,0.9186327888687236,269.0,72.15
57,q_learning,0.2,0.99,0.03,0.999,0.9445671308589194,-409.0815279999997,1.0,0.0,104.06666666666666
58,q_learning,0.2,0.99,0.03,0.999,0.9436225637280605,1015.4745400000002,0.8959537572254336,432.0,50.958333333333336
59,q_learning,0.2,0.99,0.03,0.999,0.9426789411643325,-510.7432079999994,0.7385757364880539,1127.0,50.833333333333336
60,q_learning,0.2,0.99,0.03,0.999,0.9417362622231682,6.627032000000065,0.9764320785597381,72.0,88.66666666666667
61,q_learning,0.2,0.99,0.03,0.999,0.9407945259609449,479.7427360000002,0.881544156530936,448.0,64.41666666666667
62,q_learning,0.2,0.99,0.03,0.999,0.9398537314349841,290.1228120000003,0.8115690168818273,759.0,54.525
63,q_learning,0.2,0.99,0.03,0.999,0.9389138777035491,111.14901600000017,0.8561088592935727,497.0,65.33333333333333
64,q_learning,0.2,0.99,0.03,0.999,0.9379749638258454,211.13515199999995,0.8470188284518828,585.0,60.5
65,q_learning,0.2,0.99,0.03,0.999,0.9370369888620197,-453.1301519999998,1.0,0.0,102.85
66,q_learning,0.2,0.99,0.03,0.999,0.9360999518731576,86.75978800000024,0.8243117847200743,568.0,67.14166666666667
67,q_learning,0.2,0.99,0.03,0.999,0.9351638519212845,-56.3132719999997,0.9768185451638689,58.0,97.4
68,q_learning,0.2,0.99,0.03,0.999,0.9342286880693632,259.35543200000006,0.8511173184357542,533.0,64.98333333333333
69,q_learning,0.2,0.99,0.03,0.999,0.9332944593812939,256.7165440000003,0.9409605383909453,193.0,75.55
70,q_learning,0.2,0.99,0.03,0.999,0.9323611649219126,421.9782,0.7888703626511047,1013.0,42.05
71,q_learning,0.2,0.99,0.03,0.999,0.9314288037569907,-99.95795999999983,0.8968641114982578,296.0,87.43333333333334
72,q_learning,0.2,0.99,0.03,0.999,0.9304973749532336,-565.5388999999999,0.9551665243381725,105.0,93.70833333333333
73,q_learning,0.2,0.99,0.03,0.999,0.9295668775782804,386.49544000000026,0.8807339449541285,403.0,58.0
74,q_learning,0.2,0.99,0.03,0.999,0.9286373107007021,598.7470840000003,0.8857682959762355,423.0,63.65833333333333
75,q_learning,0.2,0.99,0.03,0.999,0.9277086733900014,1116.8217600000003,0.9059505799293999,373.0,56.6
76,q_learning,0.2,0.99,0.03,0.999,0.9267809647166114,566.6401920000002,0.9195046439628483,286.0,73.7
77,q_learning,0.2,0.99,0.03,0.999,0.9258541837518948,382.7413480000005,0.8206341694273545,758.0,42.358333333333334
78,q_learning,0.2,0.99,0.03,0.999,0.9249283295681429,274.0353320000002,0.7464239271781534,1170.0,36.55833333333333
79,q_learning,0.2,0.99,0.03,0.999,0.9240034012385747,303.3564680000003,0.8533026113671275,573.0,62.84166666666667
80,q_learning,0.2,0.99,0.03,0.999,0.9230793978373362,-359.12168,0.6375217139548349,1878.0,11.833333333333334
81,q_learning,0.2,0.99,0.03,0.999,0.9221563184394989,329.9322600000002,0.7373716632443532,1279.0,27.575
82,q_learning,0.2,0.99,0.03,0.999,0.9212341621210594,289.43424800000025,0.8925346177001806,357.0,69.21666666666667
83,q_learning,0.2,0.99,0.03,0.999,0.9203129279589383,-139.45847199999992,1.0,0.0,96.65
84,q_learning,0.2,0.99,0.03,0.999,0.9193926150309794,114.05045200000032,0.8042926378952228,848.0,48.975
85,q_learning,0.2,0.99,0.03,0.999,0.9184732224159483,-58.89038799999978,0.8412929528246942,545.0,63.525
86,q_learning,0.2,0.99,0.03,0.999,0.9175547491935324,137.94020800000018,0.8485971413446268,572.0,59.2
87,q_learning,0.2,0.99,0.03,0.999,0.9166371944443389,1079.7597519999997,0.8480392156862745,682.0,33.15
88,q_learning,0.2,0.99,0.03,0.999,0.9157205572498945,463.08991600000013,0.9527983816587997,140.0,73.075
89,q_learning,0.2,0.99,0.03,0.999,0.9148048366926447,-42.35863999999951,0.9042132982225148,291.0,80.18333333333334
90,q_learning,0.2,0.99,0.03,0.999,0.913890031855952,-109.89413199999987,0.9682735887927483,77.0,82.60833333333333
91,q_learning,0.2,0.99,0.03,0.999,0.912976141824096,16.621972000000127,0.988463123197363,28.0,91.525
92,q_learning,0.2,0.99,0.03,0.999,0.912063165682272,223.01692800000015,0.8650488310150932,456.0,64.88333333333334
93,q_learning,0.2,0.99,0.03,0.999,0.9111511025165897,680.3332159999999,0.8097316168448614,872.0,37.45
94,q_learning,0.2,0.99,0.03,0.999,0.9102399514140731,-380.9877079999998,0.830026455026455,514.0,77.225
95,q_learning,0.2,0.99,0.03,0.999,0.9093297114626591,453.29907600000007,0.8168542015800814,765.0,56.44166666666667
96,q_learning,0.2,0.99,0.03,0.999,0.9084203817511963,71.60924400000025,0.7853225385218072,822.0,52.65833333333333
97,q_learning,0.2,0.99,0.03,0.999,0.9075119613694451,94.99497600000014,0.943222143364088,160.0,85.56666666666666
98,q_learning,0.2,0.99,0.03,0.999,0.9066044494080757,152.6509000000002,0.9650157232704403,89.0,84.60833333333333
99,q_learning,0.2,0.99,0.03,0.999,0.9056978449586677,-13.10833599999987,0.8384081196581197,605.0,61.8
100,q_learning,0.2,0.99,0.03,0.999,0.9047921471137089,-299.07776799999976,0.9937862468931234,15.0,93.75
101,q_learning,0.2,0.99,0.03,0.999,0.9038873549665952,-298.36260799999974,0.9595422966898243,99.0,83.01666666666667
102,q_learning,0.2,0.99,0.03,0.999,0.9029834676116286,30.47532800000018,0.9039530574428659,311.0,77.6
103,q_learning,0.2,0.99,0.03,0.999,0.902080484144017,-477.6662759999998,1.0,0.0,102.475
104,q_learning,0.2,0.99,0.03,0.999,0.901178403659873,112.55589200000014,0.937709809772473,167.0,77.40833333333333
105,q_learning,0.2,0.99,0.03,0.999,0.9002772252562131,661.9889240000005,0.8211343845610732,760.0,43.50833333333333
106,q_learning,0.2,0.99,0.03,0.999,0.8993769480309569,917.9395480000002,0.9174917491749175,325.0,63.791666666666664
107,q_learning,0.2,0.99,0.03,0.999,0.8984775710829259,-113.32629999999979,0.8324199596192674,581.0,63.725
108,q_learning,0.2,0.99,0.03,0.999,0.8975790935118431,-125.7627079999999,0.6636509851226378,1673.0,17.475
109,q_learning,0.2,0.99,0.03,0.999,0.8966815144183312,365.0205560000002,0.7416874010404886,1142.0,29.425
110,q_learning,0.2,0.99,0.03,0.999,0.8957848329039129,-59.44472000000006,0.9980476376415462,5.0,92.45
111,q_learning,0.2,0.99,0.03,0.999,0.894889048071009,-2.97382399999983,0.9102144674663759,247.0,88.61666666666666
112,q_learning,0.2,0.99,0.03,0.999,0.8939941590229379,361.6159400000001,0.9513641755634639,123.0,76.425
113,q_learning,0.2,0.99,0.03,0.999,0.893100164863915,248.9029360000004,1.0,0.0,91.08333333333333
114,q_learning,0.2,0.99,0.03,0.999,0.8922070646990511,-538.2359559999999,0.8486608583414005,469.0,83.525
115,q_learning,0.2,0.99,0.03,0.999,0.891314857634352,525.9611720000004,0.8885103747290183,360.0,64.49166666666666
116,q_learning,0.2,0.99,0.03,0.999,0.8904235427767176,431.26736400000027,0.8815114709851551,439.0,67.175
117,q_learning,0.2,0.99,0.03,0.999,0.889533119233941,172.8341360000002,0.9972189114024632,7.0,90.05
118,q_learning,0.2,0.99,0.03,0.999,0.8886435861147071,156.8285480000001,0.9582817017761256,101.0,85.025
119,q_learning,0.2,0.99,0.03,0.999,0.8877549425285923,-410.4330839999998,0.9267973856209151,168.0,94.04166666666667
120,q_learning,0.2,0.99,0.03,0.999,0.8868671875860638,-539.019908,0.9972362966374942,6.0,107.14166666666667
121,q_learning,0.2,0.99,0.03,0.999,0.8859803203984776,315.9791280000001,0.736420302760463,1184.0,31.1
122,q_learning,0.2,0.99,0.03,0.999,0.8850943400780792,483.9735560000004,0.9915129151291513,23.0,85.175
123,q_learning,0.2,0.99,0.03,0.999,0.8842092457380011,-187.06116799999958,0.8275862068965517,650.0,60.31666666666667
124,q_learning,0.2,0.99,0.03,0.999,0.8833250364922631,535.3913720000002,0.7348440828975402,1369.0,22.858333333333334
125,q_learning,0.2,0.99,0.03,0.999,0.8824417114557709,117.17832400000027,0.9058823529411765,296.0,70.35833333333333
126,q_learning,0.2,0.99,0.03,0.999,0.8815592697443151,690.6571120000003,0.7966877315319242,933.0,40.36666666666667
127,q_learning,0.2,0.99,0.03,0.999,0.8806777104745708,1188.8998680000004,0.8463377526624647,707.0,28.958333333333332
128,q_learning,0.2,0.99,0.03,0.999,0.8797970327640962,-9.372299999999887,0.9540622627182992,121.0,89.15833333333333
129,q_learning,0.2,0.99,0.03,0.999,0.8789172357313321,290.20850800000017,0.7444924406047516,1183.0,36.00833333333333
130,q_learning,0.2,0.99,0.03,0.999,0.8780383184956008,-33.934295999999854,0.945479641131815,158.0,87.96666666666667
131,q_learning,0.2,0.99,0.03,0.999,0.8771602801771051,251.85611200000017,0.8241664291821031,617.0,61.43333333333333
132,q_learning,0.2,0.99,0.03,0.999,0.8762831198969281,473.6746440000007,0.8529862174578867,576.0,54.49166666666667
133,q_learning,0.2,0.99,0.03,0.999,0.8754068367770311,155.7506600000001,0.8279569892473119,656.0,47.30833333333333
134,q_learning,0.2,0.99,0.03,0.999,0.8745314299402541,143.44741200000016,0.8928909952606635,339.0,69.39166666666667
135,q_learning,0.2,0.99,0.03,0.999,0.8736568985103138,423.8824480000002,0.7616249361267245,933.0,25.883333333333333
136,q_learning,0.2,0.99,0.03,0.999,0.8727832416118035,554.3317480000002,0.828757225433526,711.0,48.90833333333333
137,q_learning,0.2,0.99,0.03,0.999,0.8719104583701917,444.83438400000006,0.844612885760693,574.0,52.75
138,q_learning,0.2,0.99,0.03,0.999,0.8710385479118216,-634.4522959999996,1.0,0.0,104.51666666666667
139,q_learning,0.2,0.99,0.03,0.999,0.8701675093639096,350.8321280000004,0.7911791179117912,928.0,42.5
140,q_learning,0.2,0.99,0.03,0.999,0.8692973418545458,649.3791520000002,0.815425023877746,773.0,42.233333333333334
141,q_learning,0.2,0.99,0.03,0.999,0.8684280445126912,-448.5667759999998,0.993581514762516,15.0,98.6
142,q_learning,0.2,0.99,0.03,0.999,0.8675596164681786,534.3106480000002,0.9392300349984092,191.0,72.7
143,q_learning,0.2,0.99,0.03,0.999,0.8666920568517104,931.8364320000002,0.870291843352457,520.0,58.516666666666666
144,q_learning,0.2,0.99,0.03,0.999,0.8658253647948586,433.3283320000002,0.8989527313897537,357.0,66.275
145,q_learning,0.2,0.99,0.03,0.999,0.8649595394300638,344.9731760000002,0.8121761658031088,725.0,45.6
146,q_learning,0.2,0.99,0.03,0.999,0.8640945798906338,527.2958040000001,0.9272669016340916,227.0,73.04166666666667
147,q_learning,0.2,0.99,0.03,0.999,0.8632304853107431,-7.139191999999788,0.9795246800731261,56.0,86.06666666666666
148,q_learning,0.2,0.99,0.03,0.999,0.8623672548254323,146.33099600000006,0.9021372328458943,261.0,83.275
149,q_learning,0.2,0.99,0.03,0.999,0.861504887570607,99.39331200000012,0.9205359925210346,255.0,77.1
150,q_learning,0.2,0.99,0.03,0.999,0.8606433826830363,-270.2305519999998,0.991636798088411,21.0,88.81666666666666
151,q_learning,0.2,0.99,0.03,0.999,0.8597827393003533,495.1369040000002,0.7958011049723757,924.0,43.016666666666666
152,q_learning,0.2,0.99,0.03,0.999,0.8589229565610529,226.7641000000003,0.8896897524287057,352.0,69.40833333333333
153,q_learning,0.2,0.99,0.03,0.999,0.8580640336044919,156.95369200000022,0.8181069958847736,663.0,59.225
154,q_learning,0.2,0.99,0.03,0.999,0.8572059695708873,-321.6899399999998,0.8078518991382062,602.0,72.44166666666666
155,q_learning,0.2,0.99,0.03,0.999,0.8563487636013165,483.8980600000003,0.9292063492063493,223.0,68.95833333333333
156,q_learning,0.2,0.99,0.03,0.999,0.8554924148377152,-460.89306399999987,1.0,0.0,95.21666666666667
157,q_learning,0.2,0.99,0.03,0.999,0.8546369224228775,-354.41301199999964,1.0,0.0,101.225
158,q_learning,0.2,0.99,0.03,0.999,0.8537822855004545,613.543064,0.8746168849261633,450.0,55.15
159,q_learning,0.2,0.99,0.03,0.999,0.8529285032149541,-49.58707999999993,0.8472584856396866,468.0,74.71666666666667
160,q_learning,0.2,0.99,0.03,0.999,0.8520755747117391,-346.5441799999997,0.9804329725228976,47.0,98.49166666666666
161,q_learning,0.2,0.99,0.03,0.999,0.8512234991370274,-635.3672679999997,0.9925925925925926,17.0,96.15833333333333
162,q_learning,0.2,0.99,0.03,0.999,0.8503722756378904,-178.5793759999998,0.9579423010079945,121.0,88.21666666666667
163,q_learning,0.2,0.99,0.03,0.999,0.8495219033622525,386.67856799999987,0.8481865284974093,586.0,50.95
164,q_learning,0.2,0.99,0.03,0.999,0.8486723814588902,349.9114720000003,0.9115820241139935,242.0,68.18333333333334
165,q_learning,0.2,0.99,0.03,0.999,0.8478237090774313,-151.7117079999998,0.992887029288703,17.0,88.35833333333333
166,q_learning,0.2,0.99,0.03,0.999,0.8469758853683539,308.9082000000001,0.9136253041362531,213.0,73.8
167,q_learning,0.2,0.99,0.03,0.999,0.8461289094829856,729.5266960000005,0.9579062957540263,115.0,66.26666666666667
168,q_learning,0.2,0.99,0.03,0.999,0.8452827805735026,108.23273600000014,0.8932624113475177,301.0,77.15
169,q_learning,0.2,0.99,0.03,0.999,0.8444374977929291,58.76368000000036,0.9584487534626038,120.0,90.55
170,q_learning,0.2,0.99,0.03,0.999,0.8435930602951361,510.9789240000002,0.8807857911733046,443.0,60.175
171,q_learning,0.2,0.99,0.03,0.999,0.842749467234841,603.4268720000002,0.9562091503267974,134.0,65.7
172,q_learning,0.2,0.99,0.03,0.999,0.8419067177676062,206.62589600000015,0.69958440530378,1518.0,15.716666666666667
173,q_learning,0.2,0.99,0.03,0.999,0.8410648110498385,29.93952000000021,0.7711286089238845,872.0,40.3
174,q_learning,0.2,0.99,0.03,0.999,0.8402237462387887,344.863392,0.8109506946336148,694.0,42.43333333333333
175,q_learning,0.2,0.99,0.03,0.999,0.8393835224925499,-854.5158800000003,1.0,0.0,109.03333333333333
176,q_learning,0.2,0.99,0.03,0.999,0.8385441389700574,182.73320000000015,1.0,0.0,90.78333333333333
177,q_learning,0.2,0.99,0.03,0.999,0.8377055948310873,-422.21480399999984,0.9309494451294698,168.0,83.175
178,q_learning,0.2,0.99,0.03,0.999,0.8368678892362562,679.9617,0.8631525595539787,540.0,52.141666666666666
179,q_learning,0.2,0.99,0.03,0.999,0.83603102134702,182.8488160000004,0.9839292888710326,40.0,90.16666666666667
180,q_learning,0.2,0.99,0.03,0.999,0.8351949903256729,-473.6789439999997,0.9614733276883997,91.0,97.21666666666667
181,q_learning,0.2,0.99,0.03,0.999,0.8343597953353473,1249.9613079999997,0.9341757272994416,224.0,51.125
182,q_learning,0.2,0.99,0.03,0.999,0.8335254355400119,335.95243199999993,0.7442969722107009,1233.0,25.9
183,q_learning,0.2,0.99,0.03,0.999,0.832691910104472,57.58732000000026,1.0,0.0,103.46666666666667
184,q_learning,0.2,0.99,0.03,0.999,0.8318592181943675,-310.41586,0.9036876355748373,222.0,82.325
185,q_learning,0.2,0.99,0.03,0.999,0.8310273589761731,173.77034800000024,0.9030821917808219,283.0,81.75833333333334
186,q_learning,0.2,0.99,0.03,0.999,0.8301963316171969,197.53956000000022,0.9911861917003305,24.0,87.5
187,q_learning,0.2,0.99,0.03,0.999,0.8293661352855797,737.6859320000001,0.9284667253004983,244.0,57.125
188,q_learning,0.2,0.99,0.03,0.999,0.8285367691502942,341.5501600000002,0.8870757180156658,346.0,71.25
189,q_learning,0.2,0.99,0.03,0.999,0.8277082323811439,523.7219320000005,0.7956415388036469,919.0,33.19166666666667
190,q_learning,0.2,0.99,0.03,0.999,0.8268805241487627,249.66821200000012,0.9831152384972562,40.0,79.175
191,q_learning,0.2,0.99,0.03,0.999,0.826053643624614,-9.835531999999823,0.756117679406104,887.0,44.425
192,q_learning,0.2,0.99,0.03,0.999,0.8252275899809893,673.0215720000003,0.8109479305740988,708.0,42.24166666666667
193,q_learning,0.2,0.99,0.03,0.999,0.8244023623910083,242.34078000000014,0.7341999103541013,1186.0,30.675
194,q_learning,0.2,0.99,0.03,0.999,0.8235779600286173,691.4845800000005,0.9718859820382663,72.0,69.25833333333334
195,q_learning,0.2,0.99,0.03,0.999,0.8227543820685886,5.966132000000222,0.8681702668360864,415.0,74.60833333333333
196,q_learning,0.2,0.99,0.03,0.999,0.8219316276865201,467.1147959999998,0.8807264841420439,440.0,59.325
197,q_learning,0.2,0.99,0.03,0.999,0.8211096960588335,475.4754240000002,0.9493087557603687,143.0,73.81666666666666
198,q_learning,0.2,0.99,0.03,0.999,0.8202885863627748,58.551896000000156,0.9836261980830671,41.0,99.55
199,q_learning,0.2,0.99,0.03,0.999,0.819468297776412,769.0363480000007,0.884204909284952,434.0,53.525
200,q_learning,0.2,0.99,0.03,0.999,0.8186488294786356,252.94741600000012,0.9004784688995215,312.0,78.9
201,q_learning,0.2,0.99,0.03,0.999,0.8178301806491569,126.66986000000011,0.8617541571568308,424.0,60.675
202,q_learning,0.2,0.99,0.03,0.999,0.8170123504685077,347.6911720000001,0.9995993589743589,1.0,91.85833333333333
203,q_learning,0.2,0.99,0.03,0.999,0.8161953381180392,544.6541520000002,0.8697441928844457,443.0,57.68333333333333
204,q_learning,0.2,0.99,0.03,0.999,0.8153791427799212,356.6740880000003,0.9469415343021291,157.0,73.1
205,q_learning,0.2,0.99,0.03,0.999,0.8145637636371413,-121.47554799999983,0.9677536231884057,89.0,93.20833333333333
206,q_learning,0.2,0.99,0.03,0.999,0.8137491998735041,-80.8127840000001,0.9814733127481253,42.0,84.85
207,q_learning,0.2,0.99,0.03,0.999,0.8129354506736306,404.33721600000024,0.8673684210526316,441.0,58.583333333333336
208,q_learning,0.2,0.99,0.03,0.999,0.812122515222957,49.20405600000035,0.9571271528032246,117.0,90.8
209,q_learning,0.2,0.99,0.03,0.999,0.8113103927077341,384.3950920000002,0.9530577088716624,109.0,73.90833333333333
210,q_learning,0.2,0.99,0.03,0.999,0.8104990823150263,462.56339600000035,0.8084210526315789,819.0,43.175
211,q_learning,0.2,0.99,0.03,0.999,0.8096885832327113,669.2176320000003,0.83247909360669,621.0,40.71666666666667
212,q_learning,0.2,0.99,0.03,0.999,0.8088788946494786,102.80776800000018,0.9015384615384615,256.0,76.03333333333333
213,q_learning,0.2,0.99,0.03,0.999,0.8080700157548291,-6.512679999999936,0.910054844606947,246.0,71.8
214,q_learning,0.2,0.99,0.03,0.999,0.8072619457390743,569.0216480000003,0.8804100227790432,420.0,55.416666666666664
215,q_learning,0.2,0.99,0.03,0.999,0.8064546837933352,977.2182920000002,0.9489324870167339,177.0,67.175
216,q_learning,0.2,0.99,0.03,0.999,0.8056482291095418,372.1358720000001,0.9956784788245462,10.0,84.68333333333334
217,q_learning,0.2,0.99,0.03,0.999,0.8048425808804324,409.3952640000002,0.9326424870466321,195.0,73.55
218,q_learning,0.2,0.99,0.03,0.999,0.8040377382995519,742.49524,0.8755513547574039,395.0,48.1
219,q_learning,0.2,0.99,0.03,0.999,0.8032337005612523,890.5425920000005,0.81290037552463,847.0,29.166666666666668
220,q_learning,0.2,0.99,0.03,0.999,0.8024304668606911,1061.8969920000006,0.8273990447242727,795.0,26.433333333333334
221,q_learning,0.2,0.99,0.03,0.999,0.8016280363938304,17.47619200000012,0.7982047872340425,607.0,62.43333333333333
222,q_learning,0.2,0.99,0.03,0.999,0.8008264083574366,418.79016800000005,0.8941219423147134,290.0,63.4
223,q_learning,0.2,0.99,0.03,0.999,0.8000255819490791,65.95177200000022,0.9041146216017634,261.0,75.15833333333333
224,q_learning,0.2,0.99,0.03,0.999,0.79922555636713,-63.17700799999989,0.7355684396269221,1049.0,35.88333333333333
225,q_learning,0.2,0.99,0.03,0.999,0.7984263308107629,676.6315040000003,0.9888157894736842,34.0,86.88333333333334
226,q_learning,0.2,0.99,0.03,0.999,0.7976279044799521,209.17495200000025,0.9396813353566009,159.0,78.93333333333334
227,q_learning,0.2,0.99,0.03,0.999,0.7968302765754722,722.1320840000005,0.8886297376093294,382.0,55.075
228,q_learning,0.2,0.99,0.03,0.999,0.7960334462988967,-136.31354399999992,0.829072105716748,595.0,69.85
229,q_learning,0.2,0.99,0.03,0.999,0.7952374128525979,130.3940320000002,0.7758620689655172,858.0,39.483333333333334
230,q_learning,0.2,0.99,0.03,0.999,0.7944421754397453,834.4555119999999,0.8084350721420643,863.0,28.3
231,q_learning,0.2,0.99,0.03,0.999,0.7936477332643055,1015.2024960000002,0.9338963308095516,227.0,62.916666666666664
232,q_learning,0.2,0.99,0.03,0.999,0.7928540855310412,458.21673600000025,0.9665187575635337,83.0,75.88333333333334
233,q_learning,0.2,0.99,0.03,0.999,0.7920612314455101,656.1445599999997,0.9544226873733963,135.0,60.0
234,q_learning,0.2,0.99,0.03,0.999,0.7912691702140646,503.968568,0.7628865979381443,1104.0,31.033333333333335
235,q_learning,0.2,0.99,0.03,0.999,0.7904779010438505,343.66265600000014,0.7591379674624974,1140.0,24.033333333333335
236,q_learning,0.2,0.99,0.03,0.999,0.7896874231428067,148.08113200000014,1.0,0.0,87.64166666666667
237,q_learning,0.2,0.99,0.03,0.999,0.7888977357196639,-99.87780799999982,0.7980997624703088,595.0,50.36666666666667
238,q_learning,0.2,0.99,0.03,0.999,0.7881088379839443,265.89572000000027,0.9251700680272109,176.0,67.98333333333333
239,q_learning,0.2,0.99,0.03,0.999,0.7873207291459603,844.0818280000002,0.8797364085667215,438.0,53.925
240,q_learning,0.2,0.99,0.03,0.999,0.7865334084168143,799.4859200000002,0.8325471698113207,710.0,37.916666666666664
241,q_learning,0.2,0.99,0.03,0.999,0.7857468750083975,376.197424,0.9568835098335855,114.0,75.5
242,q_learning,0.2,0.99,0.03,0.999,0.7849611281333891,-58.177179999999765,0.9053150299190426,269.0,80.05833333333334
243,q_learning,0.2,0.99,0.03,0.999,0.7841761670052557,217.50296000000046,0.9415441176470588,159.0,74.15
244,q_learning,0.2,0.99,0.03,0.999,0.7833919908382505,503.6421760000001,0.8376340968396637,560.0,50.86666666666667
245,q_learning,0.2,0.99,0.03,0.999,0.7826085988474122,813.4415639999997,0.9013585351447135,334.0,52.041666666666664
246,q_learning,0.2,0.99,0.03,0.999,0.7818259902485648,-237.2827559999997,0.8507138423339541,481.0,71.69166666666666
247,q_learning,0.2,0.99,0.03,0.999,0.7810441642583162,-147.88005599999988,0.945800579230451,131.0,90.6
248,q_learning,0.2,0.99,0.03,0.999,0.780263120094058,300.521512,0.7666345226615237,968.0,33.233333333333334
249,q_learning,0.2,0.99,0.03,0.999,0.7794828569739639,36.14308800000017,0.9618755477651183,87.0,91.11666666666666
250,q_learning,0.2,0.99,0.03,0.999,0.7787033741169899,-130.6633559999999,1.0,0.0,98.775
251,q_learning,0.2,0.99,0.03,0.999,0.7779246707428729,237.87505600000003,0.9257964257964258,191.0,69.21666666666667
252,q_learning,0.2,0.99,0.03,0.999,0.7771467460721301,715.6980480000001,0.9421607857402692,159.0,58.15
253,q_learning,0.2,0.99,0.03,0.999,0.7763695993260579,206.93728400000032,0.7134772584363865,1367.0,22.708333333333332
254,q_learning,0.2,0.99,0.03,0.999,0.7755932297267318,445.0511760000003,0.8199893955461294,679.0,49.56666666666667
255,q_learning,0.2,0.99,0.03,0.999,0.7748176364970051,123.7439640000001,0.7906206896551724,759.0,43.125
256,q_learning,0.2,0.99,0.03,0.999,0.7740428188605081,370.6815680000003,0.876610824742268,383.0,67.73333333333333
257,q_learning,0.2,0.99,0.03,0.999,0.7732687760416476,-277.39959999999974,0.9848422777550184,37.0,94.1
258,q_learning,0.2,0.99,0.03,0.999,0.7724955072656059,386.59682400000014,0.8755173511620503,391.0,50.21666666666667
259,q_learning,0.2,0.99,0.03,0.999,0.7717230117583403,579.5000800000004,0.9092695709138552,277.0,59.083333333333336
260,q_learning,0.2,0.99,0.03,0.999,0.770951288746582,-22.640727999999797,0.7678000581226387,799.0,61.05
261,q_learning,0.2,0.99,0.03,0.999,0.7701803374578354,674.671676,0.8522004578987535,581.0,51.44166666666667
262,q_learning,0.2,0.99,0.03,0.999,0.7694101571203776,372.58806400000043,0.9111198120595145,227.0,62.983333333333334
263,q_learning,0.2,0.99,0.03,0.999,0.7686407469632572,59.68279200000021,0.9434907010014306,158.0,88.28333333333333
264,q_learning,0.2,0.99,0.03,0.999,0.767872106216294,284.63258400000007,0.783609576427256,940.0,42.53333333333333
265,q_learning,0.2,0.99,0.03,0.999,0.7671042341100777,268.0343600000003,0.9238683127572016,222.0,66.83333333333333
266,q_learning,0.2,0.99,0.03,0.999,0.7663371298759676,769.2772400000003,0.9347129116875547,224.0,59.733333333333334
267,q_learning,0.2,0.99,0.03,0.999,0.7655707927460916,148.12994000000018,0.8163764961915125,675.0,54.391666666666666
268,q_learning,0.2,0.99,0.03,0.999,0.7648052219533455,-100.32582799999985,0.8880171184022825,314.0,77.04166666666667
269,q_learning,0.2,0.99,0.03,0.999,0.7640404167313921,-70.3733359999998,0.9981455725544738,4.0,94.11666666666666
270,q_learning,0.2,0.99,0.03,0.999,0.7632763763146607,19.53297600000011,0.9867180805484147,31.0,83.23333333333333
271,q_learning,0.2,0.99,0.03,0.999,0.7625130999383462,806.463168,0.9932743362831858,19.0,81.03333333333333
272,q_learning,0.2,0.99,0.03,0.999,0.7617505868384078,674.5131120000003,0.8467987804878049,603.0,49.733333333333334
273,q_learning,0.2,0.99,0.03,0.999,0.7609888362515693,179.02198400000017,0.9765314240254575,59.0,86.46666666666667
274,q_learning,0.2,0.99,0.03,0.999,0.7602278474153178,140.66308400000017,0.8951907131011608,316.0,73.625
275,q_learning,0.2,0.99,0.03,0.999,0.7594676195679024,775.2341360000005,0.9700199866755497,90.0,79.08333333333333
276,q_learning,0.2,0.99,0.03,0.999,0.7587081519483345,698.4640640000002,0.8519893899204244,558.0,44.93333333333333
277,q_learning,0.2,0.99,0.03,0.999,0.7579494437963862,442.4782360000001,0.82007007007007,719.0,46.125
278,q_learning,0.2,0.99,0.03,0.999,0.7571914943525898,440.607384,0.9246110889509374,189.0,62.56666666666667
279,q_learning,0.2,0.99,0.03,0.999,0.7564343028582372,542.636336,0.8736659936544563,438.0,60.983333333333334
280,q_learning,0.2,0.99,0.03,0.999,0.755677868555379,626.6033240000002,0.9696637426900585,83.0,72.40833333333333
281,q_learning,0.2,0.99,0.03,0.999,0.7549221906868236,584.1547280000001,0.9751299183370453,67.0,74.78333333333333
282,q_learning,0.2,0.99,0.03,0.999,0.7541672684961368,412.04226800000015,0.9215401380312387,216.0,69.99166666666666
283,q_learning,0.2,0.99,0.03,0.999,0.7534131012276407,-311.8592239999997,0.6739027843322322,1382.0,28.0
284,q_learning,0.2,0.99,0.03,0.999,0.752659688126413,440.69693199999995,0.7448653582838887,1118.0,25.291666666666668
285,q_learning,0.2,0.99,0.03,0.999,0.7519070284382866,-323.0819719999997,0.9953151618398637,11.0,102.225
286,q_learning,0.2,0.99,0.03,0.999,0.7511551214098483,-5.85045999999991,0.9958454507685917,10.0,92.225
287,q_learning,0.2,0.99,0.03,0.999,0.7504039662884385,388.9970440000001,0.9486719310839914,143.0,72.64166666666667
288,q_learning,0.2,0.99,0.03,0.999,0.7496535623221501,-65.25780399999994,0.9750613246116108,61.0,96.69166666666666
289,q_learning,0.2,0.99,0.03,0.999,0.7489039087598279,663.0463840000004,0.8762009332967334,451.0,52.516666666666666
290,q_learning,0.2,0.99,0.03,0.999,0.7481550048510681,410.78247600000026,0.9800319488817891,50.0,82.925
291,q_learning,0.2,0.99,0.03,0.999,0.747406849846217,163.63871600000024,1.0,0.0,92.54166666666667
292,q_learning,0.2,0.99,0.03,0.999,0.7466594429963708,686.406748,0.997678916827853,6.0,85.725
293,q_learning,0.2,0.99,0.03,0.999,0.7459127835533744,369.1316800000001,0.9437400950871633,142.0,70.33333333333333
294,q_learning,0.2,0.99,0.03,0.999,0.745166870769821,294.07374000000027,0.8302903322358576,567.0,47.44166666666667
295,q_learning,0.2,0.99,0.03,0.999,0.7444217038990512,647.3767200000003,0.9717665013353681,74.0,69.45
296,q_learning,0.2,0.99,0.03,0.999,0.7436772821951522,35.41362000000048,0.8284118116520351,645.0,55.075
297,q_learning,0.2,0.99,0.03,0.999,0.742933604912957,702.579704000001,0.9922690374951681,20.0,79.81666666666666
298,q_learning,0.2,0.99,0.03,0.999,0.7421906713080441,239.22630800000013,0.9777878513145966,49.0,78.99166666666666
299,q_learning,0.2,0.99,0.03,0.999,0.741448480636736,50.934824000000134,0.9807928075194116,47.0,90.4
300,q_learning,0.2,0.99,0.03,0.999,0.7407070321560992,597.0817840000003,0.9733067729083665,67.0,79.36666666666666
301,q_learning,0.2,0.99,0.03,0.999,0.7399663251239431,464.4729160000002,0.7865882352941177,907.0,35.40833333333333
302,q_learning,0.2,0.99,0.03,0.999,0.7392263587988193,389.2349200000002,0.9666416791604198,89.0,76.26666666666667
303,q_learning,0.2,0.99,0.03,0.999,0.7384871324400204,-8.113187999999866,0.9983838383838384,4.0,87.525
304,q_learning,0.2,0.99,0.03,0.999,0.7377486453075803,191.64267600000002,0.9811872909698997,45.0,84.09166666666667
305,q_learning,0.2,0.99,0.03,0.999,0.7370108966622728,387.2676800000001,1.0,0.0,89.23333333333333
306,q_learning,0.2,0.99,0.03,0.999,0.7362738857656105,644.930116,0.8961732423613171,350.0,59.725
307,q_learning,0.2,0.99,0.03,0.999,0.7355376118798449,369.37930400000045,0.8925262507720816,348.0,65.65
308,q_learning,0.2,0.99,0.03,0.999,0.7348020742679651,361.6143040000001,0.8142182727020272,669.0,56.68333333333333
309,q_learning,0.2,0.99,0.03,0.999,0.734067272193697,-269.6238079999999,0.9932789246279404,14.0,99.5
310,q_learning,0.2,0.99,0.03,0.999,0.7333332049215034,668.2612760000004,0.8311888831703551,656.0,47.775
311,q_learning,0.2,0.99,0.03,0.999,0.7325998717165819,260.12575600000025,1.0,0.0,90.30833333333334
312,q_learning,0.2,0.99,0.03,0.999,0.7318672718448653,402.96129199999996,0.8782791185729276,348.0,53.208333333333336
313,q_learning,0.2,0.99,0.03,0.999,0.7311354045730205,57.69928400000017,0.9908789386401327,22.0,96.14166666666667
314,q_learning,0.2,0.99,0.03,0.999,0.7304042691684475,699.6161920000004,0.8163214374844023,736.0,42.833333333333336
315,q_learning,0.2,0.99,0.03,0.999,0.729673864899279,501.65766800000006,0.9696969696969697,89.0,72.50833333333334
316,q_learning,0.2,0.99,0.03,0.999,0.7289441910343797,271.33814800000016,0.8448385053831539,490.0,56.225
317,q_learning,0.2,0.99,0.03,0.999,0.7282152468433454,198.36674400000012,0.9729835552075177,69.0,78.28333333333333
318,q_learning,0.2,0.99,0.03,0.999,0.727487031596502,524.9929920000002,0.8694277584571609,413.0,67.75
319,q_learning,0.2,0.99,0.03,0.999,0.7267595445649054,-170.81464799999978,0.9382621951219512,162.0,91.41666666666667
320,q_learning,0.2,0.99,0.03,0.999,0.7260327850203405,634.402628,0.7799442896935933,948.0,28.275
321,q_learning,0.2,0.99,0.03,0.999,0.7253067522353203,96.35693200000017,0.8938804386275203,300.0,76.15833333333333
322,q_learning,0.2,0.99,0.03,0.999,0.7245814454830849,635.2677200000003,0.9964144854786662,10.0,80.26666666666667
323,q_learning,0.2,0.99,0.03,0.999,0.7238568640376019,368.70779999999996,0.9637462235649547,96.0,80.9
324,q_learning,0.2,0.99,0.03,0.999,0.7231330071735642,374.22931600000027,0.8553516819571866,473.0,56.958333333333336
325,q_learning,0.2,0.99,0.03,0.999,0.7224098741663907,449.00137200000034,0.8856402664692821,309.0,60.891666666666666
326,q_learning,0.2,0.99,0.03,0.999,0.7216874642922243,462.6646080000002,0.7733300589390962,923.0,29.416666666666668
327,q_learning,0.2,0.99,0.03,0.999,0.7209657768279321,433.75410800000026,0.7683389074693423,1039.0,33.125
328,q_learning,0.2,0.99,0.03,0.999,0.7202448110511042,837.9876600000006,0.9286193029490617,213.0,57.74166666666667
329,q_learning,0.2,0.99,0.03,0.999,0.719524566240053,692.6293920000002,0.8927238805970149,345.0,57.45
330,q_learning,0.2,0.99,0.03,0.999,0.718805041673813,727.9980079999999,0.858548931383577,503.0,43.016666666666666
331,q_learning,0.2,0.99,0.03,0.999,0.7180862366321391,331.09602000000007,0.9554352353186173,107.0,85.34166666666667
332,q_learning,0.2,0.99,0.03,0.999,0.7173681503955069,1000.9314319999994,0.801595418285948,970.0,28.85
333,q_learning,0.2,0.99,0.03,0.999,0.7166507822451115,281.55370800000037,0.9351014040561623,208.0,75.69166666666666
334,q_learning,0.2,0.99,0.03,0.999,0.7159341314628663,536.6601360000001,0.8776263486655309,431.0,61.833333333333336
335,q_learning,0.2,0.99,0.03,0.999,0.7152181973314035,425.37466400000017,0.9874137231019082,31.0,76.98333333333333
336,q_learning,0.2,0.99,0.03,0.999,0.7145029791340721,765.6625800000003,0.9309440559440559,237.0,62.541666666666664
337,q_learning,0.2,0.99,0.03,0.999,0.713788476154938,689.9654080000001,0.9578690807799443,121.0,73.51666666666667
338,q_learning,0.2,0.99,0.03,0.999,0.7130746876787831,461.3485920000003,0.7401847575057737,1350.0,15.6
339,q_learning,0.2,0.99,0.03,0.999,0.7123616129911043,904.3867559999999,0.9330900243309003,220.0,63.94166666666667
340,q_learning,0.2,0.99,0.03,0.999,0.7116492513781132,338.4799480000002,0.9639215686274509,92.0,78.225
341,q_learning,0.2,0.99,0.03,0.999,0.7109376021267351,616.1833079999998,0.9876456053653371,35.0,78.725
342,q_learning,0.2,0.99,0.03,0.999,0.7102266645246084,601.0599160000002,0.9858412907474481,43.0,85.04166666666667
343,q_learning,0.2,0.99,0.03,0.999,0.7095164378600838,629.7031320000003,0.8554467200949837,487.0,49.59166666666667
344,q_learning,0.2,0.99,0.03,0.999,0.7088069214222237,266.4728920000001,0.8929692404268675,341.0,75.04166666666667
345,q_learning,0.2,0.99,0.03,0.999,0.7080981145008014,592.2755120000004,0.8795041798789276,418.0,56.93333333333333
346,q_learning,0.2,0.99,0.03,0.999,0.7073900163863006,494.1629920000003,0.7592814371257485,1005.0,27.183333333333334
347,q_learning,0.2,0.99,0.03,0.999,0.7066826263699143,222.70653600000003,0.9851528384279477,34.0,77.1
348,q_learning,0.2,0.99,0.03,0.999,0.7059759437435444,563.6712520000003,1.0,0.0,87.875
349,q_learning,0.2,0.99,0.03,0.999,0.7052699677998009,108.29395200000008,0.9506390480387836,112.0,85.58333333333333
350,q_learning,0.2,0.99,0.03,0.999,0.704564697832001,321.04053200000004,0.9540901502504173,110.0,77.89166666666667
351,q_learning,0.2,0.99,0.03,0.999,0.7038601331341691,577.727008,0.9792238337906704,53.0,81.18333333333334
352,q_learning,0.2,0.99,0.03,0.999,0.7031562730010349,299.7459520000001,0.8489540885628906,556.0,60.65
353,q_learning,0.2,0.99,0.03,0.999,0.7024531167280339,518.925292,0.8611691022964509,532.0,54.40833333333333
354,q_learning,0.2,0.99,0.03,0.999,0.7017506636113058,738.9936200000002,0.8257519264230674,701.0,37.34166666666667
355,q_learning,0.2,0.99,0.03,0.999,0.7010489129476946,968.6948839999999,0.9542438002095703,131.0,62.108333333333334
356,q_learning,0.2,0.99,0.03,0.999,0.7003478640347468,595.8096559999999,0.9633950120675785,91.0,63.483333333333334
357,q_learning,0.2,0.99,0.03,0.999,0.6996475161707121,419.4667320000001,0.7699715473845481,1051.0,37.50833333333333
358,q_learning,0.2,0.99,0.03,0.999,0.6989478686545414,645.3913520000003,0.8450517378615017,584.0,49.25
359,q_learning,0.2,0.99,0.03,0.999,0.6982489207858869,1116.9464279999997,0.9534743202416919,154.0,50.958333333333336
360,q_learning,0.2,0.99,0.03,0.999,0.6975506718651009,729.2601840000005,0.8994781653391926,366.0,53.3
361,q_learning,0.2,0.99,0.03,0.999,0.6968531211932358,472.7940120000001,0.7330875975715525,1231.0,17.641666666666666
362,q_learning,0.2,0.99,0.03,0.999,0.6961562680720426,300.1165880000002,0.9042663891779397,276.0,71.675
363,q_learning,0.2,0.99,0.03,0.999,0.6954601118039706,620.7782639999998,0.9447377683914114,157.0,73.25
364,q_learning,0.2,0.99,0.03,0.999,0.6947646516921666,592.2131200000005,0.9183061020340113,245.0,66.1
365,q_learning,0.2,0.99,0.03,0.999,0.6940698870404745,664.0348240000003,0.9215946843853821,236.0,66.0
366,q_learning,0.2,0.99,0.03,0.999,0.693375817153434,846.768552,0.9171286839801576,284.0,56.083333333333336
367,q_learning,0.2,0.99,0.03,0.999,0.6926824413362805,362.5963480000001,0.9549480169426261,117.0,80.325
368,q_learning,0.2,0.99,0.03,0.999,0.6919897588949442,646.9188840000004,0.8456618464961068,555.0,47.94166666666667
369,q_learning,0.2,0.99,0.03,0.999,0.6912977691360492,659.5647799999998,0.9788948580199539,55.0,75.40833333333333
370,q_learning,0.2,0.99,0.03,0.999,0.6906064713669132,505.2472920000001,0.8348533399063347,670.0,38.74166666666667
371,q_learning,0.2,0.99,0.03,0.999,0.6899158648955463,601.8479000000002,0.7951745379876797,798.0,31.408333333333335
372,q_learning,0.2,0.99,0.03,0.999,0.6892259490306508,719.1284720000003,0.8609826589595375,481.0,49.7
373,q_learning,0.2,0.99,0.03,0.999,0.6885367230816202,354.55630400000024,0.7317494600431965,1242.0,25.883333333333333
374,q_learning,0.2,0.99,0.03,0.999,0.6878481863585385,442.56496800000014,0.8684444444444445,444.0,54.233333333333334
375,q_learning,0.2,0.99,0.03,0.999,0.6871603381721799,-436.0810119999997,0.985546522131888,32.0,100.54166666666667
376,q_learning,0.2,0.99,0.03,0.999,0.6864731778340077,355.81919999999997,1.0,0.0,81.11666666666666
377,q_learning,0.2,0.99,0.03,0.999,0.6857867046561738,760.6915960000005,0.9944933920704846,15.0,81.125
378,q_learning,0.2,0.99,0.03,0.999,0.6851009179515176,-207.3892399999996,0.6317532601945767,1779.0,13.416666666666666
379,q_learning,0.2,0.99,0.03,0.999,0.6844158170335661,-438.64432399999987,0.9716796875,58.0,95.525
380,q_learning,0.2,0.99,0.03,0.999,0.6837314012165325,614.0287240000002,0.9818611987381703,46.0,78.54166666666667
381,q_learning,0.2,0.99,0.03,0.999,0.683047669815316,430.48499200000003,0.9554738562091504,109.0,62.8
382,q_learning,0.2,0.99,0.03,0.999,0.6823646221455006,569.9801960000002,0.9819054652880355,49.0,78.04166666666667
383,q_learning,0.2,0.99,0.03,0.999,0.6816822575233552,850.734228,0.8273986152324432,698.0,35.708333333333336
384,q_learning,0.2,0.99,0.03,0.999,0.6810005752658318,612.1190720000002,0.9200663349917081,241.0,62.15
385,q_learning,0.2,0.99,0.03,0.999,0.6803195746905659,748.04348,0.8219313410718696,721.0,40.4
386,q_learning,0.2,0.99,0.03,0.999,0.6796392551158754,937.7275440000005,0.8187185654931117,829.0,25.433333333333334
387,q_learning,0.2,0.99,0.03,0.999,0.6789596158607595,247.5173960000001,1.0,0.0,89.85833333333333
388,q_learning,0.2,0.99,0.03,0.999,0.6782806562448987,401.05458,0.9731621936989499,69.0,87.925
389,q_learning,0.2,0.99,0.03,0.999,0.6776023755886539,775.7584080000001,0.8875739644970414,361.0,45.05
390,q_learning,0.2,0.99,0.03,0.999,0.6769247732130652,530.9122680000003,0.895742016280526,333.0,67.00833333333334
391,q_learning,0.2,0.99,0.03,0.999,0.6762478484398522,382.1914160000004,0.8819270398217767,424.0,69.15
392,q_learning,0.2,0.99,0.03,0.999,0.6755716005914123,710.0291920000001,0.9472241261137766,154.0,67.15
393,q_learning,0.2,0.99,0.03,0.999,0.6748960289908209,527.8346520000001,0.8856350184956844,371.0,66.55833333333334
394,q_learning,0.2,0.99,0.03,0.999,0.6742211329618301,874.7337720000002,0.8450985283112996,621.0,41.19166666666667
395,q_learning,0.2,0.99,0.03,0.999,0.6735469118288683,351.95598799999993,0.9873949579831933,27.0,87.175
396,q_learning,0.2,0.99,0.03,0.999,0.6728733649170394,461.2852760000003,0.9266141732283465,233.0,66.05833333333334
397,q_learning,0.2,0.99,0.03,0.999,0.6722004915521224,333.0201520000001,0.9817295980511571,45.0,88.83333333333333
398,q_learning,0.2,0.99,0.03,0.999,0.6715282910605702,286.8746360000001,0.9781335415853183,56.0,85.00833333333334
399,q_learning,0.2,0.99,0.03,0.999,0.6708567627695097,567.4516000000002,0.8689095127610209,452.0,51.766666666666666
400,q_learning,0.2,0.99,0.03,0.999,0.6701859060067401,368.21560800000026,0.8846273776114749,370.0,64.43333333333334
401,q_learning,0.2,0.99,0.03,0.999,0.6695157201007333,543.1067320000001,1.0,0.0,83.40833333333333
402,q_learning,0.2,0.99,0.03,0.999,0.6688462043806327,1306.578284,0.8967980947340566,390.0,39.958333333333336
403,q_learning,0.2,0.99,0.03,0.999,0.668177358176252,470.80632000000014,0.773756712584637,969.0,33.7
404,q_learning,0.2,0.99,0.03,0.999,0.6675091808180758,582.9223680000005,0.9749393694421988,62.0,73.63333333333334
405,q_learning,0.2,0.99,0.03,0.999,0.6668416716372577,450.03962000000024,0.7360248447204969,1190.0,22.458333333333332
406,q_learning,0.2,0.99,0.03,0.999,0.6661748299656204,523.5784560000002,0.8299112801013941,671.0,43.1
407,q_learning,0.2,0.99,0.03,0.999,0.6655086551356548,963.6519640000008,0.8801571709233792,488.0,43.425
408,q_learning,0.2,0.99,0.03,0.999,0.6648431464805191,621.0737600000001,0.8790014684287812,412.0,39.36666666666667
409,q_learning,0.2,0.99,0.03,0.999,0.6641783033340386,158.32223200000013,0.8482376929799009,521.0,67.45
410,q_learning,0.2,0.99,0.03,0.999,0.6635141250307046,897.6356440000005,0.7992972302604382,971.0,28.275
411,q_learning,0.2,0.99,0.03,0.999,0.6628506109056739,-17.751207999999856,0.9724604966139955,61.0,91.11666666666666
412,q_learning,0.2,0.99,0.03,0.999,0.6621877602947682,-29.961023999999927,0.9351214208046393,179.0,75.81666666666666
413,q_learning,0.2,0.99,0.03,0.999,0.6615255725344734,157.47185200000024,0.9741100323624595,64.0,88.125
414,q_learning,0.2,0.99,0.03,0.999,0.660864046961939,196.25537200000025,0.7030696576151122,1509.0,14.808333333333334
415,q_learning,0.2,0.99,0.03,0.999,0.660203182914977,273.1008840000002,0.9885057471264368,29.0,88.44166666666666
416,q_learning,0.2,0.99,0.03,0.999,0.6595429797320621,536.8495720000005,0.8285343709468224,661.0,36.975
417,q_learning,0.2,0.99,0.03,0.999,0.65888343675233,812.427852,0.861887628009964,499.0,42.858333333333334
418,q_learning,0.2,0.99,0.03,0.999,0.6582245533155776,610.7030080000004,0.8622448979591837,540.0,51.95
419,q_learning,0.2,0.99,0.03,0.999,0.6575663287622621,880.5810280000001,0.907979407979408,286.0,48.391666666666666
420,q_learning,0.2,0.99,0.03,0.999,0.6569087624334998,1176.2055560000003,0.860178204249486,612.0,32.80833333333333
421,q_learning,0.2,0.99,0.03,0.999,0.6562518536710663,490.21999200000016,0.924074074074074,205.0,68.05
422,q_learning,0.2,0.99,0.03,0.999,0.6555956018173953,371.27294800000004,0.9866288492706645,33.0,89.45833333333333
423,q_learning,0.2,0.99,0.03,0.999,0.6549400062155779,578.8007880000005,0.8714953271028038,440.0,63.075
424,q_learning,0.2,0.99,0.03,0.999,0.6542850662093623,670.0885160000003,0.9617699115044248,108.0,65.15833333333333
425,q_learning,0.2,0.99,0.03,0.999,0.6536307811431529,773.3420080000003,0.7828652828652829,1067.0,23.15
426,q_learning,0.2,0.99,0.03,0.999,0.6529771503620098,425.11903200000006,0.9668337832626301,86.0,69.28333333333333
427,q_learning,0.2,0.99,0.03,0.999,0.6523241732116477,468.46033200000034,0.9257555847568988,226.0,73.05833333333334
428,q_learning,0.2,0.99,0.03,0.999,0.6516718490384361,580.5045079999998,0.9812706573632024,51.0,70.95833333333333
429,q_learning,0.2,0.99,0.03,0.999,0.6510201771893976,61.64860000000017,0.8755312689738919,410.0,77.36666666666666
430,q_learning,0.2,0.99,0.03,0.999,0.6503691570122083,632.7073920000005,0.7758846657929227,1026.0,29.216666666666665
431,q_learning,0.2,0.99,0.03,0.999,0.6497187878551961,489.3340640000005,0.7509861932938856,1010.0,31.683333333333334
432,q_learning,0.2,0.99,0.03,0.999,0.6490690690673409,622.645928,0.961010025993316,105.0,72.06666666666666
433,q_learning,0.2,0.99,0.03,0.999,0.6484199999982735,1.9712760000001879,0.9686888454011742,64.0,89.15833333333333
434,q_learning,0.2,0.99,0.03,0.999,0.6477715799982753,303.7542640000001,0.9744102359056377,64.0,91.25
435,q_learning,0.2,0.99,0.03,0.999,0.647123808418277,155.24207600000005,0.9779092702169625,56.0,77.55833333333334
436,q_learning,0.2,0.99,0.03,0.999,0.6464766846098587,-88.4824519999999,0.9669573198715007,72.0,97.39166666666667
437,q_learning,0.2,0.99,0.03,0.999,0.6458302079252488,761.1873480000003,0.8065599173553719,749.0,37.69166666666667
438,q_learning,0.2,0.99,0.03,0.999,0.6451843777173236,807.0566919999997,0.8536784741144414,537.0,45.925
439,q_learning,0.2,0.99,0.03,0.999,0.6445391933396063,291.29774800000035,0.843528218992903,463.0,65.55833333333334
440,q_learning,0.2,0.99,0.03,0.999,0.6438946541462667,585.8212440000003,0.8567990373044525,476.0,48.358333333333334
441,q_learning,0.2,0.99,0.03,0.999,0.6432507594921204,672.2653240000005,0.8981481481481481,308.0,68.39166666666667
442,q_learning,0.2,0.99,0.03,0.999,0.6426075087326283,60.34690800000013,1.0,0.0,94.175
443,q_learning,0.2,0.99,0.03,0.999,0.6419649012238956,672.535632,0.9562841530054644,120.0,66.1
444,q_learning,0.2,0.99,0.03,0.999,0.6413229363226718,247.46724400000016,0.8869402985074627,303.0,72.275
445,q_learning,0.2,0.99,0.03,0.999,0.6406816133863491,190.1305400000002,0.7782886334610473,868.0,41.94166666666667
446,q_learning,0.2,0.99,0.03,0.999,0.6400409317729627,756.4911679999999,0.95662100456621,114.0,72.18333333333334
447,q_learning,0.2,0.99,0.03,0.999,0.6394008908411898,374.48011199999985,0.8864791596069129,335.0,66.38333333333334
448,q_learning,0.2,0.99,0.03,0.999,0.6387614899503485,553.679,0.9804088586030665,46.0,72.6
449,q_learning,0.2,0.99,0.03,0.999,0.6381227284603982,806.9287920000003,0.8760416666666667,357.0,48.45
450,q_learning,0.2,0.99,0.03,0.999,0.6374846057319378,669.023036,0.9629959875167187,83.0,77.675
451,q_learning,0.2,0.99,0.03,0.999,0.6368471211262059,485.8663120000001,0.9852197588486971,38.0,87.65
452,q_learning,0.2,0.99,0.03,0.999,0.6362102740050797,859.2716800000004,0.8900795022468027,318.0,55.0
453,q_learning,0.2,0.99,0.03,0.999,0.6355740637310746,538.8456360000002,0.9201964395334561,260.0,63.40833333333333
454,q_learning,0.2,0.99,0.03,0.999,0.6349384896673436,596.8630360000003,0.964542000844238,84.0,81.25833333333334
455,q_learning,0.2,0.99,0.03,0.999,0.6343035511776761,261.95378800000015,1.0,0.0,83.69166666666666
456,q_learning,0.2,0.99,0.03,0.999,0.6336692476264985,604.5486080000005,0.7581759557807461,1050.0,19.4
457,q_learning,0.2,0.99,0.03,0.999,0.633035578378872,360.6695960000001,0.7866877971473851,673.0,38.975
458,q_learning,0.2,0.99,0.03,0.999,0.6324025428004931,803.3251440000006,0.8173308371222252,683.0,34.45
459,q_learning,0.2,0.99,0.03,0.999,0.6317701402576926,315.81613200000027,0.9947780678851175,12.0,88.75833333333334
460,q_learning,0.2,0.99,0.03,0.999,0.6311383701174349,692.3254000000004,0.8303495311167945,597.0,41.06666666666667
461,q_learning,0.2,0.99,0.03,0.999,0.6305072317473175,633.8677359999998,0.8385093167701864,546.0,47.13333333333333
462,q_learning,0.2,0.99,0.03,0.999,0.6298767245155702,60.616296000000204,0.9932688262515776,16.0,90.68333333333334
463,q_learning,0.2,0.99,0.03,0.999,0.6292468477910547,621.1346840000002,0.8724937343358395,407.0,54.15833333333333
464,q_learning,0.2,0.99,0.03,0.999,0.6286176009432636,1029.7404200000005,0.9228553137003841,241.0,56.791666666666664
465,q_learning,0.2,0.99,0.03,0.999,0.6279889833423203,-21.93305199999972,0.6642984014209592,1701.0,12.025
466,q_learning,0.2,0.99,0.03,0.999,0.627360994358978,744.6904959999999,0.8024164889836531,834.0,36.31666666666667
467,q_learning,0.2,0.99,0.03,0.999,0.626733633364619,881.4695079999999,0.823090320975367,711.0,33.19166666666667
468,q_learning,0.2,0.99,0.03,0.999,0.6261068997312543,750.029688,0.9745910198398886,73.0,75.23333333333333
469,q_learning,0.2,0.99,0.03,0.999,0.6254807928315231,432.2539520000001,0.9908045977011494,20.0,90.03333333333333
470,q_learning,0.2,0.99,0.03,0.999,0.6248553120386916,928.2097520000002,0.8582149557759314,529.0,37.733333333333334
471,q_learning,0.2,0.99,0.03,0.999,0.6242304567266529,226.89917600000007,0.7109714838086032,1196.0,21.383333333333333
472,q_learning,0.2,0.99,0.03,0.999,0.6236062262699262,597.7153400000002,0.9958176495190297,10.0,82.425
473,q_learning,0.2,0.99,0.03,0.999,0.6229826200436563,394.0165840000002,1.0,0.0,92.78333333333333
474,q_learning,0.2,0.99,0.03,0.999,0.6223596374236127,595.4218000000002,0.917478882391163,254.0,70.85
475,q_learning,0.2,0.99,0.03,0.999,0.621737277786189,707.2872920000003,0.8105895196506551,694.0,36.74166666666667
476,q_learning,0.2,0.99,0.03,0.999,0.6211155405084029,-66.00939999999996,0.9177592371871275,207.0,82.55
477,q_learning,0.2,0.99,0.03,0.999,0.6204944249678944,801.5434,0.9323308270676691,189.0,54.65
478,q_learning,0.2,0.99,0.03,0.999,0.6198739305429266,599.2257400000001,0.8655737704918033,410.0,47.74166666666667
479,q_learning,0.2,0.99,0.03,0.999,0.6192540566123836,151.35278400000027,0.992596020360944,16.0,91.08333333333333
480,q_learning,0.2,0.99,0.03,0.999,0.6186348025557713,717.7286560000001,0.8077024531785808,729.0,39.016666666666666
481,q_learning,0.2,0.99,0.03,0.999,0.6180161677532154,606.262816,0.8828236639039726,410.0,58.25
482,q_learning,0.2,0.99,0.03,0.999,0.6173981515854623,288.45426800000024,0.8521440823327616,431.0,61.175
483,q_learning,0.2,0.99,0.03,0.999,0.6167807534338768,342.9019240000001,0.9468390804597702,148.0,73.475
484,q_learning,0.2,0.99,0.03,0.999,0.6161639726804429,689.5883799999999,0.9521232306411324,115.0,67.50833333333334
485,q_learning,0.2,0.99,0.03,0.999,0.6155478087077625,1092.547768,0.9295505259802359,221.0,47.61666666666667
486,q_learning,0.2,0.99,0.03,0.999,0.6149322608990547,104.25082400000024,0.9567851373182552,107.0,90.03333333333333
487,q_learning,0.2,0.99,0.03,0.999,0.6143173286381557,211.6529120000003,0.8935055865921788,305.0,75.6
488,q_learning,0.2,0.99,0.03,0.999,0.6137030113095175,193.1277400000003,0.975054704595186,57.0,91.575
489,q_learning,0.2,0.99,0.03,0.999,0.613089308298208,424.81639200000023,0.8336129753914989,595.0,53.2
490,q_learning,0.2,0.99,0.03,0.999,0.6124762189899098,569.9008040000001,0.9626893239748799,101.0,73.95833333333333
491,q_learning,0.2,0.99,0.03,0.999,0.6118637427709198,340.2203920000002,1.0,0.0,83.78333333333333
492,q_learning,0.2,0.99,0.03,0.999,0.6112518790281489,273.28212400000024,0.8865912762520194,351.0,70.025
493,q_learning,0.2,0.99,0.03,0.999,0.6106406271491208,-104.98694399999985,1.0,0.0,102.91666666666667
494,q_learning,0.2,0.99,0.03,0.999,0.6100299865219717,1148.4231880000004,0.9212598425196851,290.0,49.575
495,q_learning,0.2,0.99,0.03,0.999,0.6094199565354497,445.29761600000006,1.0,0.0,92.51666666666667
496,q_learning,0.2,0.99,0.03,0.999,0.6088105365789143,538.9871840000001,0.9930178432893716,18.0,70.5
497,q_learning,0.2,0.99,0.03,0.999,0.6082017260423354,661.9641120000001,0.8970588235294118,287.0,60.61666666666667
498,q_learning,0.2,0.99,0.03,0.999,0.607593524316293,691.6228000000006,0.9770784770784771,59.0,66.9
499,q_learning,0.2,0.99,0.03,0.999,0.6069859307919767,131.41484400000016,1.0,0.0,95.625
500,q_learning,0.2,0.99,0.03,0.999,0.6063789448611847,754.6729680000005,0.8647887323943662,528.0,45.78333333333333
501,q_learning,0.2,0.99,0.03,0.999,0.6057725659163236,438.8035360000001,0.7727043390514632,901.0,38.5
502,q_learning,0.2,0.99,0.03,0.999,0.6051667933504072,1086.22076,0.971830985915493,80.0,64.38333333333334
503,q_learning,0.2,0.99,0.03,0.999,0.6045616265570568,630.1937880000007,0.9425992779783393,159.0,66.975
504,q_learning,0.2,0.99,0.03,0.999,0.6039570649304997,521.453848,0.9778645833333334,51.0,76.81666666666666
505,q_learning,0.2,0.99,0.03,0.999,0.6033531078655693,823.6725120000006,0.7951996410946612,913.0,28.05
506,q_learning,0.2,0.99,0.03,0.999,0.6027497547577036,532.8729280000002,0.848377581120944,514.0,55.0
507,q_learning,0.2,0.99,0.03,0.999,0.6021470050029459,541.7344520000001,0.8843427835051546,359.0,63.74166666666667
508,q_learning,0.2,0.99,0.03,0.999,0.601544857997943,552.8763280000004,0.8909892879647133,346.0,58.483333333333334
509,q_learning,0.2,0.99,0.03,0.999,0.6009433131399451,790.0009760000002,0.8479702838949323,573.0,47.78333333333333
510,q_learning,0.2,0.99,0.03,0.999,0.6003423698268051,1037.7075040000004,0.8648221343873518,513.0,33.15
511,q_learning,0.2,0.99,0.03,0.999,0.5997420274569784,466.65782000000024,0.8370654095462581,553.0,60.608333333333334
512,q_learning,0.2,0.99,0.03,0.999,0.5991422854295214,1097.5411439999996,0.9276454627675611,240.0,57.68333333333333
513,q_learning,0.2,0.99,0.03,0.999,0.5985431431440918,208.3439800000001,0.948073701842546,124.0,82.55833333333334
514,q_learning,0.2,0.99,0.03,0.999,0.5979446000009477,410.492672,0.892059126847714,314.0,66.83333333333333
515,q_learning,0.2,0.99,0.03,0.999,0.5973466554009468,464.1897000000001,0.9296222664015904,177.0,70.89166666666667
516,q_learning,0.2,0.99,0.03,0.999,0.5967493087455459,247.97213200000036,0.792921906990348,708.0,50.75833333333333
517,q_learning,0.2,0.99,0.03,0.999,0.5961525594368003,283.9407040000001,0.8541334184487711,457.0,67.83333333333333
518,q_learning,0.2,0.99,0.03,0.999,0.5955564068773636,911.0907800000002,0.9401595744680851,180.0,61.25833333333333
519,q_learning,0.2,0.99,0.03,0.999,0.5949608504704862,433.62062000000014,0.9942756494936151,13.0,80.025
520,q_learning,0.2,0.99,0.03,0.999,0.5943658896200157,374.0062600000002,0.8027270089933275,680.0,49.825
521,q_learning,0.2,0.99,0.03,0.999,0.5937715237303957,862.4365599999999,0.9311910583304226,197.0,62.25
522,q_learning,0.2,0.99,0.03,0.999,0.5931777522066652,1290.1371560000002,0.906803594351733,363.0,36.025
523,q_learning,0.2,0.99,0.03,0.999,0.5925845744544586,71.4139200000001,1.0,0.0,92.61666666666666
524,q_learning,0.2,0.99,0.03,0.999,0.5919919898800041,904.1131519999999,0.9069695084007467,299.0,46.88333333333333
525,q_learning,0.2,0.99,0.03,0.999,0.5913999978901241,892.0683199999999,0.8839809896561365,415.0,43.78333333333333
526,q_learning,0.2,0.99,0.03,0.999,0.5908085978922339,502.82098000000025,0.9745098039215686,65.0,76.65833333333333
527,q_learning,0.2,0.99,0.03,0.999,0.5902177892943418,688.3081000000005,0.9784299858557284,61.0,70.85833333333333
528,q_learning,0.2,0.99,0.03,0.999,0.5896275715050474,1122.3374480000004,0.9576453697056713,118.0,65.4
529,q_learning,0.2,0.99,0.03,0.999,0.5890379439335424,971.7604040000006,0.908385985066054,319.0,52.825
530,q_learning,0.2,0.99,0.03,0.999,0.5884489059896089,650.7870400000002,0.7702612190221031,1029.0,24.216666666666665
531,q_learning,0.2,0.99,0.03,0.999,0.5878604570836192,60.685616000000095,0.9403239556692242,140.0,78.53333333333333
532,q_learning,0.2,0.99,0.03,0.999,0.5872725966265356,885.3891200000005,0.9059035061432424,314.0,53.2
533,q_learning,0.2,0.99,0.03,0.999,0.586685324029909,881.2448560000001,0.9323943661971831,216.0,59.75
534,q_learning,0.2,0.99,0.03,0.999,0.5860986387058792,356.2627160000002,0.8779421654337592,363.0,60.141666666666666
535,q_learning,0.2,0.99,0.03,0.999,0.5855125400671732,721.466004,0.9094304388422035,291.0,70.60833333333333
536,q_learning,0.2,0.99,0.03,0.999,0.5849270275271061,279.6345080000001,0.9557913351016799,100.0,85.075
537,q_learning,0.2,0.99,0.03,0.999,0.584342100499579,706.5304920000003,0.807427447122479,783.0,35.708333333333336
538,q_learning,0.2,0.99,0.03,0.999,0.5837577583990794,917.5379,0.9167208848405985,256.0,52.375
539,q_learning,0.2,0.99,0.03,0.999,0.5831740006406804,793.45466,0.946865037194474,150.0,60.50833333333333
540,q_learning,0.2,0.99,0.03,0.999,0.5825908266400397,787.8827800000004,0.9034299034299035,290.0,56.99166666666667
541,q_learning,0.2,0.99,0.03,0.999,0.5820082358133996,872.2065200000003,0.8672423097679439,492.0,44.7
542,q_learning,0.2,0.99,0.03,0.999,0.5814262275775862,547.193364,0.9501478664976764,118.0,69.94166666666666
543,q_learning,0.2,0.99,0.03,0.999,0.5808448013500086,-71.56026399999985,0.8848768054375531,271.0,75.4
544,q_learning,0.2,0.99,0.03,0.999,0.5802639565486586,821.7475440000002,0.9646719538572458,98.0,73.0
545,q_learning,0.2,0.99,0.03,0.999,0.57968369259211,792.8799880000004,0.8740114535042269,462.0,46.141666666666666
546,q_learning,0.2,0.99,0.03,0.999,0.5791040088995179,426.8059760000002,0.963593193510091,92.0,66.96666666666667
547,q_learning,0.2,0.99,0.03,0.999,0.5785249048906184,928.8187200000002,0.8919779901534897,373.0,51.11666666666667
548,q_learning,0.2,0.99,0.03,0.999,0.5779463799857277,890.9875199999999,0.9847238542890717,39.0,67.0
549,q_learning,0.2,0.99,0.03,0.999,0.577368433605742,500.3985440000001,0.9985775248933144,3.0,93.13333333333334
550,q_learning,0.2,0.99,0.03,0.999,0.5767910651721362,633.9233360000003,0.9797324685853263,50.0,76.5
551,q_learning,0.2,0.99,0.03,0.999,0.5762142741069641,362.43126400000006,0.967032967032967,81.0,80.96666666666667
552,q_learning,0.2,0.99,0.03,0.999,0.5756380598328571,1261.9413400000005,0.9130187606594656,306.0,46.541666666666664
553,q_learning,0.2,0.99,0.03,0.999,0.5750624217730242,394.150364,0.9052631578947369,252.0,69.60833333333333
554,q_learning,0.2,0.99,0.03,0.999,0.5744873593512513,143.0375640000002,1.0,0.0,95.65833333333333
555,q_learning,0.2,0.99,0.03,0.999,0.5739128719919,-122.26879199999966,0.7465982028241335,987.0,40.46666666666667
556,q_learning,0.2,0.99,0.03,0.999,0.5733389591199081,377.84082400000017,0.9466135458167331,134.0,66.01666666666667
557,q_learning,0.2,0.99,0.03,0.999,0.5727656201607881,261.5068640000003,0.8481569157930334,449.0,65.1
558,q_learning,0.2,0.99,0.03,0.999,0.5721928545406274,983.3491800000007,0.8614210217263653,472.0,36.25833333333333
559,q_learning,0.2,0.99,0.03,0.999,0.5716206616860868,795.8564480000002,0.9553303303303303,119.0,61.88333333333333
560,q_learning,0.2,0.99,0.03,0.999,0.5710490410244007,839.6598720000002,0.9455493968046952,167.0,61.05
561,q_learning,0.2,0.99,0.03,0.999,0.5704779919833762,478.0635840000002,0.8661048689138576,429.0,59.166666666666664
562,q_learning,0.2,0.99,0.03,0.999,0.5699075139913929,1094.749556,0.9361914257228315,192.0,55.925
563,q_learning,0.2,0.99,0.03,0.999,0.5693376064774015,666.5406240000001,0.9197485207100592,217.0,51.78333333333333
564,q_learning,0.2,0.99,0.03,0.999,0.5687682688709241,800.4020320000001,0.9333090379008746,183.0,58.233333333333334
565,q_learning,0.2,0.99,0.03,0.999,0.5681995006020532,686.070796,0.9924845269672856,17.0,71.55833333333334
566,q_learning,0.2,0.99,0.03,0.999,0.5676313011014511,486.04709200000013,0.7923865300146413,709.0,53.44166666666667
567,q_learning,0.2,0.99,0.03,0.999,0.5670636698003497,770.86454,0.9643950995405819,93.0,65.14166666666667
568,q_learning,0.2,0.99,0.03,0.999,0.5664966061305493,349.5713080000003,0.8000586338317209,682.0,48.791666666666664
569,q_learning,0.2,0.99,0.03,0.999,0.5659301095244188,535.4106560000002,0.8125730994152047,641.0,43.93333333333333
570,q_learning,0.2,0.99,0.03,0.999,0.5653641794148944,772.0865440000001,0.9025677101653183,277.0,55.416666666666664
571,q_learning,0.2,0.99,0.03,0.999,0.5647988152354795,560.0664520000004,0.7748970196268475,929.0,30.975
572,q_learning,0.2,0.99,0.03,0.999,0.564234016420244,447.69415999999995,0.801219512195122,652.0,44.333333333333336
573,q_learning,0.2,0.99,0.03,0.999,0.5636697824038237,113.12896400000017,0.9834791059280855,34.0,92.00833333333334
574,q_learning,0.2,0.99,0.03,0.999,0.56310611262142,804.9507200000003,0.964952380952381,92.0,65.45
575,q_learning,0.2,0.99,0.03,0.999,0.5625430065087985,260.7777040000001,0.7961515333734215,678.0,56.166666666666664
576,q_learning,0.2,0.99,0.03,0.999,0.5619804635022897,951.8197880000004,0.8319006685768864,704.0,34.275
577,q_learning,0.2,0.99,0.03,0.999,0.5614184830387874,632.4147080000002,0.9775613886536834,53.0,80.44166666666666
578,q_learning,0.2,0.99,0.03,0.999,0.5608570645557486,980.1776279999999,0.9491932715413662,148.0,55.475
579,q_learning,0.2,0.99,0.03,0.999,0.5602962074911929,855.7617679999998,0.964891975308642,91.0,65.98333333333333
580,q_learning,0.2,0.99,0.03,0.999,0.5597359112837017,625.8743240000001,0.9546589018302829,109.0,76.59166666666667
581,q_learning,0.2,0.99,0.03,0.999,0.5591761753724179,317.24564000000004,1.0,0.0,94.21666666666667
582,q_learning,0.2,0.99,0.03,0.999,0.5586169991970455,718.0955240000001,0.8276667531793408,664.0,44.141666666666666
583,q_learning,0.2,0.99,0.03,0.999,0.5580583821978485,273.81652800000006,0.9788117989198172,51.0,82.93333333333334
584,q_learning,0.2,0.99,0.03,0.999,0.5575003238156506,187.46870000000015,0.9377880184331797,162.0,69.125
585,q_learning,0.2,0.99,0.03,0.999,0.556942823491835,865.875984,0.8973615540736445,354.0,52.95
586,q_learning,0.2,0.99,0.03,0.999,0.5563858806683432,783.6170480000001,0.9244627054361567,239.0,69.96666666666667
587,q_learning,0.2,0.99,0.03,0.999,0.5558294947876748,777.2731040000009,0.9304647160068846,202.0,61.233333333333334
588,q_learning,0.2,0.99,0.03,0.999,0.5552736652928871,704.6057440000001,0.9095477386934674,252.0,62.71666666666667
589,q_learning,0.2,0.99,0.03,0.999,0.5547183916275943,574.2588680000003,0.8961878829135467,305.0,55.00833333333333
590,q_learning,0.2,0.99,0.03,0.999,0.5541636732359667,769.7135200000005,0.8721966205837174,416.0,50.36666666666667
591,q_learning,0.2,0.99,0.03,0.999,0.5536095095627307,593.7067880000002,0.9525449674703406,124.0,75.80833333333334
592,q_learning,0.2,0.99,0.03,0.999,0.553055900053168,505.2309160000002,0.9136884693189481,256.0,71.425
593,q_learning,0.2,0.99,0.03,0.999,0.5525028441531148,603.2194760000007,0.8768051871500148,418.0,52.49166666666667
594,q_learning,0.2,0.99,0.03,0.999,0.5519503413089617,730.7277520000004,0.9026192075218268,290.0,64.13333333333334
595,q_learning,0.2,0.99,0.03,0.999,0.5513983909676528,903.8162160000002,0.8831812255541069,448.0,47.93333333333333
596,q_learning,0.2,0.99,0.03,0.999,0.5508469925766851,582.2442759999998,0.9065155807365439,264.0,74.20833333333333
597,q_learning,0.2,0.99,0.03,0.999,0.5502961455841084,473.0826080000004,0.9658594680428741,86.0,68.6
598,q_learning,0.2,0.99,0.03,0.999,0.5497458494385243,772.736512,0.9566184649610678,117.0,66.31666666666666
599,q_learning,0.2,0.99,0.03,0.999,0.5491961035890858,311.9300960000002,0.9908521906596052,19.0,79.35
600,q_learning,0.2,0.99,0.03,0.999,0.5486469074854967,752.171976,0.9953095684803002,10.0,79.13333333333334
601,q_learning,0.2,0.99,0.03,0.999,0.5480982605780111,438.2316520000003,0.7925278219395866,783.0,48.44166666666667
602,q_learning,0.2,0.99,0.03,0.999,0.5475501623174331,627.8164079999999,0.9775824175824176,51.0,66.38333333333334
603,q_learning,0.2,0.99,0.03,0.999,0.5470026121551157,732.4716999999999,0.9347065682083171,168.0,65.575
604,q_learning,0.2,0.99,0.03,0.999,0.5464556095429606,716.2396520000003,0.927120283779426,226.0,61.24166666666667
605,q_learning,0.2,0.99,0.03,0.999,0.5459091539334177,697.4360320000002,0.9618348623853211,104.0,79.4
606,q_learning,0.2,0.99,0.03,0.999,0.5453632447794843,604.9982680000007,0.9210919970082274,211.0,61.15833333333333
607,q_learning,0.2,0.99,0.03,0.999,0.5448178815347048,1044.8429760000006,0.9957561728395061,11.0,68.26666666666667
608,q_learning,0.2,0.99,0.03,0.999,0.5442730636531701,274.28718800000007,0.9902676399026764,24.0,87.30833333333334
609,q_learning,0.2,0.99,0.03,0.999,0.5437287905895168,897.0097360000002,0.8300932090545938,638.0,28.933333333333334
610,q_learning,0.2,0.99,0.03,0.999,0.5431850617989273,882.0671320000001,0.8228160790478329,789.0,33.44166666666667
611,q_learning,0.2,0.99,0.03,0.999,0.5426418767371284,579.668844,0.9934754240974336,15.0,83.24166666666666
612,q_learning,0.2,0.99,0.03,0.999,0.5420992348603914,502.4450120000001,0.8339779827432312,558.0,47.575
613,q_learning,0.2,0.99,0.03,0.999,0.5415571356255309,462.7211400000002,0.984829848298483,37.0,76.35833333333333
614,q_learning,0.2,0.99,0.03,0.999,0.5410155784899053,819.5324440000003,0.9043652115961346,287.0,64.50833333333334
615,q_learning,0.2,0.99,0.03,0.999,0.5404745629114155,301.02054000000027,0.9587978671837131,85.0,87.24166666666666
616,q_learning,0.2,0.99,0.03,0.999,0.5399340883485041,998.2665039999998,0.897467195605737,336.0,50.36666666666667
617,q_learning,0.2,0.99,0.03,0.999,0.5393941542601556,392.95954800000015,0.9657142857142857,84.0,75.65833333333333
618,q_learning,0.2,0.99,0.03,0.999,0.5388547601058954,866.5223520000003,0.8703432091522441,442.0,41.733333333333334
619,q_learning,0.2,0.99,0.03,0.999,0.5383159053457895,681.140568,1.0,0.0,78.85
620,q_learning,0.2,0.99,0.03,0.999,0.5377775894404437,625.8730600000004,0.8847543352601156,319.0,59.475
621,q_learning,0.2,0.99,0.03,0.999,0.5372398118510032,280.6605680000002,0.9107461620849696,250.0,78.66666666666667
622,q_learning,0.2,0.99,0.03,0.999,0.5367025720391523,419.5872520000004,0.9210914454277286,214.0,70.49166666666666
623,q_learning,0.2,0.99,0.03,0.999,0.5361658694671131,911.2127479999999,0.9392523364485982,156.0,61.59166666666667
624,q_learning,0.2,0.99,0.03,0.999,0.535629703597646,779.2385000000008,0.9729073999191266,67.0,70.29166666666667
625,q_learning,0.2,0.99,0.03,0.999,0.5350940738940484,864.9749960000001,0.9256420084323496,194.0,46.80833333333333
626,q_learning,0.2,0.99,0.03,0.999,0.5345589798201543,390.54715199999987,0.855323664662186,409.0,67.03333333333333
627,q_learning,0.2,0.99,0.03,0.999,0.5340244208403342,594.912916,0.9072847682119205,252.0,55.90833333333333
628,q_learning,0.2,0.99,0.03,0.999,0.5334903964194938,935.3933080000003,0.8671122994652406,497.0,47.65833333333333
629,q_learning,0.2,0.99,0.03,0.999,0.5329569060230743,507.60459200000025,0.830902885510394,545.0,61.55
630,q_learning,0.2,0.99,0.03,0.999,0.5324239491170513,679.233152,0.9822773593265397,40.0,69.43333333333334
631,q_learning,0.2,0.99,0.03,0.999,0.5318915251679341,912.53292,0.8817802503477051,425.0,48.75
632,q_learning,0.2,0.99,0.03,0.999,0.5313596336427663,925.6098279999997,0.9253787878787879,197.0,63.84166666666667
633,q_learning,0.2,0.99,0.03,0.999,0.5308282740091235,626.5681400000005,0.9954812471757795,10.0,78.925
634,q_learning,0.2,0.99,0.03,0.999,0.5302974457351144,898.3376079999998,0.9797297297297297,51.0,67.4
635,q_learning,0.2,0.99,0.03,0.999,0.5297671482893792,241.7838880000001,0.971285323609845,63.0,83.11666666666666
636,q_learning,0.2,0.99,0.03,0.999,0.5292373811410899,513.9578120000003,0.7928159076330982,646.0,51.24166666666667
637,q_learning,0.2,0.99,0.03,0.999,0.5287081437599488,369.7594960000003,0.886381025248661,297.0,65.88333333333334
638,q_learning,0.2,0.99,0.03,0.999,0.5281794356161889,1016.6408680000006,0.8724366706875754,423.0,37.65833333333333
639,q_learning,0.2,0.99,0.03,0.999,0.5276512561805726,692.5112079999999,0.9961582789089513,10.0,73.41666666666667
640,q_learning,0.2,0.99,0.03,0.999,0.527123604924392,619.6016520000003,0.8837142030662424,402.0,54.00833333333333
641,q_learning,0.2,0.99,0.03,0.999,0.5265964813194677,561.1862040000003,1.0,0.0,85.60833333333333
642,q_learning,0.2,0.99,0.03,0.999,0.5260698848381482,845.2289720000005,0.9718369062631358,67.0,58.425
643,q_learning,0.2,0.99,0.03,0.999,0.52554381495331,538.5382720000001,1.0,0.0,83.36666666666666
644,q_learning,0.2,0.99,0.03,0.999,0.5250182711383568,407.1965680000001,1.0,0.0,94.68333333333334
645,q_learning,0.2,0.99,0.03,0.999,0.5244932528672184,806.1463960000003,0.815018315018315,707.0,31.041666666666668
646,q_learning,0.2,0.99,0.03,0.999,0.5239687596143512,393.0192520000002,0.8822755672476159,358.0,66.40833333333333
647,q_learning,0.2,0.99,0.03,0.999,0.5234447908547368,432.7522280000002,0.9475409836065574,128.0,62.858333333333334
648,q_learning,0.2,0.99,0.03,0.999,0.5229213460638821,844.0924319999998,0.9238765928906774,227.0,60.983333333333334
649,q_learning,0.2,0.99,0.03,0.999,0.5223984247178182,1202.15284,0.9450770261219023,164.0,44.06666666666667
650,q_learning,0.2,0.99,0.03,0.999,0.5218760262931004,725.4412640000002,0.8559975331483195,467.0,52.93333333333333
651,q_learning,0.2,0.99,0.03,0.999,0.5213541502668073,1112.5597880000005,0.9427083333333334,187.0,55.391666666666666
652,q_learning,0.2,0.99,0.03,0.999,0.5208327961165404,527.3974080000003,0.9916666666666667,19.0,88.83333333333333
653,q_learning,0.2,0.99,0.03,0.999,0.520311963320424,739.6543640000006,0.973159509202454,70.0,70.85833333333333
654,q_learning,0.2,0.99,0.03,0.999,0.5197916513571035,831.6069839999999,0.9628180039138943,95.0,69.6
655,q_learning,0.2,0.99,0.03,0.999,0.5192718597057464,603.4608400000005,0.9241379310344827,198.0,69.36666666666666
656,q_learning,0.2,0.99,0.03,0.999,0.5187525878460406,660.5314920000001,0.9780320366132723,48.0,73.975
657,q_learning,0.2,0.99,0.03,0.999,0.5182338352581947,916.9648599999997,0.8417122946739671,636.0,36.65833333333333
658,q_learning,0.2,0.99,0.03,0.999,0.5177156014229364,241.72100800000018,0.8412314078173643,459.0,70.61666666666666
659,q_learning,0.2,0.99,0.03,0.999,0.5171978858215135,912.10022,0.8836609732516919,361.0,54.791666666666664
660,q_learning,0.2,0.99,0.03,0.999,0.516680687935692,582.3892480000002,0.91894852135816,222.0,60.7
661,q_learning,0.2,0.99,0.03,0.999,0.5161640072477562,570.243424,0.9726378794356563,64.0,89.31666666666666
662,q_learning,0.2,0.99,0.03,0.999,0.5156478432405085,950.3570040000001,0.8548256285482563,537.0,37.775
663,q_learning,0.2,0.99,0.03,0.999,0.5151321953972681,360.60615200000024,0.9689199689199689,80.0,80.28333333333333
664,q_learning,0.2,0.99,0.03,0.999,0.5146170632018707,541.8342480000002,0.99860853432282,3.0,90.06666666666666
665,q_learning,0.2,0.99,0.03,0.999,0.5141024461386688,304.51557200000025,0.965034965034965,90.0,80.625
666,q_learning,0.2,0.99,0.03,0.999,0.5135883436925303,579.9280999999995,0.9995395948434622,1.0,83.375
667,q_learning,0.2,0.99,0.03,0.999,0.5130747553488376,1001.4663480000003,0.9560975609756097,117.0,63.15833333333333
668,q_learning,0.2,0.99,0.03,0.999,0.5125616805934888,600.902284,0.9605110336817654,102.0,79.19166666666666
669,q_learning,0.2,0.99,0.03,0.999,0.5120491189128954,778.0214080000004,0.9392727272727273,167.0,60.53333333333333
670,q_learning,0.2,0.99,0.03,0.999,0.5115370697939825,758.0479840000003,0.8762990278243379,369.0,54.85
671,q_learning,0.2,0.99,0.03,0.999,0.5110255327241885,937.202304,0.8344155844155844,663.0,32.15
672,q_learning,0.2,0.99,0.03,0.999,0.5105145071914643,219.5357360000001,0.887710314557425,307.0,75.31666666666666
673,q_learning,0.2,0.99,0.03,0.999,0.5100039926842728,774.4911400000001,0.803429741489634,768.0,22.625
674,q_learning,0.2,0.99,0.03,0.999,0.5094939886915886,387.9766840000001,0.975,54.0,84.325
675,q_learning,0.2,0.99,0.03,0.999,0.508984494702897,1056.3477040000002,0.948507707445064,157.0,51.13333333333333
676,q_learning,0.2,0.99,0.03,0.999,0.508475510208194,965.921256,0.9298780487804879,207.0,56.75
677,q_learning,0.2,0.99,0.03,0.999,0.5079670346979859,1272.5679120000004,0.8990346986694495,387.0,42.5
678,q_learning,0.2,0.99,0.03,0.999,0.5074590676632879,718.2618240000002,0.8498831775700935,514.0,43.03333333333333
679,q_learning,0.2,0.99,0.03,0.999,0.5069516085956246,592.4851280000004,0.9352242238405519,169.0,65.43333333333334
680,q_learning,0.2,0.99,0.03,0.999,0.506444656987029,652.86122,0.8337852494577006,613.0,47.608333333333334
681,q_learning,0.2,0.99,0.03,0.999,0.5059382123300419,634.5569720000003,0.8856243441762854,327.0,60.84166666666667
682,q_learning,0.2,0.99,0.03,0.999,0.5054322741177119,429.23172400000027,0.9935649935649936,15.0,89.35833333333333
683,q_learning,0.2,0.99,0.03,0.999,0.5049268418435942,423.47970800000036,0.9661670235546038,79.0,73.25833333333334
684,q_learning,0.2,0.99,0.03,0.999,0.5044219150017506,920.4478800000003,0.9144493095318289,254.0,60.28333333333333
685,q_learning,0.2,0.99,0.03,0.999,0.5039174930867488,760.4635000000005,0.8476858345021038,543.0,46.641666666666666
686,q_learning,0.2,0.99,0.03,0.999,0.5034135755936621,875.0813999999998,0.9441137566137566,169.0,58.7
687,q_learning,0.2,0.99,0.03,0.999,0.5029101620180684,176.4307960000002,0.9689229459344402,73.0,88.05833333333334
688,q_learning,0.2,0.99,0.03,0.999,0.5024072518560504,967.7468000000001,0.894137734775185,372.0,49.916666666666664
689,q_learning,0.2,0.99,0.03,0.999,0.5019048446041943,337.79153200000025,0.9951526902569074,10.0,96.85833333333333
690,q_learning,0.2,0.99,0.03,0.999,0.50140293975959,662.9807160000001,0.9863398955403777,34.0,75.05833333333334
691,q_learning,0.2,0.99,0.03,0.999,0.5009015368198305,639.9975519999999,0.8983526112863652,290.0,56.233333333333334
692,q_learning,0.2,0.99,0.03,0.999,0.5004006352830107,497.31941600000016,0.8932867675591774,275.0,73.63333333333334
693,q_learning,0.2,0.99,0.03,0.999,0.49990023464772765,891.775288,0.9735272184936614,71.0,66.3
694,q_learning,0.2,0.99,0.03,0.999,0.49940033441307996,628.5169680000002,0.8659920269855872,437.0,59.516666666666666
695,q_learning,0.2,0.99,0.03,0.999,0.49890093407866687,993.3337,0.9093882891723912,277.0,48.50833333333333
696,q_learning,0.2,0.99,0.03,0.999,0.4984020331445882,650.9487800000002,0.994259942599426,14.0,81.45833333333333
697,q_learning,0.2,0.99,0.03,0.999,0.4979036311114436,533.2044840000001,0.9977436823104693,5.0,89.25833333333334
698,q_learning,0.2,0.99,0.03,0.999,0.4974057274803322,604.4387640000001,0.9327573253193088,179.0,62.24166666666667
699,q_learning,0.2,0.99,0.03,0.999,0.4969083217528518,833.6376519999994,0.9502245508982036,133.0,55.041666666666664
700,q_learning,0.2,0.99,0.03,0.999,0.49641141343109896,878.0497640000002,0.9450709348854128,151.0,61.09166666666667
701,q_learning,0.2,0.99,0.03,0.999,0.49591500201766786,267.52525199999997,1.0,0.0,88.05833333333334
702,q_learning,0.2,0.99,0.03,0.999,0.4954190870156502,389.7747400000002,0.9145662847790508,261.0,63.325
703,q_learning,0.2,0.99,0.03,0.999,0.49492366792863457,1166.6265120000003,0.9862433862433863,39.0,51.15
704,q_learning,0.2,0.99,0.03,0.999,0.49442874426070593,846.1382920000004,0.9709260588657573,81.0,69.75833333333334
705,q_learning,0.2,0.99,0.03,0.999,0.49393431551644523,572.217076,0.9299926308032425,190.0,64.625
706,q_learning,0.2,0.99,0.03,0.999,0.49344038120092876,913.5597959999999,0.8670344827586207,482.0,46.025
707,q_learning,0.2,0.99,0.03,0.999,0.49294694081972784,512.8438320000004,0.9699101211410708,77.0,76.63333333333334
708,q_learning,0.2,0.99,0.03,0.999,0.4924539938789081,460.1922680000003,1.0,0.0,94.10833333333333
709,q_learning,0.2,0.99,0.03,0.999,0.4919615398850292,710.6880080000003,0.9147121535181236,240.0,72.65
710,q_learning,0.2,0.99,0.03,0.999,0.49146957834514415,713.9826600000001,0.7959501557632399,786.0,39.875
711,q_learning,0.2,0.99,0.03,0.999,0.49097810876679904,677.6549240000007,0.9774436090225563,57.0,75.775
712,q_learning,0.2,0.99,0.03,0.999,0.49048713065803223,317.48507600000005,0.9703840814437761,64.0,80.75833333333334
713,q_learning,0.2,0.99,0.03,0.999,0.4899966435273742,821.735204,0.9381790932933683,165.0,58.825
714,q_learning,0.2,0.99,0.03,0.999,0.4895066468838468,597.9426400000003,0.9646504320502749,90.0,72.8
715,q_learning,0.2,0.99,0.03,0.999,0.48901714023696297,489.6472320000003,0.8827960228984634,389.0,60.11666666666667
716,q_learning,0.2,0.99,0.03,0.999,0.488528123096726,561.8493040000001,0.9813664596273292,48.0,69.96666666666667
717,q_learning,0.2,0.99,0.03,0.999,0.4880395949736293,501.28064000000006,0.9190076614374316,222.0,69.86666666666666
718,q_learning,0.2,0.99,0.03,0.999,0.48755155537865563,419.23085600000013,0.9694656488549618,68.0,76.68333333333334
719,q_learning,0.2,0.99,0.03,0.999,0.487064003823277,837.574204,0.9812321501427989,46.0,77.44166666666666
720,q_learning,0.2,0.99,0.03,0.999,0.4865769398194537,1189.3209960000002,0.987220447284345,36.0,64.525
721,q_learning,0.2,0.99,0.03,0.999,0.48609036287963425,905.5517599999998,0.9386885245901639,187.0,58.68333333333333
722,q_learning,0.2,0.99,0.03,0.999,0.48560427251675464,955.0338680000002,0.9586232149395826,113.0,53.575
723,q_learning,0.2,0.99,0.03,0.999,0.4851186682442379,655.8222639999999,1.0,0.0,83.93333333333334
724,q_learning,0.2,0.99,0.03,0.999,0.48463354957599364,566.2741199999999,0.9961501443695862,8.0,82.06666666666666
725,q_learning,0.2,0.99,0.03,0.999,0.48414891602641763,623.6345040000001,0.9820700896495518,44.0,77.4
726,q_learning,0.2,0.99,0.03,0.999,0.48366476711039125,864.8125080000002,0.9161779924111763,243.0,52.641666666666666
727,q_learning,0.2,0.99,0.03,0.999,0.4831811023432808,985.3474120000001,0.9002961500493584,303.0,55.275
728,q_learning,0.2,0.99,0.03,0.999,0.4826979212409376,456.5485040000007,0.9873417721518988,28.0,81.11666666666666
729,q_learning,0.2,0.99,0.03,0.999,0.48221522331969663,433.626668,0.7193981293208621,1380.0,16.775
730,q_learning,0.2,0.99,0.03,0.999,0.4817330080963769,504.2670960000001,0.9907663896583564,20.0,86.86666666666666
731,q_learning,0.2,0.99,0.03,0.999,0.48125127508828053,508.76396400000016,1.0,0.0,89.94166666666666
732,q_learning,0.2,0.99,0.03,0.999,0.4807700238131923,799.6872279999999,0.8374706036059577,622.0,34.05833333333333
733,q_learning,0.2,0.99,0.03,0.999,0.4802892537893791,461.06478800000065,0.9763681592039801,57.0,82.225
734,q_learning,0.2,0.99,0.03,0.999,0.4798089645355897,846.7313280000006,0.9142318567389256,273.0,61.86666666666667
735,q_learning,0.2,0.99,0.03,0.999,0.4793291555710541,1001.2874559999999,0.8121053777487481,863.0,20.8
736,q_learning,0.2,0.99,0.03,0.999,0.47884982641548307,793.1891920000002,0.9886541471048513,29.0,70.2
737,q_learning,0.2,0.99,0.03,0.999,0.4783709765890676,358.9100999999999,0.9621936019941836,91.0,82.29166666666667
738,q_learning,0.2,0.99,0.03,0.999,0.4778926056124785,803.0195120000001,0.9296814296814296,181.0,66.08333333333333
739,q_learning,0.2,0.99,0.03,0.999,0.477414713006866,792.4185680000004,0.862708136977694,437.0,40.85
740,q_learning,0.2,0.99,0.03,0.999,0.47693729829385917,618.0304000000006,0.8514180024660912,482.0,37.083333333333336
741,q_learning,0.2,0.99,0.03,0.999,0.47646036099556527,708.4556519999999,0.9433258762117822,152.0,66.95833333333333
742,q_learning,0.2,0.99,0.03,0.999,0.47598390063456975,518.3463240000002,1.0,0.0,83.20833333333333
743,q_learning,0.2,0.99,0.03,0.999,0.47550791673393517,1041.8334840000002,0.8719640971488912,485.0,40.775
744,q_learning,0.2,0.99,0.03,0.999,0.4750324088172012,910.5228120000002,0.8551363260809695,526.0,37.09166666666667
745,q_learning,0.2,0.99,0.03,0.999,0.474557376408384,838.6739800000001,0.953090096798213,126.0,62.208333333333336
746,q_learning,0.2,0.99,0.03,0.999,0.47408281903197563,631.8239440000001,0.8873677660236465,362.0,59.15
747,q_learning,0.2,0.99,0.03,0.999,0.47360873621294364,880.4970280000003,0.9516,121.0,62.291666666666664
748,q_learning,0.2,0.99,0.03,0.999,0.4731351274767307,1014.9705480000002,0.953963309103496,133.0,60.225
749,q_learning,0.2,0.99,0.03,0.999,0.472661992349254,1099.780756,0.9074505238649593,318.0,41.525
750,q_learning,0.2,0.99,0.03,0.999,0.47218933035690475,832.2376040000001,0.9187578419071518,259.0,48.59166666666667
751,q_learning,0.2,0.99,0.03,0.999,0.4717171410265478,550.6595640000002,0.9309382629926752,198.0,72.80833333333334
752,q_learning,0.2,0.99,0.03,0.999,0.47124542388552126,1027.9923,1.0,0.0,65.775
753,q_learning,0.2,0.99,0.03,0.999,0.4707741784616358,814.2208240000002,0.8531468531468531,546.0,41.45
754,q_learning,0.2,0.99,0.03,0.999,0.47030340428317413,700.2248480000001,0.9873660030627871,33.0,73.15
755,q_learning,0.2,0.99,0.03,0.999,0.46983310087889096,1134.333664000001,0.820627802690583,760.0,19.333333333333332
756,q_learning,0.2,0.99,0.03,0.999,0.46936326777801207,282.3371720000001,0.9292929292929293,182.0,81.44166666666666
757,q_learning,0.2,0.99,0.03,0.999,0.46889390451023405,360.41794400000003,0.9940064545873675,13.0,87.08333333333333
758,q_learning,0.2,0.99,0.03,0.999,0.4684250106057238,868.9656800000002,0.9131844380403458,241.0,62.0
759,q_learning,0.2,0.99,0.03,0.999,0.4679565855951181,1045.1147480000006,0.8034300791556728,894.0,14.941666666666666
760,q_learning,0.2,0.99,0.03,0.999,0.467488629009523,917.6757160000001,0.9056,295.0,51.725
761,q_learning,0.2,0.99,0.03,0.999,0.46702114038051346,727.0456360000001,0.8399215026633025,571.0,43.458333333333336
762,q_learning,0.2,0.99,0.03,0.999,0.4665541192401329,885.0863359999997,0.8988059701492538,339.0,51.516666666666666
763,q_learning,0.2,0.99,0.03,0.999,0.4660875651208928,836.0020080000002,0.9435612082670907,142.0,61.43333333333333
764,q_learning,0.2,0.99,0.03,0.999,0.4656214775557719,868.2991200000004,0.9756457564575646,66.0,67.2
765,q_learning,0.2,0.99,0.03,0.999,0.46515585607821613,868.361564,0.9921197793538219,20.0,72.575
766,q_learning,0.2,0.99,0.03,0.999,0.46469070022213793,863.9580840000003,0.8751518833535844,411.0,48.608333333333334
767,q_learning,0.2,0.99,0.03,0.999,0.4642260095219158,382.48180000000025,0.954880694143167,104.0,68.08333333333333
768,q_learning,0.2,0.99,0.03,0.999,0.46376178351239383,793.1626360000008,0.9097553225293931,284.0,50.391666666666666
769,q_learning,0.2,0.99,0.03,0.999,0.46329802172888146,675.3978080000004,0.8911445572278613,311.0,54.71666666666667
770,q_learning,0.2,0.99,0.03,0.999,0.46283472370715256,582.5000320000003,0.9595375722543352,112.0,67.73333333333333
771,q_learning,0.2,0.99,0.03,0.999,0.46237188898344544,717.7869360000002,0.8871857755977928,368.0,60.78333333333333
772,q_learning,0.2,0.99,0.03,0.999,0.461909517094462,846.5246480000005,0.9428470003549876,161.0,64.61666666666666
773,q_learning,0.2,0.99,0.03,0.999,0.4614476075773675,645.9729279999998,1.0,0.0,74.5
774,q_learning,0.2,0.99,0.03,0.999,0.46098615996979014,702.6581960000001,1.0,0.0,75.44166666666666
775,q_learning,0.2,0.99,0.03,0.999,0.46052517380982033,512.4962400000002,0.8989010989010989,276.0,62.13333333333333
776,q_learning,0.2,0.99,0.03,0.999,0.46006464863601054,343.56733999999994,1.0,0.0,88.04166666666667
777,q_learning,0.2,0.99,0.03,0.999,0.4596045839873745,761.1448880000008,0.9653760238272524,93.0,64.0
778,q_learning,0.2,0.99,0.03,0.999,0.45914497940338717,918.2221439999997,0.9316582914572864,204.0,56.516666666666666
779,q_learning,0.2,0.99,0.03,0.999,0.45868583442398375,760.6212800000003,0.9037642045454546,271.0,41.416666666666664
780,q_learning,0.2,0.99,0.03,0.999,0.45822714858955976,700.9741320000003,0.8706690561529271,433.0,47.30833333333333
781,q_learning,0.2,0.99,0.03,0.999,0.4577689214409702,1027.997396,0.8416644857367181,605.0,36.75833333333333
782,q_learning,0.2,0.99,0.03,0.999,0.45731115251952925,1131.2675400000005,0.8819621870209504,462.0,45.74166666666667
783,q_learning,0.2,0.99,0.03,0.999,0.45685384136700974,717.6526760000004,0.9273916035788025,211.0,60.30833333333333
784,q_learning,0.2,0.99,0.03,0.999,0.45639698752564273,1048.5900200000008,0.921190320470896,241.0,39.075
785,q_learning,0.2,0.99,0.03,0.999,0.4559405905381171,983.1367720000002,0.8719902468759525,420.0,38.825
786,q_learning,0.2,0.99,0.03,0.999,0.4554846499475789,898.6027720000003,0.8704264099037139,471.0,36.90833333333333
787,q_learning,0.2,0.99,0.03,0.999,0.4550291652976314,800.273992,0.7790246007768666,1024.0,27.933333333333334
788,q_learning,0.2,0.99,0.03,0.999,0.4545741361323337,585.3315439999999,0.8655407599870087,414.0,45.93333333333333
789,q_learning,0.2,0.99,0.03,0.999,0.4541195619962014,755.8362280000007,0.9101662404092071,281.0,54.69166666666667
790,q_learning,0.2,0.99,0.03,0.999,0.4536654424342052,567.1659880000002,0.9666797334378675,85.0,69.49166666666666
791,q_learning,0.2,0.99,0.03,0.999,0.453211776991771,689.6657720000001,0.9754983388704319,59.0,65.34166666666667
792,q_learning,0.2,0.99,0.03,0.999,0.4527585652147792,852.8313239999999,0.8439181916038752,580.0,45.875
793,q_learning,0.2,0.99,0.03,0.999,0.45230580664956443,822.6854600000005,0.9664488017429194,77.0,59.925
794,q_learning,0.2,0.99,0.03,0.999,0.45185350084291487,778.3192800000006,0.9586280056577087,117.0,64.51666666666667
795,q_learning,0.2,0.99,0.03,0.999,0.45140164734207194,772.6482440000001,0.9624903325599381,97.0,69.69166666666666
796,q_learning,0.2,0.99,0.03,0.999,0.4509502456947299,547.4306600000001,0.98790658882402,29.0,83.34166666666667
797,q_learning,0.2,0.99,0.03,0.999,0.45049929544903516,992.5078880000002,0.9441925357516567,160.0,63.13333333333333
798,q_learning,0.2,0.99,0.03,0.999,0.4500487961535861,970.7208320000001,0.8703152885187388,436.0,42.6
799,q_learning,0.2,0.99,0.03,0.999,0.44959874735743255,939.998244,0.8356560610044702,625.0,34.125
800,q_learning,0.2,0.99,0.03,0.999,0.4491491486100751,900.9636400000003,0.9245800479945149,220.0,46.166666666666664
801,q_learning,0.2,0.99,0.03,0.999,0.44869999946146505,789.8748760000002,0.9660045836516424,89.0,65.825
802,q_learning,0.2,0.99,0.03,0.999,0.44825129946200354,747.7462879999999,0.8863499699338545,378.0,58.21666666666667
803,q_learning,0.2,0.99,0.03,0.999,0.4478030481625416,701.2523959999997,0.8249852681202121,594.0,38.141666666666666
804,q_learning,0.2,0.99,0.03,0.999,0.447355245114379,698.3356599999998,0.8312965722801788,566.0,45.80833333333333
805,q_learning,0.2,0.99,0.03,0.999,0.44690788986926466,858.3326160000003,0.959915611814346,114.0,56.53333333333333
806,q_learning,0.2,0.99,0.03,0.999,0.4464609819793954,673.5901239999998,1.0,0.0,84.775
807,q_learning,0.2,0.99,0.03,0.999,0.44601452099741595,830.5189040000002,0.7918292403029608,907.0,27.166666666666668
808,q_learning,0.2,0.99,0.03,0.999,0.44556850647641855,837.6611280000003,0.983467571004663,39.0,71.45
809,q_learning,0.2,0.99,0.03,0.999,0.4451229379699421,811.6922080000005,0.990551776266062,25.0,72.71666666666667
810,q_learning,0.2,0.99,0.03,0.999,0.4446778150319722,1052.4791840000003,0.8451579492490937,598.0,45.46666666666667
811,q_learning,0.2,0.99,0.03,0.999,0.44423313721694024,1024.2306079999996,0.8329696969696969,689.0,30.4
812,q_learning,0.2,0.99,0.03,0.999,0.44378890407972327,790.4460359999998,0.87264,398.0,54.40833333333333
813,q_learning,0.2,0.99,0.03,0.999,0.44334511517564357,901.5506240000004,0.8779264214046822,438.0,36.96666666666667
814,q_learning,0.2,0.99,0.03,0.999,0.44290177006046794,1206.2488119999998,0.9100387250521299,302.0,41.458333333333336
815,q_learning,0.2,0.99,0.03,0.999,0.4424588682904074,559.8329880000001,0.8992727272727272,277.0,70.225
816,q_learning,0.2,0.99,0.03,0.999,0.44201640942211706,926.8663040000002,0.88023598820059,406.0,52.0
817,q_learning,0.2,0.99,0.03,0.999,0.4415743930126949,719.4520359999998,0.8875192604006163,365.0,56.825
818,q_learning,0.2,0.99,0.03,0.999,0.44113281861968223,503.1731040000002,0.9981360671015843,4.0,76.6
819,q_learning,0.2,0.99,0.03,0.999,0.44069168580106255,1045.412332,0.8953349282296651,350.0,47.375
820,q_learning,0.2,0.99,0.03,0.999,0.4402509941152615,803.7914920000001,0.934273916035788,191.0,67.725
821,q_learning,0.2,0.99,0.03,0.999,0.4398107431211462,878.9263600000003,0.9937805419813416,14.0,70.48333333333333
822,q_learning,0.2,0.99,0.03,0.999,0.4393709323780251,535.1199680000002,0.8486267166042447,485.0,55.833333333333336
823,q_learning,0.2,0.99,0.03,0.999,0.43893156144564704,920.5235319999998,0.9742537313432836,69.0,74.19166666666666
824,q_learning,0.2,0.99,0.03,0.999,0.4384926298842014,648.3022920000004,0.8458563535911602,558.0,38.75833333333333
825,q_learning,0.2,0.99,0.03,0.999,0.4380541372543172,964.930836,0.9740532959326789,74.0,72.45833333333333
826,q_learning,0.2,0.99,0.03,0.999,0.4376160831170629,758.2795519999996,0.9871016691957512,34.0,79.86666666666666
827,q_learning,0.2,0.99,0.03,0.999,0.4371784670339458,920.4655920000005,0.9414478353442157,165.0,58.86666666666667
828,q_learning,0.2,0.99,0.03,0.999,0.43674128856691186,1085.8257480000007,0.814066852367688,801.0,17.025
829,q_learning,0.2,0.99,0.03,0.999,0.43630454727834495,517.759964,0.9707130730050934,69.0,78.74166666666666
830,q_learning,0.2,0.99,0.03,0.999,0.4358682427310666,399.81710800000013,0.8650427913100724,410.0,58.09166666666667
831,q_learning,0.2,0.99,0.03,0.999,0.43543237448833555,919.9882680000002,0.948169626676332,143.0,56.891666666666666
832,q_learning,0.2,0.99,0.03,0.999,0.4349969421138472,922.9872399999999,0.9509222661396575,149.0,59.0
833,q_learning,0.2,0.99,0.03,0.999,0.43456194517173335,518.8870160000005,0.8362521891418564,561.0,57.31666666666667
834,q_learning,0.2,0.99,0.03,0.999,0.43412738322656164,732.5868919999998,0.9979822437449556,5.0,76.525
835,q_learning,0.2,0.99,0.03,0.999,0.43369325584333507,334.6184840000007,0.7440576230492197,1066.0,27.875
836,q_learning,0.2,0.99,0.03,0.999,0.4332595625874917,803.767572,0.9844472467423288,37.0,64.95833333333333
837,q_learning,0.2,0.99,0.03,0.999,0.43282630302490427,749.7339440000006,0.9373875494782296,174.0,64.38333333333334
838,q_learning,0.2,0.99,0.03,0.999,0.43239347672187933,756.3426120000004,0.9141831238779174,239.0,63.041666666666664
839,q_learning,0.2,0.99,0.03,0.999,0.4319610832451575,738.3986960000003,0.970688998858013,77.0,63.2
840,q_learning,0.2,0.99,0.03,0.999,0.4315291221619123,978.408332,0.9521871820956256,141.0,56.041666666666664
841,q_learning,0.2,0.99,0.03,0.999,0.43109759303975037,759.0017920000005,0.977515243902439,59.0,72.05
842,q_learning,0.2,0.99,0.03,0.999,0.43066649544671065,1090.211496,0.8864688265722842,417.0,37.3
843,q_learning,0.2,0.99,0.03,0.999,0.43023582895126394,755.8832040000004,0.7918637653736992,880.0,29.441666666666666
844,q_learning,0.2,0.99,0.03,0.999,0.42980559312231265,919.4337680000002,0.969060773480663,84.0,63.916666666666664
845,q_learning,0.2,0.99,0.03,0.999,0.42937578752919037,561.9547480000001,0.9906858594411516,22.0,80.34166666666667
846,q_learning,0.2,0.99,0.03,0.999,0.42894641174166115,1001.9529559999996,0.9183673469387755,264.0,45.775
847,q_learning,0.2,0.99,0.03,0.999,0.4285174653299195,933.9776640000006,0.8333781965006729,619.0,34.93333333333333
848,q_learning,0.2,0.99,0.03,0.999,0.42808894786458956,807.4268040000002,0.8494718309859155,513.0,39.44166666666667
849,q_learning,0.2,0.99,0.03,0.999,0.427660858916725,946.1240079999999,0.9287141905396402,214.0,60.38333333333333
850,q_learning,0.2,0.99,0.03,0.999,0.42723319805780824,693.7479880000005,0.9661921708185054,95.0,57.325
851,q_learning,0.2,0.99,0.03,0.999,0.4268059648597505,1171.2688000000003,0.9465798045602606,164.0,51.766666666666666
852,q_learning,0.2,0.99,0.03,0.999,0.4263791588948907,831.2000479999999,0.8277232971110522,650.0,31.733333333333334
853,q_learning,0.2,0.99,0.03,0.999,0.4259527797359958,1075.2189959999996,0.9435915744377008,158.0,50.50833333333333
854,q_learning,0.2,0.99,0.03,0.999,0.4255268269562598,789.7214760000004,0.973758865248227,74.0,67.20833333333333
855,q_learning,0.2,0.99,0.03,0.999,0.4251013001293036,779.1311240000002,0.9606060606060606,91.0,63.05833333333333
856,q_learning,0.2,0.99,0.03,0.999,0.42467619882917423,824.8173960000003,0.9041955731747605,290.0,62.225
857,q_learning,0.2,0.99,0.03,0.999,0.4242515226303451,979.8177600000004,0.9174852652259332,252.0,51.21666666666667
858,q_learning,0.2,0.99,0.03,0.999,0.42382727110771473,775.0677440000003,0.845357776463631,523.0,29.383333333333333
859,q_learning,0.2,0.99,0.03,0.999,0.423403443836607,790.1511160000002,0.9810636583400484,47.0,63.108333333333334
860,q_learning,0.2,0.99,0.03,0.999,0.42298004039277043,326.3681800000003,0.8680290959473502,381.0,61.825
861,q_learning,0.2,0.99,0.03,0.999,0.4225570603523776,1006.5811920000001,0.9414225941422594,154.0,44.28333333333333
862,q_learning,0.2,0.99,0.03,0.999,0.4221345032920253,951.3157800000005,0.9738863287250384,68.0,64.44166666666666
863,q_learning,0.2,0.99,0.03,0.999,0.42171236878873325,907.221368,0.9761625635013678,61.0,59.36666666666667
864,q_learning,0.2,0.99,0.03,0.999,0.4212906564199445,1133.3176760000003,0.90790273556231,303.0,37.708333333333336
865,q_learning,0.2,0.99,0.03,0.999,0.42086936576352457,843.5887000000006,0.9262831553565277,214.0,55.225
866,q_learning,0.2,0.99,0.03,0.999,0.42044849639776105,858.2138320000001,0.9631440391124483,98.0,62.78333333333333
867,q_learning,0.2,0.99,0.03,0.999,0.4200280479013633,973.2461600000005,0.9065860215053764,278.0,45.4
868,q_learning,0.2,0.99,0.03,0.999,0.4196080198534619,640.381588,0.9046339825386165,284.0,58.875
869,q_learning,0.2,0.99,0.03,0.999,0.41918841183360844,598.6793640000001,0.8108938547486033,677.0,36.708333333333336
870,q_learning,0.2,0.99,0.03,0.999,0.41876922342177486,708.764724,0.9268471104608632,200.0,63.858333333333334
871,q_learning,0.2,0.99,0.03,0.999,0.41835045419835304,762.4403360000001,0.860112174199934,424.0,42.46666666666667
872,q_learning,0.2,0.99,0.03,0.999,0.4179321037441547,855.8050520000002,0.9848422777550184,37.0,66.10833333333333
873,q_learning,0.2,0.99,0.03,0.999,0.41751417164041055,1031.4440840000004,0.9842368319876971,41.0,56.925
874,q_learning,0.2,0.99,0.03,0.999,0.4170966574687701,1198.556308,0.9655398752871677,105.0,42.625
875,q_learning,0.2,0.99,0.03,0.999,0.41667956081130136,924.3220919999999,0.944967414916727,152.0,54.608333333333334
876,q_learning,0.2,0.99,0.03,0.999,0.41626288125049005,805.725324,0.9572419106317411,111.0,56.975
877,q_learning,0.2,0.99,0.03,0.999,0.4158466183692396,792.6399720000001,0.8401739603153031,588.0,39.84166666666667
878,q_learning,0.2,0.99,0.03,0.999,0.41543077175087034,1104.24612,0.9846625766871165,40.0,62.25
879,q_learning,0.2,0.99,0.03,0.999,0.41501534097911946,765.8731680000003,0.9560625264047318,104.0,74.13333333333334
880,q_learning,0.2,0.99,0.03,0.999,0.41460032563814037,761.2164840000005,0.7752240864169156,978.0,19.325
881,q_learning,0.2,0.99,0.03,0.999,0.4141857253125022,739.920864,0.9272407732864675,207.0,65.7
882,q_learning,0.2,0.99,0.03,0.999,0.4137715395871897,1095.9467920000002,0.9541639767591995,142.0,61.766666666666666
883,q_learning,0.2,0.99,0.03,0.999,0.4133577680476025,1188.5943799999998,0.961524759529747,108.0,51.141666666666666
884,q_learning,0.2,0.99,0.03,0.999,0.4129444102795549,656.6568040000003,0.9373348433371084,166.0,60.15833333333333
885,q_learning,0.2,0.99,0.03,0.999,0.41253146586927536,1044.176516,0.9285480170435922,218.0,49.075
886,q_learning,0.2,0.99,0.03,0.999,0.4121189344034061,785.2438400000002,0.9896308585649108,25.0,79.25
887,q_learning,0.2,0.99,0.03,0.999,0.4117068154690027,1113.8837280000002,0.8234498308906426,783.0,27.066666666666666
888,q_learning,0.2,0.99,0.03,0.999,0.4112951086535337,1001.301056,0.9894736842105263,26.0,59.3
889,q_learning,0.2,0.99,0.03,0.999,0.4108838135448801,1062.0915760000003,0.9211855843718424,234.0,47.81666666666667
890,q_learning,0.2,0.99,0.03,0.999,0.41047292973133526,492.51807200000036,0.962979683972912,82.0,80.71666666666667
891,q_learning,0.2,0.99,0.03,0.999,0.4100624568016039,808.480012,0.9937133277451802,15.0,73.49166666666666
892,q_learning,0.2,0.99,0.03,0.999,0.40965239434480233,758.3561360000001,0.9791415964701163,52.0,71.95
893,q_learning,0.2,0.99,0.03,0.999,0.4092427419504575,660.1380000000005,0.8801020408163265,329.0,56.4
894,q_learning,0.2,0.99,0.03,0.999,0.40883349920850703,776.5663960000005,0.9306752873563219,193.0,62.44166666666667
895,q_learning,0.2,0.99,0.03,0.999,0.40842466570929853,953.5357960000002,0.8905977945443994,377.0,48.141666666666666
896,q_learning,0.2,0.99,0.03,0.999,0.40801624104358925,969.9786400000004,0.987912087912088,33.0,69.8
897,q_learning,0.2,0.99,0.03,0.999,0.40760822480254566,1284.8234520000003,0.964142091152815,107.0,49.575
898,q_learning,0.2,0.99,0.03,0.999,0.4072006165777431,1047.6541040000002,0.8703186137506987,464.0,41.233333333333334
899,q_learning,0.2,0.99,0.03,0.999,0.40679341596116536,772.616904,0.9907640638119227,22.0,76.2
900,q_learning,0.2,0.99,0.03,0.999,0.4063866225452042,973.02936,0.9683888511216859,93.0,65.16666666666667
901,q_learning,0.2,0.99,0.03,0.999,0.405980235922659,601.6285920000004,0.9665169456921192,82.0,71.93333333333334
902,q_learning,0.2,0.99,0.03,0.999,0.40557425568673633,588.5748000000001,0.9780645161290322,51.0,78.95
903,q_learning,0.2,0.99,0.03,0.999,0.4051686814310496,785.1181519999996,0.9724806201550388,71.0,69.28333333333333
904,q_learning,0.2,0.99,0.03,0.999,0.4047635127496186,668.0038080000002,0.8116556291390729,711.0,37.68333333333333
905,q_learning,0.2,0.99,0.03,0.999,0.40435874923686893,1153.7441880000001,0.9723132969034608,76.0,51.458333333333336
906,q_learning,0.2,0.99,0.03,0.999,0.40395439048763204,672.921736,0.9974478945129732,6.0,79.45
907,q_learning,0.2,0.99,0.03,0.999,0.4035504360971444,907.5153840000002,1.0,0.0,64.45
908,q_learning,0.2,0.99,0.03,0.999,0.4031468856610473,439.724844,0.9965382951103419,8.0,80.80833333333334
909,q_learning,0.2,0.99,0.03,0.999,0.4027437387753862,640.0702960000004,0.9380426203630624,157.0,63.833333333333336
910,q_learning,0.2,0.99,0.03,0.999,0.40234099503661086,869.1850759999999,0.967173738991193,82.0,65.425
911,q_learning,0.2,0.99,0.03,0.999,0.40193865404157425,950.5902440000004,0.9481320275661952,143.0,53.90833333333333
912,q_learning,0.2,0.99,0.03,0.999,0.40153671538753266,881.7498400000004,0.8517628205128205,555.0,42.05
913,q_learning,0.2,0.99,0.03,0.999,0.40113517867214515,754.4299560000003,0.7771390669909353,1008.0,20.291666666666668
914,q_learning,0.2,0.99,0.03,0.999,0.40073404349347297,561.6925280000002,1.0,0.0,80.08333333333333
915,q_learning,0.2,0.99,0.03,0.999,0.4003333094499795,935.2991840000009,0.8684282961739609,478.0,41.43333333333333
916,q_learning,0.2,0.99,0.03,0.999,0.39993297614052953,723.3795240000001,0.9533560864618885,123.0,65.475
917,q_learning,0.2,0.99,0.03,0.999,0.39953304316438903,732.042432,0.9885151763740772,28.0,77.01666666666667
918,q_learning,0.2,0.99,0.03,0.999,0.3991335101212246,1126.1414240000006,0.9745141764893278,80.0,61.8
919,q_learning,0.2,0.99,0.03,0.999,0.3987343766111034,963.3992680000003,0.9442877291960508,158.0,57.15833333333333
920,q_learning,0.2,0.99,0.03,0.999,0.3983356422344923,1178.3182320000005,0.8891694725028059,395.0,37.8
921,q_learning,0.2,0.99,0.03,0.999,0.3979373065922578,1135.120888000001,0.9141249629848979,290.0,46.56666666666667
922,q_learning,0.2,0.99,0.03,0.999,0.3975393692856655,821.6224760000003,0.7754738015607581,1007.0,15.341666666666667
923,q_learning,0.2,0.99,0.03,0.999,0.39714182991637986,513.811128,0.9311836413684624,175.0,77.7
924,q_learning,0.2,0.99,0.03,0.999,0.3967446880864635,609.7047640000001,0.9455807158509861,149.0,61.391666666666666
925,q_learning,0.2,0.99,0.03,0.999,0.39634794339837703,716.3062920000002,0.9334085778781038,177.0,53.891666666666666
926,q_learning,0.2,0.99,0.03,0.999,0.39595159545497866,940.4770439999998,0.8831496062992126,371.0,45.708333333333336
927,q_learning,0.2,0.99,0.03,0.999,0.3955556438595237,735.6753759999997,0.9164043371808325,239.0,58.65
928,q_learning,0.2,0.99,0.03,0.999,0.3951600882156642,1189.017836,0.9789687924016283,62.0,59.175
929,q_learning,0.2,0.99,0.03,0.999,0.39476492812744846,709.5723560000002,0.9198487712665406,212.0,56.608333333333334
930,q_learning,0.2,0.99,0.03,0.999,0.39437016319932106,550.8658160000003,0.8846815834767642,335.0,53.6
931,q_learning,0.2,0.99,0.03,0.999,0.39397579303612174,676.5031439999997,0.7886775154710062,922.0,38.71666666666667
932,q_learning,0.2,0.99,0.03,0.999,0.3935818172430856,822.0273920000005,0.929126213592233,219.0,57.11666666666667
933,q_learning,0.2,0.99,0.03,0.999,0.3931882354258425,870.8586600000001,0.9988142292490119,3.0,64.45833333333333
934,q_learning,0.2,0.99,0.03,0.999,0.39279504719041664,990.8425400000006,0.8877487562189055,361.0,37.425
935,q_learning,0.2,0.99,0.03,0.999,0.39240225214322627,915.610988,0.9779521674140508,59.0,67.84166666666667
936,q_learning,0.2,0.99,0.03,0.999,0.392009849891083,732.7200639999999,0.9707095709570958,71.0,73.55
937,q_learning,0.2,0.99,0.03,0.999,0.39161784004119193,690.7063720000003,0.8736280035597745,426.0,57.108333333333334
938,q_learning,0.2,0.99,0.03,0.999,0.3912262222011507,762.6267119999999,0.8917633065715135,364.0,55.28333333333333
939,q_learning,0.2,0.99,0.03,0.999,0.3908349959789496,933.5404760000001,0.9355980184005662,182.0,55.925
940,q_learning,0.2,0.99,0.03,0.999,0.39044416098297063,882.1185080000002,0.9520802377414561,129.0,56.825
941,q_learning,0.2,0.99,0.03,0.999,0.3900537168219877,764.3646760000005,1.0,0.0,78.60833333333333
942,q_learning,0.2,0.99,0.03,0.999,0.3896636631051657,701.1891000000006,0.910411622276029,259.0,55.891666666666666
943,q_learning,0.2,0.99,0.03,0.999,0.38927399944206054,725.7308039999999,0.9624467673248162,97.0,69.44166666666666
944,q_learning,0.2,0.99,0.03,0.999,0.38888472544261843,1282.4301840000003,0.9081065261925666,314.0,35.21666666666667
945,q_learning,0.2,0.99,0.03,0.999,0.38849584071717586,897.9275280000002,0.974025974025974,64.0,69.71666666666667
946,q_learning,0.2,0.99,0.03,0.999,0.38810734487645865,413.28581600000024,0.9412216673069536,153.0,74.13333333333334
947,q_learning,0.2,0.99,0.03,0.999,0.3877192375315822,598.9896000000002,0.894134477825465,296.0,62.06666666666667
948,q_learning,0.2,0.99,0.03,0.999,0.3873315182940506,585.2778360000002,0.9876494023904383,31.0,73.44166666666666
949,q_learning,0.2,0.99,0.03,0.999,0.3869441867757566,1222.515408000001,0.8595575441213025,565.0,24.4
950,q_learning,0.2,0.99,0.03,0.999,0.38655724258898083,715.4787480000003,0.9452843772498201,152.0,64.525
951,q_learning,0.2,0.99,0.03,0.999,0.3861706853463918,473.7273800000001,0.9991150442477876,2.0,80.425
952,q_learning,0.2,0.99,0.03,0.999,0.38578451466104546,499.1203840000002,1.0,0.0,85.0
953,q_learning,0.2,0.99,0.03,0.999,0.38539873014638437,656.7713839999999,0.9140127388535032,243.0,60.61666666666667
954,q_learning,0.2,0.99,0.03,0.999,0.385013331416238,769.9356480000002,0.9285232636547539,212.0,66.5
955,q_learning,0.2,0.99,0.03,0.999,0.3846283180848218,782.3191480000006,0.9520897043832823,141.0,55.391666666666666
956,q_learning,0.2,0.99,0.03,0.999,0.38424368976673695,788.4074040000002,0.9717367050948308,76.0,71.70833333333333
957,q_learning,0.2,0.99,0.03,0.999,0.3838594460769702,461.2394120000001,0.9750656167979003,57.0,76.025
958,q_learning,0.2,0.99,0.03,0.999,0.38347558663089326,689.4048360000003,0.8201320132013201,654.0,35.425
959,q_learning,0.2,0.99,0.03,0.999,0.38309211104426233,1017.7132800000003,0.9393333333333334,182.0,51.1
960,q_learning,0.2,0.99,0.03,0.999,0.38270901893321807,890.2348360000005,0.941933240611961,167.0,52.925
961,q_learning,0.2,0.99,0.03,0.999,0.38232630991428485,1119.7224320000005,0.916390977443609,278.0,43.733333333333334
962,q_learning,0.2,0.99,0.03,0.999,0.3819439836043706,1180.6950200000006,0.8018887292137138,965.0,21.208333333333332
963,q_learning,0.2,0.99,0.03,0.999,0.38156203962076624,699.2132160000004,0.8567371410539603,454.0,53.46666666666667
964,q_learning,0.2,0.99,0.03,0.999,0.3811804775811454,1232.4114680000002,0.9534375,149.0,42.575
965,q_learning,0.2,0.99,0.03,0.999,0.3807992971035643,635.431924,0.9312189529996179,180.0,67.00833333333334
966,q_learning,0.2,0.99,0.03,0.999,0.38041849780646075,1022.4367240000004,0.9227929867733006,251.0,50.875
967,q_learning,0.2,0.99,0.03,0.999,0.3800380793086543,833.8610000000003,0.9745145631067961,63.0,57.11666666666667
968,q_learning,0.2,0.99,0.03,0.999,0.3796580412293456,577.320876,0.9796201945345067,44.0,71.35833333333333
969,q_learning,0.2,0.99,0.03,0.999,0.3792783831881163,937.61388,0.9340993578911795,195.0,54.8
970,q_learning,0.2,0.99,0.03,0.999,0.37889910480492817,860.5640599999999,0.8870358716173694,359.0,46.291666666666664
971,q_learning,0.2,0.99,0.03,0.999,0.37852020570012324,797.1437840000002,0.8979238754325259,295.0,51.55
972,q_learning,0.2,0.99,0.03,0.999,0.3781416854944231,905.9458439999999,0.9495884773662552,147.0,56.525
973,q_learning,0.2,0.99,0.03,0.999,0.3777635438089287,605.7346600000003,0.7853568606794838,815.0,35.125
974,q_learning,0.2,0.99,0.03,0.999,0.37738578026511976,987.7231320000001,0.9341099381143065,181.0,48.575
975,q_learning,0.2,0.99,0.03,0.999,0.3770083944848546,834.0508800000001,0.9862247094274645,32.0,65.86666666666666
976,q_learning,0.2,0.99,0.03,0.999,0.3766313860903698,616.4542680000005,0.9873472949389179,29.0,71.725
977,q_learning,0.2,0.99,0.03,0.999,0.3762547547042794,915.2946680000002,0.9116560295599597,263.0,52.458333333333336
978,q_learning,0.2,0.99,0.03,0.999,0.3758784999495751,756.7520679999999,0.8794228787358296,351.0,43.708333333333336
979,q_learning,0.2,0.99,0.03,0.999,0.37550262144962554,1076.5793240000007,0.7974875460255577,935.0,21.441666666666666
980,q_learning,0.2,0.99,0.03,0.999,0.3751271188281759,624.2331400000002,0.9839730071699705,38.0,73.44166666666666
981,q_learning,0.2,0.99,0.03,0.999,0.37475199170934775,528.5435000000001,0.9686440677966102,74.0,67.34166666666667
982,q_learning,0.2,0.99,0.03,0.999,0.3743772397176384,1012.9308560000002,0.9377459749552772,174.0,52.88333333333333
983,q_learning,0.2,0.99,0.03,0.999,0.37400286247792075,972.289776,0.9168278529980658,258.0,60.88333333333333
984,q_learning,0.2,0.99,0.03,0.999,0.37362885961544284,1026.2212680000002,0.964250573958675,109.0,56.69166666666667
985,q_learning,0.2,0.99,0.03,0.999,0.3732552307558274,960.3163120000003,0.9605584642233856,113.0,56.483333333333334
986,q_learning,0.2,0.99,0.03,0.999,0.3728819755250716,986.5777840000003,0.8560895685417804,527.0,43.61666666666667
987,q_learning,0.2,0.99,0.03,0.999,0.3725090935495465,1145.3428079999999,0.8830715532286213,402.0,29.25
988,q_learning,0.2,0.99,0.03,0.999,0.37213658445599695,833.4287800000003,0.9112592072956858,253.0,49.24166666666667
989,q_learning,0.2,0.99,0.03,0.999,0.37176444787154095,1012.5019080000001,0.9042553191489362,315.0,51.958333333333336
990,q_learning,0.2,0.99,0.03,0.999,0.37139268342366943,990.9350920000004,0.9715099715099715,80.0,55.40833333333333
991,q_learning,0.2,0.99,0.03,0.999,0.37102129074024576,1149.7763760000003,0.9154285714285715,296.0,54.61666666666667
992,q_learning,0.2,0.99,0.03,0.999,0.3706502694495055,1148.8992160000003,0.9184766438559953,274.0,39.266666666666666
993,q_learning,0.2,0.99,0.03,0.999,0.370279619180056,882.151976,0.7899343544857768,960.0,20.233333333333334
994,q_learning,0.2,0.99,0.03,0.999,0.3699093395608759,808.7725760000001,0.9644396551724138,99.0,63.3
995,q_learning,0.2,0.99,0.03,0.999,0.3695394302213151,895.9236440000006,0.9253571428571429,209.0,43.958333333333336
996,q_learning,0.2,0.99,0.03,0.999,0.36916989079109375,1046.2849360000005,0.9211376858435681,244.0,46.3
997,q_learning,0.2,0.99,0.03,0.999,0.36880072090030264,1039.7805280000002,0.9578881206788183,134.0,65.43333333333334
998,q_learning,0.2,0.99,0.03,0.999,0.36843192017940235,1211.7062480000004,0.8812736103615758,440.0,33.3
999,q_learning,0.2,0.99,0.03,0.999,0.3680634882592229,1117.1431240000004,0.8506799163179917,571.0,43.50833333333333
1000,q_learning,0.2,0.99,0.03,0.999,0.36769542477096373,559.1898600000002,0.9541824295922656,109.0,69.775
1001,q_learning,0.2,0.99,0.03,0.999,0.36732772934619273,815.5409880000004,0.8732667775929007,457.0,54.025
1002,q_learning,0.2,0.99,0.03,0.999,0.36696040161684657,467.4073920000002,0.9858382823206944,31.0,74.35
1003,q_learning,0.2,0.99,0.03,0.999,0.3665934412152297,1085.8711360000004,0.8125960061443932,854.0,23.966666666666665
1004,q_learning,0.2,0.99,0.03,0.999,0.3662268477740145,1200.9316919999997,0.9249422632794457,260.0,41.24166666666667
1005,q_learning,0.2,0.99,0.03,0.999,0.36586062092624044,855.9593560000002,0.9137001078748651,240.0,45.725
1006,q_learning,0.2,0.99,0.03,0.999,0.36549476030531425,709.0499400000001,0.9387523629489603,162.0,57.608333333333334
1007,q_learning,0.2,0.99,0.03,0.999,0.3651292655450089,662.1923080000004,0.9149623250807319,237.0,58.575
1008,q_learning,0.2,0.99,0.03,0.999,0.3647641362794639,614.0230440000001,0.9281546316557258,197.0,57.30833333333333
1009,q_learning,0.2,0.99,0.03,0.999,0.36439937214318446,924.0391200000004,0.9468902865129281,152.0,64.58333333333333
1010,q_learning,0.2,0.99,0.03,0.999,0.36403497277104124,807.8389080000003,0.9905862216516902,22.0,71.175
1011,q_learning,0.2,0.99,0.03,0.999,0.3636709377982702,1224.042348000001,0.9044018363489063,354.0,34.44166666666667
1012,q_learning,0.2,0.99,0.03,0.999,0.36330726686047193,816.5390640000005,0.9890893831305078,26.0,79.03333333333333
1013,q_learning,0.2,0.99,0.03,0.999,0.3629439595936115,882.845584,0.9564752051373528,122.0,61.28333333333333
1014,q_learning,0.2,0.99,0.03,0.999,0.36258101563401784,993.4567160000005,0.8661567877629063,490.0,43.09166666666667
1015,q_learning,0.2,0.99,0.03,0.999,0.3622184346183838,817.6344480000002,0.8103808033385498,727.0,32.983333333333334
1016,q_learning,0.2,0.99,0.03,0.999,0.36185621618376546,880.5160560000006,0.8316658329164582,673.0,40.6
1017,q_learning,0.2,0.99,0.03,0.999,0.36149435996758167,766.4502119999995,0.9261929282526605,215.0,52.55833333333333
1018,q_learning,0.2,0.99,0.03,0.999,0.3611328656076141,713.6041040000001,0.8467983243566727,512.0,39.833333333333336
1019,q_learning,0.2,0.99,0.03,0.999,0.36077173274200647,560.1255160000001,1.0,0.0,78.65833333333333
1020,q_learning,0.2,0.99,0.03,0.999,0.3604109610092645,927.8591959999998,0.9710982658959537,70.0,58.525
1021,q_learning,0.2,0.99,0.03,0.999,0.3600505500482552,1137.6253640000004,0.8460960960960962,615.0,25.825
1022,q_learning,0.2,0.99,0.03,0.999,0.359690499498207,879.1529800000002,0.8592014410087061,469.0,44.625
1023,q_learning,0.2,0.99,0.03,0.999,0.3593308089987088,1250.6583080000003,0.9223211544365981,253.0,42.19166666666667
1024,q_learning,0.2,0.99,0.03,0.999,0.35897147818971004,1019.8939080000002,0.9278830176138252,217.0,44.025
1025,q_learning,0.2,0.99,0.03,0.999,0.35861250671152034,828.7070520000003,0.9970401691331924,7.0,63.458333333333336
1026,q_learning,0.2,0.99,0.03,0.999,0.3582538942048088,906.7221160000006,0.785011513502198,1027.0,18.591666666666665
1027,q_learning,0.2,0.99,0.03,0.999,0.357895640310604,746.4590640000001,0.8139408733387578,686.0,36.13333333333333
1028,q_learning,0.2,0.99,0.03,0.999,0.3575377446702934,842.8539560000002,0.9480062548866302,133.0,53.891666666666666
1029,q_learning,0.2,0.99,0.03,0.999,0.35718020692562313,856.1247400000001,0.968524838832006,83.0,68.05833333333334
1030,q_learning,0.2,0.99,0.03,0.999,0.3568230267186975,822.7612160000006,0.9085051546391752,284.0,56.833333333333336
1031,q_learning,0.2,0.99,0.03,0.999,0.3564662036919788,1114.76488,0.8599695585996956,552.0,32.2
1032,q_learning,0.2,0.99,0.03,0.999,0.35610973748828684,907.5000720000003,0.8380226137260058,616.0,30.9
1033,q_learning,0.2,0.99,0.03,0.999,0.35575362775079855,562.4688800000002,0.9188626907073509,234.0,61.88333333333333
1034,q_learning,0.2,0.99,0.03,0.999,0.35539787412304774,599.9265240000003,0.9520488230165649,110.0,60.59166666666667
1035,q_learning,0.2,0.99,0.03,0.999,0.35504247624892465,855.0541520000005,0.9366548042704627,178.0,56.96666666666667
1036,q_learning,0.2,0.99,0.03,0.999,0.35468743377267575,844.4595320000001,0.8321964529331515,615.0,30.308333333333334
1037,q_learning,0.2,0.99,0.03,0.999,0.3543327463389031,811.5139280000006,0.9569112627986348,101.0,53.733333333333334
1038,q_learning,0.2,0.99,0.03,0.999,0.35397841359256416,680.5408200000004,1.0,0.0,79.40833333333333
1039,q_learning,0.2,0.99,0.03,0.999,0.35362443517897163,1189.9305919999997,0.8596663395485771,572.0,23.933333333333334
1040,q_learning,0.2,0.99,0.03,0.999,0.35327081074379263,985.8042560000004,0.8901835129624235,377.0,31.033333333333335
1041,q_learning,0.2,0.99,0.03,0.999,0.35291753993304886,893.5494639999998,0.9084531743247983,261.0,44.016666666666666
1042,q_learning,0.2,0.99,0.03,0.999,0.3525646223931158,1066.7009600000006,0.9730958696475938,71.0,58.0
1043,q_learning,0.2,0.99,0.03,0.999,0.3522120577707227,926.7694280000004,0.951335528723015,133.0,63.708333333333336
1044,q_learning,0.2,0.99,0.03,0.999,0.351859845712952,567.468584,0.8760604942825526,336.0,58.71666666666667
1045,q_learning,0.2,0.99,0.03,0.999,0.351507985867239,717.0562400000001,0.9713307659392384,67.0,68.83333333333333
1046,q_learning,0.2,0.99,0.03,0.999,0.3511564778813718,848.3551800000002,0.9576863354037267,109.0,65.49166666666666
1047,q_learning,0.2,0.99,0.03,0.999,0.3508053214034904,930.2975080000006,0.8683969465648855,431.0,42.825
1048,q_learning,0.2,0.99,0.03,0.999,0.3504545160820869,849.6267000000005,0.9195325542570951,241.0,45.641666666666666
1049,q_learning,0.2,0.99,0.03,0.999,0.3501040615660048,968.2972200000002,0.835613031584183,661.0,25.791666666666668
1050,q_learning,0.2,0.99,0.03,0.999,0.34975395750443883,955.5123040000001,0.9729842061512884,65.0,54.0
1051,q_learning,0.2,0.99,0.03,0.999,0.34940420354693436,904.5326680000002,0.9695772421967602,77.0,69.00833333333334
1052,q_learning,0.2,0.99,0.03,0.999,0.34905479934338746,960.9335760000002,0.9273330874216157,197.0,52.583333333333336
1053,q_learning,0.2,0.99,0.03,0.999,0.34870574454404407,887.3349399999997,0.8616816431322208,431.0,34.708333333333336
1054,q_learning,0.2,0.99,0.03,0.999,0.34835703879950003,1001.0746680000004,0.8365892291446674,619.0,21.775
1055,q_learning,0.2,0.99,0.03,0.999,0.3480086817607005,986.6217479999999,0.9018072289156627,326.0,43.875
1056,q_learning,0.2,0.99,0.03,0.999,0.34766067307893983,953.4523720000005,0.9063556457065585,277.0,47.65833333333333
1057,q_learning,0.2,0.99,0.03,0.999,0.3473130124058609,804.685956,0.9519267455169782,126.0,51.25833333333333
1058,q_learning,0.2,0.99,0.03,0.999,0.346965699393455,677.878108,0.8698651614926309,415.0,54.69166666666667
1059,q_learning,0.2,0.99,0.03,0.999,0.34661873369406154,745.1682840000001,0.9758620689655172,56.0,63.65833333333333
1060,q_learning,0.2,0.99,0.03,0.999,0.34627211496036747,1042.0730119999994,0.8883693746347165,382.0,44.84166666666667
1061,q_learning,0.2,0.99,0.03,0.999,0.3459258428454071,817.7146839999997,0.9645328719723183,82.0,64.59166666666667
1062,q_learning,0.2,0.99,0.03,0.999,0.3455799170025617,898.241008,0.9753947851634227,67.0,67.1
1063,q_learning,0.2,0.99,0.03,0.999,0.3452343370855592,560.2064440000004,0.91133874955846,251.0,64.49166666666666
1064,q_learning,0.2,0.99,0.03,0.999,0.34488910274847356,1040.429811999999,0.958044649730562,109.0,51.208333333333336
1065,q_learning,0.2,0.99,0.03,0.999,0.34454421364572513,968.7801160000002,0.9927966101694915,17.0,56.30833333333333
1066,q_learning,0.2,0.99,0.03,0.999,0.3441996694320794,1153.335776,0.8830099941211053,398.0,38.46666666666667
1067,q_learning,0.2,0.99,0.03,0.999,0.3438554697626473,1196.00522,0.9610999329309189,116.0,39.30833333333333
1068,q_learning,0.2,0.99,0.03,0.999,0.3435116142928847,783.2724000000001,0.9572131768269595,113.0,70.35
1069,q_learning,0.2,0.99,0.03,0.999,0.34316810267859177,1116.7904680000001,0.8712056737588653,454.0,33.858333333333334
1070,q_learning,0.2,0.99,0.03,0.999,0.3428249345759132,960.4293040000003,0.8648167006109979,531.0,43.93333333333333
1071,q_learning,0.2,0.99,0.03,0.999,0.3424821096413373,920.1415239999999,0.8802816901408451,408.0,50.69166666666667
1072,q_learning,0.2,0.99,0.03,0.999,0.3421396275316959,837.725508,0.977796754910333,52.0,63.50833333333333
1073,q_learning,0.2,0.99,0.03,0.999,0.34179748790416425,923.9123320000003,0.87422934648582,408.0,47.958333333333336
1074,q_learning,0.2,0.99,0.03,0.999,0.34145569041626006,707.0646199999999,0.9596209311907705,98.0,62.141666666666666
1075,q_learning,0.2,0.99,0.03,0.999,0.3411142347258438,897.530176,0.8563944530046225,466.0,36.333333333333336
1076,q_learning,0.2,0.99,0.03,0.999,0.34077312049111796,949.4909320000004,0.9802737520128825,49.0,57.34166666666667
1077,q_learning,0.2,0.99,0.03,0.999,0.34043234737062683,797.465908,0.8830357142857143,393.0,42.625
1078,q_learning,0.2,0.99,0.03,0.999,0.3400919150232562,903.6702840000003,0.9212653778558875,224.0,57.34166666666667
1079,q_learning,0.2,0.99,0.03,0.999,0.339751823108233,1033.778828,0.941834451901566,156.0,50.30833333333333
1080,q_learning,0.2,0.99,0.03,0.999,0.33941207128512474,1148.3473040000003,0.937442502299908,204.0,47.15
1081,q_learning,0.2,0.99,0.03,0.999,0.3390726592138396,949.7968080000005,0.9353340478742408,181.0,52.85
1082,q_learning,0.2,0.99,0.03,0.999,0.33873358655462577,1043.66862,0.9430656934306569,156.0,49.458333333333336
1083,q_learning,0.2,0.99,0.03,0.999,0.33839485296807115,1025.23724,0.9437348981705213,163.0,54.4
1084,q_learning,0.2,0.99,0.03,0.999,0.33805645811510304,868.9420839999998,0.9006166122597026,274.0,39.50833333333333
1085,q_learning,0.2,0.99,0.03,0.999,0.33771840165698797,960.3835800000003,0.8950941067571737,340.0,39.208333333333336
1086,q_learning,0.2,0.99,0.03,0.999,0.337380683255331,1231.546596,0.8824626865671642,441.0,35.075
1087,q_learning,0.2,0.99,0.03,0.999,0.33704330257207565,662.3793080000005,0.7580031340944705,1081.0,17.941666666666666
1088,q_learning,0.2,0.99,0.03,0.999,0.3367062592695036,946.3503960000007,0.9815875613747954,45.0,62.858333333333334
1089,q_learning,0.2,0.99,0.03,0.999,0.3363695530102341,512.1463560000003,0.9747899159663865,54.0,74.475
1090,q_learning,0.2,0.99,0.03,0.999,0.3360331834572238,1050.02034,0.9847428073234524,35.0,55.641666666666666
1091,q_learning,0.2,0.99,0.03,0.999,0.3356971502737666,1002.1376120000002,0.8614525139664805,496.0,40.325
1092,q_learning,0.2,0.99,0.03,0.999,0.33536145312349286,908.3375080000008,0.9804655029093932,47.0,59.641666666666666
1093,q_learning,0.2,0.99,0.03,0.999,0.33502609167036934,1023.7376879999999,0.8979025293028995,331.0,40.733333333333334
1094,q_learning,0.2,0.99,0.03,0.999,0.334691065578699,826.0994880000002,0.9226127085552006,218.0,51.166666666666664
1095,q_learning,0.2,0.99,0.03,0.999,0.3343563745131203,1060.2809280000001,0.9862403885066775,34.0,54.0
1096,q_learning,0.2,0.99,0.03,0.999,0.33402201813860716,1031.8779960000008,0.8728905824714208,467.0,35.475
1097,q_learning,0.2,0.99,0.03,0.999,0.33368799612046857,939.4210520000003,0.9672399672399672,80.0,59.69166666666667
1098,q_learning,0.2,0.99,0.03,0.999,0.3333543081243481,618.04698,0.8744091829844699,372.0,52.40833333333333
1099,q_learning,0.2,0.99,0.03,0.999,0.3330209538162237,980.5588680000006,0.9629485179407177,95.0,52.858333333333334
1100,q_learning,0.2,0.99,0.03,0.999,0.3326879328624075,774.600524,0.8246622592699051,610.0,27.575
1101,q_learning,0.2,0.99,0.03,0.999,0.3323552449295451,908.8903360000003,0.9202522255192879,215.0,54.28333333333333
1102,q_learning,0.2,0.99,0.03,0.999,0.3320228896846156,851.6735480000002,0.9235340729001584,193.0,52.925
1103,q_learning,0.2,0.99,0.03,0.999,0.3316908667949309,1010.0308519999999,0.8782361308677098,428.0,36.74166666666667
1104,q_learning,0.2,0.99,0.03,0.999,0.331359175928136,972.8258480000005,0.9684554024655547,87.0,59.233333333333334
1105,q_learning,0.2,0.99,0.03,0.999,0.3310278167522079,653.5381400000007,0.8812639642515161,372.0,62.55833333333333
1106,q_learning,0.2,0.99,0.03,0.999,0.3306967889354557,859.8548399999996,0.9803072075620323,50.0,66.68333333333334
1107,q_learning,0.2,0.99,0.03,0.999,0.3303660921465202,849.6690560000004,0.9264705882352942,230.0,58.05
1108,q_learning,0.2,0.99,0.03,0.999,0.3300357260543737,800.3885080000005,0.9640582347588716,79.0,56.74166666666667
1109,q_learning,0.2,0.99,0.03,0.999,0.3297056903283193,935.0554400000002,0.8422210005497526,574.0,38.28333333333333
1110,q_learning,0.2,0.99,0.03,0.999,0.329375984637991,810.2870120000002,0.7931465732866433,827.0,25.558333333333334
1111,q_learning,0.2,0.99,0.03,0.999,0.329046608653353,793.3595760000007,0.9408239700374532,158.0,54.1
1112,q_learning,0.2,0.99,0.03,0.999,0.32871756204469965,964.0615280000007,0.8464501926252064,558.0,33.53333333333333
1113,q_learning,0.2,0.99,0.03,0.999,0.32838884448265493,818.8278240000006,0.8849013902360168,356.0,46.21666666666667
1114,q_learning,0.2,0.99,0.03,0.999,0.3280604556381723,1004.0993599999998,0.9488737933500179,143.0,52.516666666666666
1115,q_learning,0.2,0.99,0.03,0.999,0.3277323951825341,766.7463440000002,0.9787906137184116,47.0,69.7
1116,q_learning,0.2,0.99,0.03,0.999,0.3274046627873516,792.3701000000004,0.9688289806234204,74.0,64.54166666666667
1117,q_learning,0.2,0.99,0.03,0.999,0.32707725812456423,840.9390080000002,0.8060941828254847,770.0,25.233333333333334
1118,q_learning,0.2,0.99,0.03,0.999,0.3267501808664397,890.9574120000003,0.8880116959064327,383.0,42.608333333333334
1119,q_learning,0.2,0.99,0.03,0.999,0.3264234306855732,708.5315120000002,0.9470404984423676,136.0,57.28333333333333
1120,q_learning,0.2,0.99,0.03,0.999,0.32609700725488766,858.7402319999999,0.9578639966624948,101.0,62.483333333333334
1121,q_learning,0.2,0.99,0.03,0.999,0.3257709102476328,557.7180880000003,0.9194606413994169,221.0,71.05
1122,q_learning,0.2,0.99,0.03,0.999,0.3254451393373851,799.942768,0.9188619599578504,231.0,55.833333333333336
1123,q_learning,0.2,0.99,0.03,0.999,0.32511969419804776,473.1282680000002,0.9858490566037735,30.0,80.95833333333333
1124,q_learning,0.2,0.99,0.03,0.999,0.3247945745038497,839.4017400000001,0.9553291536050157,114.0,62.65833333333333
1125,q_learning,0.2,0.99,0.03,0.999,0.32446977992934584,543.7034279999999,0.8452414572154758,548.0,47.541666666666664
1126,q_learning,0.2,0.99,0.03,0.999,0.3241453101494165,609.5080440000002,0.9716242661448141,58.0,75.29166666666667
1127,q_learning,0.2,0.99,0.03,0.999,0.3238211648392671,1337.4799560000006,0.9304892601431981,233.0,51.825
1128,q_learning,0.2,0.99,0.03,0.999,0.32349734367442784,833.1429840000001,0.9043687650498796,278.0,51.55
1129,q_learning,0.2,0.99,0.03,0.999,0.3231738463307534,799.7964440000005,0.9271449704142012,197.0,59.44166666666667
1130,q_learning,0.2,0.99,0.03,0.999,0.3228506724844226,904.7699080000004,0.9499793303017776,121.0,56.05833333333333
1131,q_learning,0.2,0.99,0.03,0.999,0.32252782181193823,928.5325919999999,0.9767814251401121,58.0,58.483333333333334
1132,q_learning,0.2,0.99,0.03,0.999,0.32220529399012626,910.6007400000002,0.9598127194693719,103.0,57.74166666666667
1133,q_learning,0.2,0.99,0.03,0.999,0.32188308869613613,773.7439520000004,0.9610843900306077,89.0,57.11666666666667
1134,q_learning,0.2,0.99,0.03,0.999,0.32156120560744,869.7233600000003,0.9279383429672448,187.0,52.516666666666666
1135,q_learning,0.2,0.99,0.03,0.999,0.32123964440183256,846.5153520000002,0.8682361208713985,375.0,32.35
1136,q_learning,0.2,0.99,0.03,0.999,0.3209184047574307,952.7278720000004,0.8878097789685198,335.0,39.666666666666664
1137,q_learning,0.2,0.99,0.03,0.999,0.3205974863526733,888.3443679999997,0.8767252195734002,393.0,37.81666666666667
1138,q_learning,0.2,0.99,0.03,0.999,0.32027688886632066,1116.5158600000009,0.8823696952435204,413.0,29.408333333333335
1139,q_learning,0.2,0.99,0.03,0.999,0.31995661197745434,959.3116959999992,0.9248985115020297,222.0,42.85
1140,q_learning,0.2,0.99,0.03,0.999,0.31963665536547686,868.5522000000003,0.8220294426919033,677.0,29.2
1141,q_learning,0.2,0.99,0.03,0.999,0.31931701871011137,483.2991320000003,0.7107569721115538,1452.0,12.808333333333334
1142,q_learning,0.2,0.99,0.03,0.999,0.3189977016914013,986.9277000000006,0.9412623130244436,161.0,44.75833333333333
1143,q_learning,0.2,0.99,0.03,0.999,0.3186787039897099,603.2660360000001,0.8153544410198935,659.0,48.675
1144,q_learning,0.2,0.99,0.03,0.999,0.31836002528572016,583.6005840000003,0.8497576736672051,465.0,54.6
1145,q_learning,0.2,0.99,0.03,0.999,0.3180416652604344,784.6607760000002,0.9022927689594357,277.0,57.21666666666667
1146,q_learning,0.2,0.99,0.03,0.999,0.31772362359517403,922.3237000000004,0.909300032862307,276.0,49.74166666666667
1147,q_learning,0.2,0.99,0.03,0.999,0.3174058999715788,723.3593079999998,0.8392168495995254,542.0,35.141666666666666
1148,q_learning,0.2,0.99,0.03,0.999,0.3170884940716073,1007.9968800000003,0.9503083061298513,137.0,57.15
1149,q_learning,0.2,0.99,0.03,0.999,0.31677140557753564,656.6310120000003,0.7806451612903226,952.0,27.341666666666665
1150,q_learning,0.2,0.99,0.03,0.999,0.3164546341719581,1025.7630719999997,0.950017850767583,140.0,47.28333333333333
1151,q_learning,0.2,0.99,0.03,0.999,0.31613817953778617,992.220676,0.9317939609236234,192.0,48.25833333333333
1152,q_learning,0.2,0.99,0.03,0.999,0.3158220413582484,788.8453000000003,0.9751830756712775,61.0,66.49166666666666
1153,q_learning,0.2,0.99,0.03,0.999,0.3155062193168901,659.6054959999999,0.9628286491387126,82.0,63.11666666666667
1154,q_learning,0.2,0.99,0.03,0.999,0.31519071309757324,751.9314839999998,0.8786650031191516,389.0,49.108333333333334
1155,q_learning,0.2,0.99,0.03,0.999,0.31487552238447564,876.2726720000002,0.9182219205972175,241.0,45.45
1156,q_learning,0.2,0.99,0.03,0.999,0.3145606468620912,333.24313200000023,0.7435770750988142,1038.0,27.775
1157,q_learning,0.2,0.99,0.03,0.999,0.3142460862152291,718.3184760000003,0.8414667769506479,575.0,42.291666666666664
1158,q_learning,0.2,0.99,0.03,0.999,0.3139318401290139,726.9364000000004,0.7964788732394367,867.0,26.266666666666666
1159,q_learning,0.2,0.99,0.03,0.999,0.31361790828888486,739.3325720000005,0.8944099378881988,306.0,55.425
1160,q_learning,0.2,0.99,0.03,0.999,0.313304290380596,771.6684480000004,0.8130939809926082,708.0,28.066666666666666
1161,q_learning,0.2,0.99,0.03,0.999,0.31299098609021536,592.1534800000004,0.787792943600309,824.0,32.483333333333334
1162,q_learning,0.2,0.99,0.03,0.999,0.31267799510412514,844.4013480000002,0.9829859634198214,40.0,70.49166666666666
1163,q_learning,0.2,0.99,0.03,0.999,0.31236531710902105,823.6832360000004,0.834609075997813,605.0,29.525
1164,q_learning,0.2,0.99,0.03,0.999,0.312052951791912,811.6081920000003,0.9720183486238532,61.0,55.7
1165,q_learning,0.2,0.99,0.03,0.999,0.3117408988401201,1054.4420800000005,0.8719891745602165,473.0,27.05
1166,q_learning,0.2,0.99,0.03,0.999,0.31142915794127995,886.0809760000001,0.918820531488897,223.0,40.083333333333336
1167,q_learning,0.2,0.99,0.03,0.999,0.3111177287833387,1033.1568720000002,0.8538380651945321,556.0,27.516666666666666
1168,q_learning,0.2,0.99,0.03,0.999,0.31080661105455537,671.3588640000003,0.9777397260273972,52.0,57.05
1169,q_learning,0.2,0.99,0.03,0.999,0.3104958044435008,900.715208,0.9957609156422212,10.0,62.233333333333334
1170,q_learning,0.2,0.99,0.03,0.999,0.3101853086390573,881.6033600000002,0.9506692160611855,129.0,58.166666666666664
1171,q_learning,0.2,0.99,0.03,0.999,0.3098751233304182,780.1543400000004,0.8784929356357928,387.0,41.75833333333333
1172,q_learning,0.2,0.99,0.03,0.999,0.3095652482070878,712.1587520000007,0.8748427672955975,398.0,49.1
1173,q_learning,0.2,0.99,0.03,0.999,0.30925568295888073,812.0847440000003,0.8257469980452388,624.0,34.36666666666667
1174,q_learning,0.2,0.99,0.03,0.999,0.30894642727592186,1037.4278200000003,0.9482394366197183,147.0,50.69166666666667
1175,q_learning,0.2,0.99,0.03,0.999,0.30863748084864595,714.7586880000002,0.8022938285090114,724.0,31.283333333333335
1176,q_learning,0.2,0.99,0.03,0.999,0.30832884336779726,883.5949840000002,0.9475639966969447,127.0,48.1
1177,q_learning,0.2,0.99,0.03,0.999,0.30802051452442947,658.6524040000002,0.9223153084539223,204.0,58.125
1178,q_learning,0.2,0.99,0.03,0.999,0.307712494009905,1042.0051959999998,0.9831768388106417,43.0,62.458333333333336
1179,q_learning,0.2,0.99,0.03,0.999,0.3074047815158951,1043.8059759999999,0.9725974527209572,71.0,51.0
1180,q_learning,0.2,0.99,0.03,0.999,0.30709737673437926,713.118224,0.9446929646197642,136.0,65.73333333333333
1181,q_learning,0.2,0.99,0.03,0.999,0.30679027935764486,1173.0968440000001,0.9717902350813743,78.0,43.975
1182,q_learning,0.2,0.99,0.03,0.999,0.3064834890782872,676.3487919999997,0.8418877023768515,459.0,46.38333333333333
1183,q_learning,0.2,0.99,0.03,0.999,0.30617700558920896,653.0352440000006,0.9762131303520457,50.0,76.625
1184,q_learning,0.2,0.99,0.03,0.999,0.30587082858361975,661.99838,0.7986614612381484,722.0,37.25833333333333
1185,q_learning,0.2,0.99,0.03,0.999,0.3055649577550361,1070.908608,0.9246889325474787,230.0,41.1
1186,q_learning,0.2,0.99,0.03,0.999,0.3052593927972811,444.33889200000016,0.9839618552232337,37.0,78.54166666666667
1187,q_learning,0.2,0.99,0.03,0.999,0.3049541334044838,873.2263800000006,0.8260624824092316,618.0,24.208333333333332
1188,q_learning,0.2,0.99,0.03,0.999,0.3046491792710793,465.6763159999999,0.7995963091118801,695.0,41.65833333333333
1189,q_learning,0.2,0.99,0.03,0.999,0.30434453009180823,759.0149960000002,0.9251207729468599,217.0,64.45833333333333
1190,q_learning,0.2,0.99,0.03,0.999,0.3040401855617164,557.5680680000003,0.9153630164460489,211.0,59.40833333333333
1191,q_learning,0.2,0.99,0.03,0.999,0.3037361453761547,950.4922000000003,0.9460269865067467,144.0,58.35
1192,q_learning,0.2,0.99,0.03,0.999,0.3034324092307785,779.193452,0.9684466019417476,78.0,60.25833333333333
1193,q_learning,0.2,0.99,0.03,0.999,0.30312897682154777,787.3012959999999,1.0,0.0,75.93333333333334
1194,q_learning,0.2,0.99,0.03,0.999,0.3028258478447262,1003.6213360000006,0.8983382209188661,312.0,43.516666666666666
1195,q_learning,0.2,0.99,0.03,0.999,0.30252302199688147,954.9582520000004,0.9528776978417266,131.0,65.50833333333334
1196,q_learning,0.2,0.99,0.03,0.999,0.3022204989748846,698.2215840000003,0.938783894823336,149.0,67.28333333333333
1197,q_learning,0.2,0.99,0.03,0.999,0.30191827847590974,748.8593559999999,0.9701746910950149,70.0,70.60833333333333
1198,q_learning,0.2,0.99,0.03,0.999,0.3016163601974338,484.721596,1.0,0.0,76.05833333333334
1199,q_learning,0.2,0.99,0.03,0.999,0.3013147438372364,1191.288812,0.9653635116598079,101.0,45.55833333333333
1200,q_learning,0.2,0.99,0.03,0.999,0.3010134290933991,1125.2645200000002,0.8721660748429391,468.0,35.18333333333333
1201,q_learning,0.2,0.99,0.03,0.999,0.30071241566430573,593.4548560000003,0.8066717210007581,765.0,43.11666666666667
1202,q_learning,0.2,0.99,0.03,0.999,0.3004117032486414,536.7931200000002,0.8468590831918505,451.0,45.96666666666667
1203,q_learning,0.2,0.99,0.03,0.999,0.3001112915453928,742.1050960000001,0.9568145800316957,109.0,61.6
1204,q_learning,0.2,0.99,0.03,0.999,0.2998111802538474,778.9020839999998,0.8342808413871518,583.0,43.675
1205,q_learning,0.2,0.99,0.03,0.999,0.29951136907359355,1076.573152,0.8961366181410975,371.0,42.483333333333334
1206,q_learning,0.2,0.99,0.03,0.999,0.29921185770451997,971.0312479999998,0.8669246799642751,447.0,47.05
1207,q_learning,0.2,0.99,0.03,0.999,0.29891264584681543,921.5555840000003,0.8431426985008329,565.0,34.93333333333333
1208,q_learning,0.2,0.99,0.03,0.999,0.2986137332009686,857.6079040000006,0.8367943843229014,558.0,22.2
1209,q_learning,0.2,0.99,0.03,0.999,0.2983151194677677,1191.461804,0.9472668810289389,164.0,48.15833333333333
1210,q_learning,0.2,0.99,0.03,0.999,0.2980168043482999,393.3864640000003,0.8651459241865146,402.0,57.516666666666666
1211,q_learning,0.2,0.99,0.03,0.999,0.2977187875439516,711.4865760000005,0.8711928934010152,406.0,51.61666666666667
1212,q_learning,0.2,0.99,0.03,0.999,0.2974210687564076,1098.2925119999995,0.9593175853018373,124.0,58.9
1213,q_learning,0.2,0.99,0.03,0.999,0.2971236476876512,749.6552920000001,0.9871904355251921,30.0,71.30833333333334
1214,q_learning,0.2,0.99,0.03,0.999,0.29682652403996357,704.2289680000006,0.8803418803418803,392.0,41.65
1215,q_learning,0.2,0.99,0.03,0.999,0.2965296975159236,706.8788720000001,1.0,0.0,74.48333333333333
1216,q_learning,0.2,0.99,0.03,0.999,0.2962331678184077,681.4034200000003,0.9040339702760085,226.0,48.425
1217,q_learning,0.2,0.99,0.03,0.999,0.2959369346505893,991.2221560000002,0.9790927021696253,53.0,62.541666666666664
1218,q_learning,0.2,0.99,0.03,0.999,0.2956409977159387,518.1059120000001,0.8422103861517976,474.0,54.18333333333333
1219,q_learning,0.2,0.99,0.03,0.999,0.29534535671822276,922.2750480000004,0.9610189116171363,101.0,65.16666666666667
1220,q_learning,0.2,0.99,0.03,0.999,0.29505001136150455,1240.2949520000006,0.9533045977011494,130.0,43.63333333333333
1221,q_learning,0.2,0.99,0.03,0.999,0.294754961350143,785.0919080000001,0.8194896851248643,665.0,32.74166666666667
1222,q_learning,0.2,0.99,0.03,0.999,0.2944602063887929,659.2701080000002,0.8809859154929578,338.0,47.05833333333333
1223,q_learning,0.2,0.99,0.03,0.999,0.2941657461824041,540.057852,0.8271113831089352,565.0,48.90833333333333
1224,q_learning,0.2,0.99,0.03,0.999,0.2938715804362217,880.9896880000001,0.9691506410256411,77.0,63.4
1225,q_learning,0.2,0.99,0.03,0.999,0.2935777088557855,993.2363560000003,0.9444444444444444,147.0,50.00833333333333
1226,q_learning,0.2,0.99,0.03,0.999,0.2932841311469297,879.0328199999998,0.9801423754215062,53.0,67.90833333333333
1227,q_learning,0.2,0.99,0.03,0.999,0.29299084701578276,690.9097000000005,0.9373601789709173,168.0,70.50833333333334
1228,q_learning,0.2,0.99,0.03,0.999,0.292697856168767,839.9938200000001,0.9979449239621866,5.0,68.49166666666666
1229,q_learning,0.2,0.99,0.03,0.999,0.2924051583125982,664.6047040000001,0.9189086775293672,214.0,61.06666666666667
1230,q_learning,0.2,0.99,0.03,0.999,0.2921127531542856,776.2192,0.9603017070265979,100.0,56.416666666666664
1231,q_learning,0.2,0.99,0.03,0.999,0.2918206404011313,1193.6265199999998,0.9306581059390048,216.0,47.2
1232,q_learning,0.2,0.99,0.03,0.999,0.2915288197607302,627.8488280000001,0.9675675675675676,72.0,70.79166666666667
1233,q_learning,0.2,0.99,0.03,0.999,0.29123729094096945,795.4502480000001,0.788135593220339,875.0,17.65
1234,q_learning,0.2,0.99,0.03,0.999,0.29094605365002846,827.8848879999998,0.7900221729490022,947.0,22.15
1235,q_learning,0.2,0.99,0.03,0.999,0.29065510759637847,1190.1937360000002,0.8922540873760386,402.0,34.483333333333334
1236,q_learning,0.2,0.99,0.03,0.999,0.29036445248878207,460.26964000000027,1.0,0.0,90.78333333333333
1237,q_learning,0.2,0.99,0.03,0.999,0.2900740880362933,584.0904160000001,0.7886382623224728,759.0,44.416666666666664
1238,q_learning,0.2,0.99,0.03,0.999,0.289784013948257,704.702304,0.9445166883398353,128.0,64.83333333333333
1239,q_learning,0.2,0.99,0.03,0.999,0.28949422993430873,865.3587920000002,0.9064089521871821,276.0,56.56666666666667
1240,q_learning,0.2,0.99,0.03,0.999,0.28920473570437444,1122.4257040000002,0.8958076448828607,338.0,35.11666666666667
1241,q_learning,0.2,0.99,0.03,0.999,0.28891553096867006,928.2476640000006,0.7863266652011431,972.0,18.533333333333335
1242,q_learning,0.2,0.99,0.03,0.999,0.2886266154377014,798.9050080000001,0.8436046511627907,538.0,35.71666666666667
1243,q_learning,0.2,0.99,0.03,0.999,0.2883379888222637,619.440016,0.8767843726521413,328.0,58.766666666666666
1244,q_learning,0.2,0.99,0.03,0.999,0.2880496508334414,646.1628560000003,0.8859773371104815,322.0,57.0
1245,q_learning,0.2,0.99,0.03,0.999,0.28776160118260796,522.4198280000002,0.8106291997556506,620.0,54.19166666666667
1246,q_learning,0.2,0.99,0.03,0.999,0.28747383958142536,715.8601639999999,0.8849413298565841,353.0,64.20833333333333
1247,q_learning,0.2,0.99,0.03,0.999,0.287186365741844,1054.924992,0.8984238178633975,348.0,43.56666666666667
1248,q_learning,0.2,0.99,0.03,0.999,0.2868991793761021,843.8315040000001,0.8867250892567349,349.0,57.88333333333333
1249,q_learning,0.2,0.99,0.03,0.999,0.286612280196726,871.59426,0.9738589211618257,63.0,58.375
1250,q_learning,0.2,0.99,0.03,0.999,0.2863256679165293,952.5488200000001,0.9722662440570523,70.0,64.675
1251,q_learning,0.2,0.99,0.03,0.999,0.28603934224861277,741.2836560000004,0.9777158774373259,56.0,80.83333333333333
1252,q_learning,0.2,0.99,0.03,0.999,0.28575330290636414,900.2804079999999,0.9649259547934529,90.0,58.11666666666667
1253,q_learning,0.2,0.99,0.03,0.999,0.28546754960345777,955.9481720000005,0.898815241754723,316.0,51.708333333333336
1254,q_learning,0.2,0.99,0.03,0.999,0.2851820820538543,913.1543440000002,0.8770806658130602,384.0,44.266666666666666
1255,q_learning,0.2,0.99,0.03,0.999,0.28489689997180045,663.4355079999999,0.8280400572246066,601.0,47.325
1256,q_learning,0.2,0.99,0.03,0.999,0.28461200307182866,1062.7031040000002,0.9892215568862276,27.0,65.08333333333333
1257,q_learning,0.2,0.99,0.03,0.999,0.2843273910687568,1125.4674680000003,0.8907439953134153,373.0,43.608333333333334
1258,q_learning,0.2,0.99,0.03,0.999,0.28404306367768806,740.631308,0.9868881118881119,30.0,66.375
1259,q_learning,0.2,0.99,0.03,0.999,0.28375902061401037,899.3411800000006,0.8488102147417296,521.0,40.825
1260,q_learning,0.2,0.99,0.03,0.999,0.28347526159339637,844.0476480000002,0.9797734627831716,50.0,63.666666666666664
1261,q_learning,0.2,0.99,0.03,0.999,0.283191786331803,724.354968,0.981023102310231,46.0,70.91666666666667
1262,q_learning,0.2,0.99,0.03,0.999,0.2829085945454712,588.1936440000002,0.869882026370576,375.0,53.958333333333336
1263,q_learning,0.2,0.99,0.03,0.999,0.2826256859509257,553.2947639999999,0.8259397223162885,514.0,50.608333333333334
1264,q_learning,0.2,0.99,0.03,0.999,0.2823430602649748,658.2954560000001,0.8633561643835617,399.0,51.2
1265,q_learning,0.2,0.99,0.03,0.999,0.2820607172047098,677.1554800000001,0.8396830234684547,526.0,48.43333333333333
1266,q_learning,0.2,0.99,0.03,0.999,0.2817786564875051,952.1438080000006,0.9015784586815228,318.0,46.083333333333336
1267,q_learning,0.2,0.99,0.03,0.999,0.28149687783101757,737.3313880000002,0.8448221592697513,493.0,43.108333333333334
1268,q_learning,0.2,0.99,0.03,0.999,0.28121538095318654,545.9742639999998,0.7661117078410311,871.0,32.166666666666664
1269,q_learning,0.2,0.99,0.03,0.999,0.2809341655722334,1035.511516,0.9408194233687405,156.0,40.641666666666666
1270,q_learning,0.2,0.99,0.03,0.999,0.28065323140666115,1181.1237720000001,0.8944229048613183,354.0,36.34166666666667
1271,q_learning,0.2,0.99,0.03,0.999,0.28037257817525446,845.5245040000004,0.9279314374756525,185.0,54.45
1272,q_learning,0.2,0.99,0.03,0.999,0.2800922055970792,393.8657160000001,0.8622950819672132,378.0,61.44166666666667
1273,q_learning,0.2,0.99,0.03,0.999,0.27981211339148215,788.9070399999998,0.8441276727610784,503.0,33.1
1274,q_learning,0.2,0.99,0.03,0.999,0.27953230127809064,801.4618400000004,0.9322344322344323,185.0,57.583333333333336
1275,q_learning,0.2,0.99,0.03,0.999,0.27925276897681256,880.7634799999998,0.9776331842212281,55.0,60.733333333333334
1276,q_learning,0.2,0.99,0.03,0.999,0.2789735162078358,776.955084,0.9779771615008157,54.0,61.94166666666667
1277,q_learning,0.2,0.99,0.03,0.999,0.2786945426916279,616.24088,0.7869051227644741,703.0,25.666666666666668
1278,q_learning,0.2,0.99,0.03,0.999,0.2784158481489363,771.2937200000002,0.8792286874154263,357.0,39.96666666666667
1279,q_learning,0.2,0.99,0.03,0.999,0.27813743230078736,757.8034760000005,0.8702956989247311,386.0,44.59166666666667
1280,q_learning,0.2,0.99,0.03,0.999,0.2778592948684866,863.7105240000002,0.8679857281868311,407.0,37.041666666666664
1281,q_learning,0.2,0.99,0.03,0.999,0.2775814355736181,688.1639479999999,0.963339222614841,83.0,62.00833333333333
1282,q_learning,0.2,0.99,0.03,0.999,0.2773038541380445,921.9965720000001,0.9672915835660152,82.0,52.09166666666667
1283,q_learning,0.2,0.99,0.03,0.999,0.27702655028390644,1028.052444,0.9631760644418872,96.0,58.15833333333333
1284,q_learning,0.2,0.99,0.03,0.999,0.2767495237336225,1019.1060280000002,0.9548573492235464,125.0,57.891666666666666
1285,q_learning,0.2,0.99,0.03,0.999,0.2764727742098889,954.112468,0.9760765550239234,60.0,55.525
1286,q_learning,0.2,0.99,0.03,0.999,0.276196301435679,782.2376520000003,0.8941548183254344,335.0,58.791666666666664
1287,q_learning,0.2,0.99,0.03,0.999,0.2759201051342433,775.809512,0.965583913379737,89.0,75.13333333333334
1288,q_learning,0.2,0.99,0.03,0.999,0.2756441850291091,710.387176,0.7824527850824767,910.0,30.5
1289,q_learning,0.2,0.99,0.03,0.999,0.27536854084407997,542.2715760000002,0.8094964028776979,662.0,48.016666666666666
1290,q_learning,0.2,0.99,0.03,0.999,0.2750931723032359,669.9043200000001,0.983578947368421,39.0,78.23333333333333
1291,q_learning,0.2,0.99,0.03,0.999,0.27481807913093265,675.1456520000004,0.7432321575061526,1252.0,11.725
1292,q_learning,0.2,0.99,0.03,0.999,0.2745432610518017,850.0106920000001,0.9960159362549801,9.0,70.575
1293,q_learning,0.2,0.99,0.03,0.999,0.2742687177907499,521.0989240000002,0.7875586854460094,724.0,51.575
1294,q_learning,0.2,0.99,0.03,0.999,0.27399444907295917,989.1731760000001,0.9866036249014972,34.0,60.833333333333336
1295,q_learning,0.2,0.99,0.03,0.999,0.2737204546238862,889.731896,0.9481946624803768,132.0,59.266666666666666
1296,q_learning,0.2,0.99,0.03,0.999,0.27344673416926235,1277.179296,0.9442255228857229,184.0,43.63333333333333
1297,q_learning,0.2,0.99,0.03,0.999,0.27317328743509306,686.8999280000002,0.8990469466996117,286.0,66.83333333333333
1298,q_learning,0.2,0.99,0.03,0.999,0.27290011414765797,776.1063720000002,0.8347778981581798,610.0,32.69166666666667
1299,q_learning,0.2,0.99,0.03,0.999,0.2726272140335103,656.4714240000002,0.8036742528105292,716.0,35.18333333333333
1300,q_learning,0.2,0.99,0.03,0.999,0.2723545868194768,941.9898960000003,0.8904617458712504,325.0,39.05
1301,q_learning,0.2,0.99,0.03,0.999,0.2720822322326573,968.5245920000001,0.9446315001870558,148.0,55.93333333333333
1302,q_learning,0.2,0.99,0.03,0.999,0.2718101500004247,985.8285680000001,0.8536842105263158,556.0,36.2
1303,q_learning,0.2,0.99,0.03,0.999,0.27153833985042425,905.4976120000003,0.9341967098354917,188.0,61.05833333333333
1304,q_learning,0.2,0.99,0.03,0.999,0.2712668015105738,626.0499680000004,0.8807605543022881,370.0,51.96666666666667
1305,q_learning,0.2,0.99,0.03,0.999,0.27099553470906323,709.0171600000003,0.8944555778223113,316.0,60.766666666666666
1306,q_learning,0.2,0.99,0.03,0.999,0.2707245391743542,990.0895959999999,0.8770783847980997,414.0,45.09166666666667
1307,q_learning,0.2,0.99,0.03,0.999,0.2704538146351798,712.6077959999996,0.8684660061496413,385.0,57.34166666666667
1308,q_learning,0.2,0.99,0.03,0.999,0.27018336082054467,812.1123360000001,0.892632241813602,341.0,53.28333333333333
1309,q_learning,0.2,0.99,0.03,0.999,0.2699131774597241,1168.3639799999999,0.9588563458856346,118.0,46.708333333333336
1310,q_learning,0.2,0.99,0.03,0.999,0.26964326428226437,1185.856456,0.904243119266055,334.0,42.0
1311,q_learning,0.2,0.99,0.03,0.999,0.2693736210179821,843.0110639999997,0.9496619083395943,134.0,61.45
1312,q_learning,0.2,0.99,0.03,0.999,0.26910424739696415,751.3389160000002,1.0,0.0,79.85833333333333
1313,q_learning,0.2,0.99,0.03,0.999,0.2688351431495672,682.301332,0.9974259974259975,6.0,77.70833333333333
1314,q_learning,0.2,0.99,0.03,0.999,0.2685663080064176,836.3401680000003,0.931501693639443,182.0,52.46666666666667
1315,q_learning,0.2,0.99,0.03,0.999,0.2682977416984112,832.0354080000001,0.8671393341553637,431.0,39.233333333333334
1316,q_learning,0.2,0.99,0.03,0.999,0.26802944395671274,779.4785000000002,0.9505688505296195,126.0,61.325
1317,q_learning,0.2,0.99,0.03,0.999,0.26776141451275604,950.2183920000004,0.9918856259659969,21.0,75.3
1318,q_learning,0.2,0.99,0.03,0.999,0.2674936530982433,1126.2373319999997,0.9442353746151214,163.0,57.65833333333333
1319,q_learning,0.2,0.99,0.03,0.999,0.26722615944514505,990.69592,0.8749303621169916,449.0,41.35
1320,q_learning,0.2,0.99,0.03,0.999,0.2669589332856999,436.6371600000002,0.9716636197440585,62.0,78.91666666666667
1321,q_learning,0.2,0.99,0.03,0.999,0.2666919743524142,938.3747080000002,0.8837280836665641,378.0,49.641666666666666
1322,q_learning,0.2,0.99,0.03,0.999,0.2664252823780618,823.2972160000002,0.9289883268482491,219.0,56.38333333333333
1323,q_learning,0.2,0.99,0.03,0.999,0.2661588570956837,1047.8458520000001,0.9243506493506494,233.0,37.625
1324,q_learning,0.2,0.99,0.03,0.999,0.2658926982385881,1259.3728279999998,0.9660958904109589,99.0,38.108333333333334
1325,q_learning,0.2,0.99,0.03,0.999,0.26562680554034945,983.2053919999994,0.9976114649681529,6.0,64.33333333333333
1326,q_learning,0.2,0.99,0.03,0.999,0.26536117873480913,862.7457,0.86794682422452,447.0,45.125
1327,q_learning,0.2,0.99,0.03,0.999,0.2650958175560743,932.0024120000002,0.863255033557047,489.0,33.40833333333333
1328,q_learning,0.2,0.99,0.03,0.999,0.26483072173851824,702.8069440000002,0.8093352192362093,674.0,36.88333333333333
1329,q_learning,0.2,0.99,0.03,0.999,0.2645658910167797,1047.4812800000004,0.9049984476870537,306.0,45.21666666666667
1330,q_learning,0.2,0.99,0.03,0.999,0.26430132512576293,625.2699440000001,0.7327586206896551,1178.0,13.783333333333333
1331,q_learning,0.2,0.99,0.03,0.999,0.26403702380063715,914.0892599999996,0.9418733802295446,157.0,59.84166666666667
1332,q_learning,0.2,0.99,0.03,0.999,0.2637729867768365,661.6804440000003,0.8403361344537815,494.0,42.608333333333334
1333,q_learning,0.2,0.99,0.03,0.999,0.2635092137900597,972.490572,0.8918254456054088,352.0,44.075
1334,q_learning,0.2,0.99,0.03,0.999,0.2632457045762696,811.7177759999997,0.9376899696048632,164.0,58.81666666666667
1335,q_learning,0.2,0.99,0.03,0.999,0.26298245887169336,635.971976,0.7973781704189228,711.0,38.68333333333333
1336,q_learning,0.2,0.99,0.03,0.999,0.2627194764128217,910.8298400000003,0.892809587217044,322.0,39.766666666666666
1337,q_learning,0.2,0.99,0.03,0.999,0.26245675693640885,716.4910040000002,0.9525021204410518,112.0,69.05833333333334
1338,q_learning,0.2,0.99,0.03,0.999,0.26219430017947243,582.0914040000002,0.8825289936401047,314.0,50.94166666666667
1339,q_learning,0.2,0.99,0.03,0.999,0.26193210587929294,1079.5784200000003,0.953862660944206,129.0,51.225
1340,q_learning,0.2,0.99,0.03,0.999,0.2616701737734137,908.8908000000001,0.958484482063684,103.0,56.43333333333333
1341,q_learning,0.2,0.99,0.03,0.999,0.26140850359964024,850.4904720000001,0.8243835616438356,641.0,25.033333333333335
1342,q_learning,0.2,0.99,0.03,0.999,0.2611470950960406,977.2116040000001,0.8788620373202815,396.0,41.891666666666666
1343,q_learning,0.2,0.99,0.03,0.999,0.26088594800094456,1036.933892,0.8716480867731244,426.0,33.725
1344,q_learning,0.2,0.99,0.03,0.999,0.2606250620529436,754.8918680000008,0.8559837728194726,497.0,37.425
1345,q_learning,0.2,0.99,0.03,0.999,0.2603644369908907,840.2271399999998,0.9030790762771168,277.0,55.84166666666667
1346,q_learning,0.2,0.99,0.03,0.999,0.2601040725538998,780.5082240000004,0.8501466275659824,511.0,39.65
1347,q_learning,0.2,0.99,0.03,0.999,0.2598439684813459,857.6008079999998,0.986892177589852,31.0,79.28333333333333
1348,q_learning,0.2,0.99,0.03,0.999,0.25958412451286456,714.850596,0.9794745484400657,50.0,64.95833333333333
1349,q_learning,0.2,0.99,0.03,0.999,0.2593245403883517,971.0545440000005,0.9876494023904383,31.0,69.45
1350,q_learning,0.2,0.99,0.03,0.999,0.2590652158479633,606.0904000000003,0.8928925619834711,324.0,61.65
1351,q_learning,0.2,0.99,0.03,0.999,0.2588061506321154,686.3481920000004,0.7993639014047177,757.0,34.13333333333333
1352,q_learning,0.2,0.99,0.03,0.999,0.25854734448148325,774.4733440000002,0.8022739877981142,713.0,38.733333333333334
1353,q_learning,0.2,0.99,0.03,0.999,0.25828879713700176,1101.0392520000003,0.8842686827566153,398.0,31.725
1354,q_learning,0.2,0.99,0.03,0.999,0.2580305083398648,697.8553720000001,0.9725114535610162,66.0,71.89166666666667
1355,q_learning,0.2,0.99,0.03,0.999,0.2577724778315249,869.3497400000002,0.955470737913486,105.0,55.358333333333334
1356,q_learning,0.2,0.99,0.03,0.999,0.25751470535369336,1227.7167440000003,0.9069270674397315,305.0,40.083333333333336
1357,q_learning,0.2,0.99,0.03,0.999,0.2572571906483397,833.7970040000001,0.8179369781847563,676.0,21.575
1358,q_learning,0.2,0.99,0.03,0.999,0.25699993345769134,986.8487720000003,0.9760596546310832,61.0,64.575
1359,q_learning,0.2,0.99,0.03,0.999,0.25674293352423366,872.5236239999999,0.9441644048080652,144.0,55.78333333333333
1360,q_learning,0.2,0.99,0.03,0.999,0.25648619059070943,781.5041239999999,0.9778406412069779,47.0,59.34166666666667
1361,q_learning,0.2,0.99,0.03,0.999,0.2562297044001187,801.3302,0.9876910016977929,29.0,68.5
1362,q_learning,0.2,0.99,0.03,0.999,0.2559734746957186,1050.1311199999998,0.9055407209612817,283.0,43.43333333333333
1363,q_learning,0.2,0.99,0.03,0.999,0.2557175012210229,800.677788,0.869281045751634,400.0,45.875
1364,q_learning,0.2,0.99,0.03,0.999,0.2554617837198018,882.8065520000006,0.928441699963676,197.0,56.233333333333334
1365,q_learning,0.2,0.99,0.03,0.999,0.25520632193608206,803.054364,0.9921584812216261,19.0,74.725
1366,q_learning,0.2,0.99,0.03,0.999,0.25495111561414596,1209.0690480000003,0.8836619718309859,413.0,37.85
1367,q_learning,0.2,0.99,0.03,0.999,0.25469616449853183,942.0882080000003,0.985649856498565,35.0,70.61666666666666
1368,q_learning,0.2,0.99,0.03,0.999,0.2544414683340333,1183.8433400000001,0.9581245526127415,117.0,59.791666666666664
1369,q_learning,0.2,0.99,0.03,0.999,0.2541870268656993,995.5415520000001,0.8700854700854701,456.0,35.916666666666664
1370,q_learning,0.2,0.99,0.03,0.999,0.2539328398388336,673.780384,0.7829029832038105,866.0,27.45
1371,q_learning,0.2,0.99,0.03,0.999,0.2536789069989947,887.3568560000001,0.8217979315831344,672.0,26.216666666666665
1372,q_learning,0.2,0.99,0.03,0.999,0.25342522809199575,650.0407560000002,0.8930793157076206,275.0,55.99166666666667
1373,q_learning,0.2,0.99,0.03,0.999,0.2531718028639037,873.5716639999998,0.9573568958893585,111.0,55.483333333333334
1374,q_learning,0.2,0.99,0.03,0.999,0.25291863106103984,1381.5279520000006,0.9021473226420222,360.0,29.433333333333334
1375,q_learning,0.2,0.99,0.03,0.999,0.25266571242997876,751.9596560000007,0.7961087420042644,765.0,23.95
1376,q_learning,0.2,0.99,0.03,0.999,0.25241304671754883,878.4022160000002,0.9092671578131059,234.0,50.3
1377,q_learning,0.2,0.99,0.03,0.999,0.25216063367083125,974.386564,0.9968429360694554,8.0,65.99166666666666
1378,q_learning,0.2,0.99,0.03,0.999,0.2519084730371604,1056.7401040000004,0.8968698517298188,313.0,38.45
1379,q_learning,0.2,0.99,0.03,0.999,0.2516565645641233,1070.1070040000004,0.9577167019027484,120.0,51.90833333333333
1380,q_learning,0.2,0.99,0.03,0.999,0.25140490799955917,685.641292,0.7851509382648899,790.0,27.691666666666666
1381,q_learning,0.2,0.99,0.03,0.999,0.2511535030915596,826.4178360000003,0.9943404440574662,13.0,73.825
1382,q_learning,0.2,0.99,0.03,0.999,0.250902349588468,1258.6631960000004,0.9445727482678984,168.0,39.625
1383,q_learning,0.2,0.99,0.03,0.999,0.25065144723887955,697.7697679999999,0.8406921241050119,534.0,45.233333333333334
1384,q_learning,0.2,0.99,0.03,0.999,0.25040079579164065,810.7917120000004,0.929718875502008,175.0,60.36666666666667
1385,q_learning,0.2,0.99,0.03,0.999,0.250150394995849,920.7922920000003,0.9393939393939394,162.0,48.458333333333336
1386,q_learning,0.2,0.99,0.03,0.999,0.2499002446008532,955.5810120000003,0.8890865954922894,374.0,41.458333333333336
1387,q_learning,0.2,0.99,0.03,0.999,0.24965034435625233,801.9519000000001,0.9584404455869752,97.0,64.94166666666666
1388,q_learning,0.2,0.99,0.03,0.999,0.24940069401189607,656.121268,0.8027285129604366,723.0,45.025
1389,q_learning,0.2,0.99,0.03,0.999,0.2491512933178842,661.7852639999996,0.7533378592441728,1090.0,22.883333333333333
1390,q_learning,0.2,0.99,0.03,0.999,0.2489021420245663,875.5822720000003,0.9551867219917013,108.0,61.53333333333333
1391,q_learning,0.2,0.99,0.03,0.999,0.24865323988254173,609.3868759999999,0.770281124497992,858.0,23.908333333333335
1392,q_learning,0.2,0.99,0.03,0.999,0.2484045866426592,1191.876396,0.9455687369155618,156.0,49.65833333333333
1393,q_learning,0.2,0.99,0.03,0.999,0.24815618205601653,890.3456199999998,0.8360370799536501,566.0,39.59166666666667
1394,q_learning,0.2,0.99,0.03,0.999,0.24790802587396052,1053.3102239999998,0.8620892018779343,470.0,34.583333333333336
1395,q_learning,0.2,0.99,0.03,0.999,0.24766011784808656,893.603776,0.9874350086655113,29.0,64.36666666666666
1396,q_learning,0.2,0.99,0.03,0.999,0.24741245773023846,1179.188304,0.925764192139738,221.0,54.13333333333333
1397,q_learning,0.2,0.99,0.03,0.999,0.24716504527250824,1139.515564,0.904199066874028,308.0,32.90833333333333
1398,q_learning,0.2,0.99,0.03,0.999,0.2469178802272357,730.3467440000001,0.7565891472868217,1099.0,16.283333333333335
1399,q_learning,0.2,0.99,0.03,0.999,0.24667096234700847,871.170896,0.9484909456740442,128.0,63.233333333333334
1400,q_learning,0.2,0.99,0.03,0.999,0.2464242913846615,1182.9747960000007,0.9340830990315526,211.0,43.15833333333333
1401,q_learning,0.2,0.99,0.03,0.999,0.24617786709327683,885.0875080000001,0.8098175276278592,740.0,25.858333333333334
1402,q_learning,0.2,0.99,0.03,0.999,0.24593168922618353,1006.6347920000003,0.940978707508405,158.0,49.983333333333334
1403,q_learning,0.2,0.99,0.03,0.999,0.24568575753695734,867.5083799999998,0.984869325997249,33.0,62.608333333333334
1404,q_learning,0.2,0.99,0.03,0.999,0.2454400717794204,1097.9051880000006,0.9181401440733464,250.0,48.825
1405,q_learning,0.2,0.99,0.03,0.999,0.24519463170764097,976.1075719999999,0.9021776702385067,283.0,53.975
1406,q_learning,0.2,0.99,0.03,0.999,0.24494943707593334,1151.2350560000011,0.9498910675381264,138.0,48.55
1407,q_learning,0.2,0.99,0.03,0.999,0.2447044876388574,916.6057079999999,1.0,0.0,68.34166666666667
1408,q_learning,0.2,0.99,0.03,0.999,0.24445978315121855,891.1870559999999,0.8686224489795918,412.0,41.8
1409,q_learning,0.2,0.99,0.03,0.999,0.2442153233680673,548.8808080000003,0.9771028037383177,49.0,73.7
1410,q_learning,0.2,0.99,0.03,0.999,0.24397110804469926,1004.8696280000006,0.8925879396984925,342.0,40.875
1411,q_learning,0.2,0.99,0.03,0.999,0.24372713693665454,808.7807840000003,0.8807544757033248,373.0,49.96666666666667
1412,q_learning,0.2,0.99,0.03,0.999,0.2434834097997179,825.1184239999997,0.842873831775701,538.0,33.03333333333333
1413,q_learning,0.2,0.99,0.03,0.999,0.24323992638991818,832.3068800000005,0.9158610812746151,235.0,48.56666666666667
1414,q_learning,0.2,0.99,0.03,0.999,0.24299668646352826,975.855788,0.8771875,393.0,35.275
1415,q_learning,0.2,0.99,0.03,0.999,0.24275368977706474,836.1568320000001,0.950976319069381,118.0,63.28333333333333
1416,q_learning,0.2,0.99,0.03,0.999,0.24251093608728766,1114.0514840000003,0.9780769230769231,57.0,50.708333333333336
1417,q_learning,0.2,0.99,0.03,0.999,0.2422684251512004,1194.3680719999993,0.9456967213114754,159.0,42.983333333333334
1418,q_learning,0.2,0.99,0.03,0.999,0.24202615672604919,581.1657199999999,0.9688806316767301,67.0,76.68333333333334
1419,q_learning,0.2,0.99,0.03,0.999,0.24178413056932313,757.3690680000004,0.9320987654320988,187.0,59.175
1420,q_learning,0.2,0.99,0.03,0.999,0.2415423464387538,1077.9055,0.9093070652173914,267.0,38.19166666666667
1421,q_learning,0.2,0.99,0.03,0.999,0.24130080409231505,526.9811880000003,0.8201902424056459,586.0,41.975
1422,q_learning,0.2,0.99,0.03,0.999,0.24105950328822273,861.3577800000002,0.9397884458909682,148.0,60.791666666666664
1423,q_learning,0.2,0.99,0.03,0.999,0.24081844378493453,995.637528,0.9411544227886057,157.0,58.483333333333334
1424,q_learning,0.2,0.99,0.03,0.999,0.24057762534114957,585.8066920000002,0.9460974557999138,125.0,71.15833333333333
1425,q_learning,0.2,0.99,0.03,0.999,0.24033704771580844,932.0943960000004,0.9173144876325088,234.0,45.75833333333333
1426,q_learning,0.2,0.99,0.03,0.999,0.24009671066809263,932.9282600000004,0.9502059153874953,133.0,60.675
1427,q_learning,0.2,0.99,0.03,0.999,0.23985661395742452,732.997252,0.8507556675062973,474.0,50.958333333333336
1428,q_learning,0.2,0.99,0.03,0.999,0.2396167573434671,671.8378040000003,0.7900385250412768,763.0,33.291666666666664
1429,q_learning,0.2,0.99,0.03,0.999,0.23937714058612364,926.5585399999999,0.9643268124280783,93.0,56.291666666666664
1430,q_learning,0.2,0.99,0.03,0.999,0.23913776344553753,1225.3868440000003,0.9712885154061625,82.0,51.15833333333333
1431,q_learning,0.2,0.99,0.03,0.999,0.23889862568209197,694.1800479999999,0.8198146002317497,622.0,42.81666666666667
1432,q_learning,0.2,0.99,0.03,0.999,0.2386597270564099,754.0729400000002,0.8289473684210527,598.0,32.00833333333333
1433,q_learning,0.2,0.99,0.03,0.999,0.23842106732935348,868.8110320000003,0.83417225950783,593.0,33.11666666666667
1434,q_learning,0.2,0.99,0.03,0.999,0.23818264626202412,766.9428280000003,0.8785425101214575,360.0,54.641666666666666
1435,q_learning,0.2,0.99,0.03,0.999,0.2379444636157621,694.5913360000001,0.7578796561604585,1014.0,27.366666666666667
1436,q_learning,0.2,0.99,0.03,0.999,0.23770651915214633,840.8928320000001,0.9802828975567939,46.0,68.55
1437,q_learning,0.2,0.99,0.03,0.999,0.2374688126329942,424.3977360000002,0.7728395061728395,736.0,45.71666666666667
1438,q_learning,0.2,0.99,0.03,0.999,0.2372313438203612,837.527556,0.7767548906789413,970.0,18.725
1439,q_learning,0.2,0.99,0.03,0.999,0.23699411247654084,629.0861600000001,0.8574992204552542,457.0,57.21666666666667
1440,q_learning,0.2,0.99,0.03,0.999,0.2367571183640643,651.0598920000002,0.8991784914115011,270.0,59.575
1441,q_learning,0.2,0.99,0.03,0.999,0.23652036124570022,772.4954160000002,0.9348370927318296,156.0,67.66666666666667
1442,q_learning,0.2,0.99,0.03,0.999,0.23628384088445453,1049.0871720000005,0.9481030780243379,145.0,50.575
1443,q_learning,0.2,0.99,0.03,0.999,0.23604755704357008,692.0547680000003,0.9111024844720497,229.0,65.41666666666667
1444,q_learning,0.2,0.99,0.03,0.999,0.2358115094865265,657.3338480000004,0.989100817438692,24.0,77.41666666666667
1445,q_learning,0.2,0.99,0.03,0.999,0.23557569797703998,685.0615200000001,0.9406504065040651,146.0,71.18333333333334
1446,q_learning,0.2,0.99,0.03,0.999,0.23534012227906292,723.6422080000004,0.8715333120816067,403.0,49.833333333333336
1447,q_learning,0.2,0.99,0.03,0.999,0.23510478215678388,808.8838959999997,0.9814066289409863,46.0,69.31666666666666
1448,q_learning,0.2,0.99,0.03,0.999,0.23486967737462708,852.9534360000002,0.8335712246645732,583.0,39.30833333333333
1449,q_learning,0.2,0.99,0.03,0.999,0.23463480769725245,762.2033719999997,0.875727490585416,363.0,57.325
1450,q_learning,0.2,0.99,0.03,0.999,0.2344001728895552,1094.2984800000006,0.8485671936758893,613.0,29.966666666666665
1451,q_learning,0.2,0.99,0.03,0.999,0.23416577271666567,908.1460520000005,0.9741811175337187,67.0,73.40833333333333
1452,q_learning,0.2,0.99,0.03,0.999,0.233931606943949,869.3630680000005,0.82257643062451,679.0,37.59166666666667
1453,q_learning,0.2,0.99,0.03,0.999,0.23369767533700503,755.9604920000003,0.9352403655145014,163.0,64.75833333333334
1454,q_learning,0.2,0.99,0.03,0.999,0.23346397766166804,805.954888,0.7816773017319963,958.0,18.816666666666666
1455,q_learning,0.2,0.99,0.03,0.999,0.23323051368400635,997.1342040000003,0.8455801104972376,559.0,31.541666666666668
1456,q_learning,0.2,0.99,0.03,0.999,0.23299728317032237,886.8422079999998,1.0,0.0,77.28333333333333
1457,q_learning,0.2,0.99,0.03,0.999,0.23276428588715203,807.627156,0.9,295.0,52.275
1458,q_learning,0.2,0.99,0.03,0.999,0.2325315216012649,889.9093,0.9588211546225273,102.0,62.99166666666667
1459,q_learning,0.2,0.99,0.03,0.999,0.23229899007966362,939.4504519999999,0.9668425018839487,88.0,64.14166666666667
1460,q_learning,0.2,0.99,0.03,0.999,0.23206669108958394,441.1847240000003,0.824263431542461,507.0,64.00833333333334
1461,q_learning,0.2,0.99,0.03,0.999,0.23183462439849437,969.145772,0.9216374269005848,201.0,62.291666666666664
1462,q_learning,0.2,0.99,0.03,0.999,0.23160278977409587,1147.7402600000003,0.9149746192893401,268.0,48.325
1463,q_learning,0.2,0.99,0.03,0.999,0.23137118698432177,725.119588,1.0,0.0,88.50833333333334
1464,q_learning,0.2,0.99,0.03,0.999,0.23113981579733744,1109.0071000000007,0.9372447085035277,169.0,56.891666666666666
1465,q_learning,0.2,0.99,0.03,0.999,0.2309086759815401,635.7978040000002,1.0,0.0,86.375
1466,q_learning,0.2,0.99,0.03,0.999,0.23067776730555858,1076.3870160000006,0.9064620832103866,317.0,59.416666666666664
1467,q_learning,0.2,0.99,0.03,0.999,0.23044708953825302,1169.2765920000008,0.8711724137931034,467.0,28.933333333333334
1468,q_learning,0.2,0.99,0.03,0.999,0.23021664244871476,1133.4656800000002,0.9757023538344722,64.0,62.15
1469,q_learning,0.2,0.99,0.03,0.999,0.22998642580626605,1219.240248,0.8602941176470589,551.0,24.866666666666667
1470,q_learning,0.2,0.99,0.03,0.999,0.22975643938045978,1037.4713240000003,0.9494911421032793,134.0,59.34166666666667
1471,q_learning,0.2,0.99,0.03,0.999,0.22952668294107934,958.4548360000007,0.8679910285165011,412.0,41.425
1472,q_learning,0.2,0.99,0.03,0.999,0.22929715625813823,1041.9773720000003,0.9394488759970994,167.0,57.175
1473,q_learning,0.2,0.99,0.03,0.999,0.2290678591018801,925.0044760000004,0.8481152993348116,548.0,39.108333333333334
1474,q_learning,0.2,0.99,0.03,0.999,0.22883879124277823,1028.598048,0.981825866441251,43.0,60.4
1475,q_learning,0.2,0.99,0.03,0.999,0.22860995245153545,1382.3617520000003,0.9567741935483871,134.0,44.0
1476,q_learning,0.2,0.99,0.03,0.999,0.2283813424990839,886.8506120000002,0.9606118546845124,103.0,58.975
1477,q_learning,0.2,0.99,0.03,0.999,0.22815296115658482,921.5393440000004,0.9583645911477869,111.0,56.8
1478,q_learning,0.2,0.99,0.03,0.999,0.22792480819542824,821.4281040000001,1.0,0.0,75.93333333333334
1479,q_learning,0.2,0.99,0.03,0.999,0.22769688338723282,1039.2730120000003,0.8584345860412546,501.0,29.625
1480,q_learning,0.2,0.99,0.03,0.999,0.2274691865038456,716.86484,0.9749886311959982,55.0,81.6
1481,q_learning,0.2,0.99,0.03,0.999,0.22724171731734175,1060.04094,0.8658156028368794,473.0,31.358333333333334
1482,q_learning,0.2,0.99,0.03,0.999,0.22701447560002438,937.9551320000002,0.9643892339544513,86.0,72.30833333333334
1483,q_learning,0.2,0.99,0.03,0.999,0.22678746112442438,804.1694560000003,0.9095496894409938,233.0,61.333333333333336
1484,q_learning,0.2,0.99,0.03,0.999,0.22656067366329993,793.872092,0.9666529435981885,81.0,73.65833333333333
1485,q_learning,0.2,0.99,0.03,0.999,0.22633411298963665,893.7198720000001,0.9974747474747475,6.0,72.21666666666667
1486,q_learning,0.2,0.99,0.03,0.999,0.22610777887664701,563.7822920000001,0.9858156028368794,30.0,80.90833333333333
1487,q_learning,0.2,0.99,0.03,0.999,0.22588167109777035,703.8093160000003,1.0,0.0,81.15833333333333
1488,q_learning,0.2,0.99,0.03,0.999,0.22565578942667258,879.522596,0.8512151748666271,502.0,44.891666666666666
1489,q_learning,0.2,0.99,0.03,0.999,0.22543013363724593,588.0668600000001,0.975632183908046,53.0,86.99166666666666
1490,q_learning,0.2,0.99,0.03,0.999,0.22520470350360866,928.1490920000003,0.8989501312335958,308.0,50.05833333333333
1491,q_learning,0.2,0.99,0.03,0.999,0.22497949880010507,870.906492,0.9823751573646664,42.0,70.40833333333333
1492,q_learning,0.2,0.99,0.03,0.999,0.22475451930130497,558.0561240000002,0.7765451664025357,846.0,24.741666666666667
1493,q_learning,0.2,0.99,0.03,0.999,0.22452976478200365,953.2726319999998,0.9174657534246575,241.0,60.583333333333336
1494,q_learning,0.2,0.99,0.03,0.999,0.22430523501722166,775.4914,0.9474491752972766,137.0,63.266666666666666
1495,q_learning,0.2,0.99,0.03,0.999,0.22408092978220442,949.4684240000004,0.9271433412402575,215.0,63.86666666666667
1496,q_learning,0.2,0.99,0.03,0.999,0.2238568488524222,741.0378359999999,0.8571428571428571,486.0,53.50833333333333
1497,q_learning,0.2,0.99,0.03,0.999,0.22363299200356979,957.8408120000004,1.0,0.0,61.541666666666664
1498,q_learning,0.2,0.99,0.03,0.999,0.22340935901156622,1001.7069040000006,0.8879709187045605,339.0,44.983333333333334
1499,q_learning,0.2,0.99,0.03,0.999,0.22318594965255467,693.7108880000004,0.8171841541755889,683.0,23.783333333333335
1500,q_learning,0.2,0.99,0.03,0.999,0.2229627637029021,1028.7122920000004,0.879492600422833,399.0,32.325
1501,q_learning,0.2,0.99,0.03,0.999,0.2227398009391992,1288.9412000000004,0.9763962765957447,71.0,60.083333333333336
1502,q_learning,0.2,0.99,0.03,0.999,0.22251706113826,843.3489279999997,0.8660365058670143,411.0,44.15
1503,q_learning,0.2,0.99,0.03,0.999,0.22229454407712174,959.9630080000003,0.9821057012068248,43.0,72.58333333333333
1504,q_learning,0.2,0.99,0.03,0.999,0.22207224953304464,814.7915400000002,0.9166064981949459,231.0,56.225
1505,q_learning,0.2,0.99,0.03,0.999,0.22185017728351158,1041.2033199999994,0.8618850029638412,466.0,38.333333333333336
1506,q_learning,0.2,0.99,0.03,0.999,0.22162832710622807,823.1776440000003,0.8615837696335078,423.0,46.858333333333334
1507,q_learning,0.2,0.99,0.03,0.999,0.22140669877912184,817.9984400000004,0.8966284987277354,325.0,53.71666666666667
1508,q_learning,0.2,0.99,0.03,0.999,0.2211852920803427,886.2562600000003,0.9641003460207612,83.0,57.34166666666667
1509,q_learning,0.2,0.99,0.03,0.999,0.22096410678826237,940.2494360000002,1.0,0.0,76.69166666666666
1510,q_learning,0.2,0.99,0.03,0.999,0.2207431426814741,947.5225879999996,0.9978184991273996,5.0,65.55833333333334
1511,q_learning,0.2,0.99,0.03,0.999,0.22052239953879263,736.2333239999998,1.0,0.0,71.725
1512,q_learning,0.2,0.99,0.03,0.999,0.22030187713925384,902.2401119999998,0.8887455659464689,345.0,45.016666666666666
1513,q_learning,0.2,0.99,0.03,0.999,0.22008157526211458,997.4312359999999,0.9193548387096774,240.0,48.108333333333334
1514,q_learning,0.2,0.99,0.03,0.999,0.21986149368685248,1114.700124,0.9689922480620154,88.0,58.358333333333334
1515,q_learning,0.2,0.99,0.03,0.999,0.21964163219316563,967.0866719999997,0.9571759259259259,111.0,59.68333333333333
1516,q_learning,0.2,0.99,0.03,0.999,0.21942199056097245,1084.869728,0.9627855563743551,101.0,57.68333333333333
1517,q_learning,0.2,0.99,0.03,0.999,0.21920256857041148,823.3854839999999,0.9020599927719551,271.0,48.475
1518,q_learning,0.2,0.99,0.03,0.999,0.21898336600184107,1100.0629960000003,0.8224755700325733,763.0,25.925
1519,q_learning,0.2,0.99,0.03,0.999,0.21876438263583922,921.8422240000002,0.9612530915086562,94.0,65.55
1520,q_learning,0.2,0.99,0.03,0.999,0.2185456182532034,829.6803560000002,0.8227955769776013,625.0,32.475
1521,q_learning,0.2,0.99,0.03,0.999,0.2183270726349502,605.958924,0.8528252299605782,448.0,44.108333333333334
1522,q_learning,0.2,0.99,0.03,0.999,0.21810874556231524,680.716612,0.9223107569721115,195.0,62.625
1523,q_learning,0.2,0.99,0.03,0.999,0.21789063681675291,828.002108,0.827682824320538,615.0,34.09166666666667
1524,q_learning,0.2,0.99,0.03,0.999,0.21767274617993618,930.992056,0.969499796665311,75.0,55.9
1525,q_learning,0.2,0.99,0.03,0.999,0.21745507343375622,923.1329720000003,0.9757220594390958,58.0,68.45833333333333
1526,q_learning,0.2,0.99,0.03,0.999,0.2172376183603225,1020.7485600000001,0.9594491201224178,106.0,56.86666666666667
1527,q_learning,0.2,0.99,0.03,0.999,0.21702038074196214,751.9026479999999,0.9666666666666667,81.0,69.38333333333334
1528,q_learning,0.2,0.99,0.03,0.999,0.2168033603612202,1033.8565599999997,0.9708846584546472,78.0,63.9
1529,q_learning,0.2,0.99,0.03,0.999,0.21658655700085896,627.8010200000004,0.9835115864527629,37.0,82.875
1530,q_learning,0.2,0.99,0.03,0.999,0.2163699704438581,840.9152839999999,0.8937399678972713,331.0,56.59166666666667
1531,q_learning,0.2,0.99,0.03,0.999,0.21615360047341425,902.0512040000002,0.9609164420485176,87.0,69.225
1532,q_learning,0.2,0.99,0.03,0.999,0.21593744687294084,955.4574480000003,1.0,0.0,73.8
1533,q_learning,0.2,0.99,0.03,0.999,0.2157215094260679,778.1961800000001,0.8689942344650865,409.0,41.55833333333333
1534,q_learning,0.2,0.99,0.03,0.999,0.21550578791664182,840.53998,0.8785824345146379,394.0,49.858333333333334
1535,q_learning,0.2,0.99,0.03,0.999,0.2152902821287252,967.13362,0.9082187400063959,287.0,55.275
1536,q_learning,0.2,0.99,0.03,0.999,0.21507499184659645,804.1491040000002,0.9537351443123939,109.0,69.31666666666666
1537,q_learning,0.2,0.99,0.03,0.999,0.21485991685474987,953.6431680000001,0.8938492063492064,321.0,55.166666666666664
1538,q_learning,0.2,0.99,0.03,0.999,0.21464505693789512,921.6291400000002,0.9140976792518185,248.0,52.275
1539,q_learning,0.2,0.99,0.03,0.999,0.2144304118809572,871.6404960000002,0.9686653771760154,81.0,62.71666666666667
1540,q_learning,0.2,0.99,0.03,0.999,0.21421598146907628,883.7078319999996,0.9147259046936582,238.0,64.41666666666667
1541,q_learning,0.2,0.99,0.03,0.999,0.2140017654876072,1177.312692000001,0.9194928684627576,254.0,36.791666666666664
1542,q_learning,0.2,0.99,0.03,0.999,0.21378776372211958,875.9369920000001,0.9732428115015974,67.0,65.81666666666666
1543,q_learning,0.2,0.99,0.03,0.999,0.21357397595839747,493.2063960000002,0.8730886850152905,332.0,72.04166666666667
1544,q_learning,0.2,0.99,0.03,0.999,0.21336040198243905,927.4453040000005,0.9587588373919874,105.0,67.93333333333334
1545,q_learning,0.2,0.99,0.03,0.999,0.21314704158045664,854.3193879999999,0.9894202285230639,25.0,74.625
1546,q_learning,0.2,0.99,0.03,0.999,0.21293389453887618,829.3651559999998,0.9089645587213343,262.0,55.15833333333333
1547,q_learning,0.2,0.99,0.03,0.999,0.2127209606443373,711.0687520000001,0.8855827134254339,323.0,46.65
1548,q_learning,0.2,0.99,0.03,0.999,0.21250823968369295,582.2570040000004,0.8437190900098912,474.0,58.291666666666664
1549,q_learning,0.2,0.99,0.03,0.999,0.21229573144400926,921.8867479999999,0.9703796412181894,71.0,60.525
1550,q_learning,0.2,0.99,0.03,0.999,0.21208343571256524,891.4602360000002,0.9443059019118869,134.0,52.675
1551,q_learning,0.2,0.99,0.03,0.999,0.2118713522768527,865.396352,0.9753772835583797,62.0,67.8
1552,q_learning,0.2,0.99,0.03,0.999,0.21165948092457584,933.7712879999996,0.9349435138293728,167.0,48.88333333333333
1553,q_learning,0.2,0.99,0.03,0.999,0.21144782144365126,957.9932280000002,0.9961055819991346,9.0,62.50833333333333
1554,q_learning,0.2,0.99,0.03,0.999,0.2112363736222076,763.955812,0.9683377308707124,72.0,76.80833333333334
1555,q_learning,0.2,0.99,0.03,0.999,0.2110251372485854,679.8706599999997,0.9833740831295843,34.0,85.55833333333334
1556,q_learning,0.2,0.99,0.03,0.999,0.2108141121113368,770.1628360000002,0.9967243799719232,7.0,65.50833333333334
1557,q_learning,0.2,0.99,0.03,0.999,0.21060329799922548,837.050384,0.9523622047244095,121.0,63.88333333333333
1558,q_learning,0.2,0.99,0.03,0.999,0.21039269470122623,866.52606,0.9171113482746354,233.0,51.608333333333334
1559,q_learning,0.2,0.99,0.03,0.999,0.21018230200652502,955.7407559999999,0.9772247996625896,54.0,56.775
1560,q_learning,0.2,0.99,0.03,0.999,0.20997211970451848,695.885328,0.8741146168705731,391.0,50.85
1561,q_learning,0.2,0.99,0.03,0.999,0.20976214758481398,858.8647440000003,0.9412235105957617,147.0,61.666666666666664
1562,q_learning,0.2,0.99,0.03,0.999,0.20955238543722918,697.8500520000001,0.8797794117647059,327.0,57.05833333333333
1563,q_learning,0.2,0.99,0.03,0.999,0.20934283305179194,666.7844040000004,0.8204324663115011,573.0,38.65833333333333
1564,q_learning,0.2,0.99,0.03,0.999,0.20913349021874014,806.0744719999999,0.8665790338481761,406.0,50.61666666666667
1565,q_learning,0.2,0.99,0.03,0.999,0.20892435672852142,1060.9514080000004,0.9812398042414355,46.0,69.91666666666667
1566,q_learning,0.2,0.99,0.03,0.999,0.20871543237179288,890.0959480000009,0.8135878719820325,664.0,28.275
1567,q_learning,0.2,0.99,0.03,0.999,0.20850671693942108,986.8632040000003,0.9688608592826172,79.0,49.291666666666664
1568,q_learning,0.2,0.99,0.03,0.999,0.20829821022248166,796.848992,0.8950995405819295,274.0,47.483333333333334
1569,q_learning,0.2,0.99,0.03,0.999,0.20808991201225918,852.1633119999997,0.9021164021164021,259.0,44.86666666666667
1570,q_learning,0.2,0.99,0.03,0.999,0.20788182210024692,957.7302759999995,0.9761519805982215,59.0,68.95833333333333
1571,q_learning,0.2,0.99,0.03,0.999,0.20767394027814667,499.4300600000003,0.7691915327722519,905.0,36.40833333333333
1572,q_learning,0.2,0.99,0.03,0.999,0.20746626633786852,898.7251480000001,0.957408081543502,117.0,51.041666666666664
1573,q_learning,0.2,0.99,0.03,0.999,0.20725880007153066,910.7455040000006,0.9813693525850024,40.0,62.166666666666664
1574,q_learning,0.2,0.99,0.03,0.999,0.20705154127145914,1012.1810080000005,0.8331547937868238,623.0,21.066666666666666
1575,q_learning,0.2,0.99,0.03,0.999,0.20684448973018768,809.7581600000002,0.9082397003745318,245.0,51.43333333333333
1576,q_learning,0.2,0.99,0.03,0.999,0.2066376452404575,895.4513840000001,0.9558421258304025,113.0,54.78333333333333
1577,q_learning,0.2,0.99,0.03,0.999,0.20643100759521701,760.7640720000003,0.8371951219512195,534.0,41.55
1578,q_learning,0.2,0.99,0.03,0.999,0.2062245765876218,683.694792,0.92,214.0,61.483333333333334
1579,q_learning,0.2,0.99,0.03,0.999,0.2060183520110342,818.2984240000003,0.8981544771018455,298.0,48.983333333333334
1580,q_learning,0.2,0.99,0.03,0.999,0.20581233365902316,852.6643639999999,0.9236550632911392,193.0,56.375
1581,q_learning,0.2,0.99,0.03,0.999,0.20560652132536414,613.9455760000003,0.7678616194534971,926.0,22.216666666666665
1582,q_learning,0.2,0.99,0.03,0.999,0.20540091480403877,797.4852640000006,0.9322429906542056,174.0,64.26666666666667
1583,q_learning,0.2,0.99,0.03,0.999,0.20519551388923474,680.2134680000003,0.883983947464429,318.0,52.44166666666667
1584,q_learning,0.2,0.99,0.03,0.999,0.20499031837534548,340.993428,0.904476418864908,239.0,69.95833333333333
1585,q_learning,0.2,0.99,0.03,0.999,0.20478532805697014,1066.3355840000002,0.9221621621621622,216.0,34.21666666666667
1586,q_learning,0.2,0.99,0.03,0.999,0.20458054272891318,712.6872159999999,0.820528967254408,570.0,33.28333333333333
1587,q_learning,0.2,0.99,0.03,0.999,0.20437596218618426,712.422124,0.9880569591180524,26.0,72.70833333333333
1588,q_learning,0.2,0.99,0.03,0.999,0.20417158622399809,827.0987560000007,0.9531007751937984,121.0,57.625
1589,q_learning,0.2,0.99,0.03,0.999,0.20396741463777407,894.4017880000002,0.9867877786952931,32.0,70.175
1590,q_learning,0.2,0.99,0.03,0.999,0.2037634472231363,635.973084,0.7506314580941447,1086.0,10.575
1591,q_learning,0.2,0.99,0.03,0.999,0.20355968377591316,527.9256360000002,0.8853527607361963,299.0,57.94166666666667
1592,q_learning,0.2,0.99,0.03,0.999,0.20335612409213724,878.1020480000008,0.9798432250839866,54.0,65.15
1593,q_learning,0.2,0.99,0.03,0.999,0.20315276796804513,786.111876,0.873356401384083,366.0,45.69166666666667
1594,q_learning,0.2,0.99,0.03,0.999,0.20294961520007707,884.7159680000004,0.9073401162790697,255.0,51.53333333333333
1595,q_learning,0.2,0.99,0.03,0.999,0.202746665584877,784.8774840000001,0.9026162790697675,268.0,55.891666666666666
1596,q_learning,0.2,0.99,0.03,0.999,0.20254391891929213,870.8438760000001,0.7952480782669462,879.0,26.525
1597,q_learning,0.2,0.99,0.03,0.999,0.20234137500037283,916.1279559999999,0.89088,341.0,43.675
1598,q_learning,0.2,0.99,0.03,0.999,0.20213903362537244,616.7861879999999,0.8734920117378546,388.0,56.05833333333333
1599,q_learning,0.2,0.99,0.03,0.999,0.20193689459174707,857.7075080000004,0.7736334405144695,1056.0,15.025
1600,q_learning,0.2,0.99,0.03,0.999,0.20173495769715533,753.4712400000002,0.9011782592170278,260.0,52.85
1601,q_learning,0.2,0.99,0.03,0.999,0.20153322273945817,574.082188,0.7580181905217808,1011.0,16.941666666666666
1602,q_learning,0.2,0.99,0.03,0.999,0.20133168951671873,680.6048720000003,0.8285009253547193,556.0,43.516666666666666
1603,q_learning,0.2,0.99,0.03,0.999,0.201130357827202,715.3013919999999,0.9367965367965368,146.0,61.53333333333333
1604,q_learning,0.2,0.99,0.03,0.999,0.2009292274693748,900.7568480000003,0.9278388278388279,197.0,59.583333333333336
1605,q_learning,0.2,0.99,0.03,0.999,0.2007282982419054,894.6984520000003,0.8545840922890103,479.0,27.725
1606,q_learning,0.2,0.99,0.03,0.999,0.20052756994366353,837.5659559999999,0.9204265791632485,194.0,54.50833333333333
1607,q_learning,0.2,0.99,0.03,0.999,0.20032704237371984,942.2893800000004,0.8138817480719794,724.0,20.458333333333332
1608,q_learning,0.2,0.99,0.03,0.999,0.20012671533134613,529.778416,0.9912203687445127,20.0,79.68333333333334
1609,q_learning,0.2,0.99,0.03,0.999,0.19992658861601478,481.1950520000001,0.8013623978201635,729.0,48.641666666666666
1610,q_learning,0.2,0.99,0.03,0.999,0.19972666202739878,959.717444,1.0,0.0,76.75833333333334
1611,q_learning,0.2,0.99,0.03,0.999,0.19952693536537136,834.7570639999994,0.9015829318651066,286.0,59.5
1612,q_learning,0.2,0.99,0.03,0.999,0.19932740843000601,921.3853520000002,0.9570015220700152,113.0,57.333333333333336
1613,q_learning,0.2,0.99,0.03,0.999,0.199128081021576,901.2600160000007,0.9560439560439561,116.0,61.15
1614,q_learning,0.2,0.99,0.03,0.999,0.19892895294055443,490.70941600000003,0.9922338967565099,17.0,96.15
1615,q_learning,0.2,0.99,0.03,0.999,0.19873002398761386,976.1203720000003,0.8467673027627457,538.0,36.025
1616,q_learning,0.2,0.99,0.03,0.999,0.19853129396362626,942.1332999999996,0.9793859649122807,47.0,64.15833333333333
1617,q_learning,0.2,0.99,0.03,0.999,0.19833276266966263,765.6822720000004,0.972961373390558,63.0,57.25
1618,q_learning,0.2,0.99,0.03,0.999,0.19813442990699295,884.0233240000005,0.9450261780104712,147.0,59.84166666666667
1619,q_learning,0.2,0.99,0.03,0.999,0.19793629547708597,764.7352480000001,0.8500802568218299,467.0,46.86666666666667
1620,q_learning,0.2,0.99,0.03,0.999,0.19773835918160887,919.7289640000004,0.8901365705614568,362.0,50.30833333333333
1621,q_learning,0.2,0.99,0.03,0.999,0.19754062082242727,821.6286040000002,0.9084733643189131,256.0,60.475
1622,q_learning,0.2,0.99,0.03,0.999,0.19734308020160485,879.425468,0.8623024830699775,427.0,43.775
1623,q_learning,0.2,0.99,0.03,0.999,0.19714573712140324,1098.488464,0.955927570891698,129.0,52.11666666666667
1624,q_learning,0.2,0.99,0.03,0.999,0.19694859138428183,988.2269200000005,0.890279114533205,342.0,53.95
1625,q_learning,0.2,0.99,0.03,0.999,0.19675164279289756,1001.3304960000004,0.9880290722530997,28.0,62.516666666666666
1626,q_learning,0.2,0.99,0.03,0.999,0.19655489115010466,581.6005,0.8872207982424021,308.0,72.25833333333334
1627,q_learning,0.2,0.99,0.03,0.999,0.19635833625895455,1047.6270560000003,0.9419306184012066,154.0,55.0
1628,q_learning,0.2,0.99,0.03,0.999,0.1961619779226956,1007.6409679999998,0.8676377454084864,418.0,37.6
1629,q_learning,0.2,0.99,0.03,0.999,0.19596581594477291,746.5070120000003,0.8222935512109717,609.0,40.075
1630,q_learning,0.2,0.99,0.03,0.999,0.19576985012882814,712.8169960000002,0.9084733643189131,256.0,55.108333333333334
1631,q_learning,0.2,0.99,0.03,0.999,0.1955740802786993,622.3552480000002,0.9542148053059478,107.0,77.56666666666666
1632,q_learning,0.2,0.99,0.03,0.999,0.1953785061984206,731.8094319999999,0.8335488041370395,515.0,49.233333333333334
1633,q_learning,0.2,0.99,0.03,0.999,0.19518312769222218,1257.6744880000006,0.941669352239768,181.0,42.78333333333333
1634,q_learning,0.2,0.99,0.03,0.999,0.19498794456452995,846.0754360000003,0.8675558312655087,427.0,52.025
1635,q_learning,0.2,0.99,0.03,0.999,0.19479295661996543,1037.600644,0.8944311581824393,309.0,43.608333333333334
1636,q_learning,0.2,0.99,0.03,0.999,0.19459816366334545,781.0746840000002,0.8362040948976276,504.0,38.075
1637,q_learning,0.2,0.99,0.03,0.999,0.19440356549968213,807.3823999999998,0.8474628712871287,493.0,28.366666666666667
1638,q_learning,0.2,0.99,0.03,0.999,0.19420916193418244,1101.3007160000002,0.9463007159904535,135.0,46.69166666666667
1639,q_learning,0.2,0.99,0.03,0.999,0.19401495277224826,893.6928280000003,0.9355492501013376,159.0,58.275
1640,q_learning,0.2,0.99,0.03,0.999,0.193820937819476,964.916612,0.9660481642321358,86.0,57.84166666666667
1641,q_learning,0.2,0.99,0.03,0.999,0.19362711688165654,876.7165280000008,0.8409337676438654,586.0,34.05
1642,q_learning,0.2,0.99,0.03,0.999,0.19343348976477487,558.0311640000002,0.720906068162926,1343.0,14.575
1643,q_learning,0.2,0.99,0.03,0.999,0.1932400562750101,804.9515040000001,1.0,0.0,75.35
1644,q_learning,0.2,0.99,0.03,0.999,0.1930468162187351,774.595664,0.9642365887207703,78.0,68.26666666666667
1645,q_learning,0.2,0.99,0.03,0.999,0.19285376940251636,942.9393839999997,1.0,0.0,74.66666666666667
1646,q_learning,0.2,0.99,0.03,0.999,0.19266091563311383,936.4491120000006,0.8877958807254842,365.0,47.333333333333336
1647,q_learning,0.2,0.99,0.03,0.999,0.19246825471748072,530.0403600000002,0.9553097345132744,101.0,82.43333333333334
1648,q_learning,0.2,0.99,0.03,0.999,0.19227578646276325,589.823308,1.0,0.0,80.975
1649,q_learning,0.2,0.99,0.03,0.999,0.19208351067630047,686.1593800000004,0.9635157545605307,88.0,68.975
1650,q_learning,0.2,0.99,0.03,0.999,0.19189142716562418,781.9005920000002,0.8425806451612903,488.0,36.733333333333334
1651,q_learning,0.2,0.99,0.03,0.999,0.19169953573845855,966.1551840000001,0.9431524547803618,154.0,45.35
1652,q_learning,0.2,0.99,0.03,0.999,0.1915078362027201,586.305724,0.8604336043360433,412.0,56.391666666666666
1653,q_learning,0.2,0.99,0.03,0.999,0.19131632836651738,829.5076080000001,0.907818368043701,270.0,53.46666666666667
1654,q_learning,0.2,0.99,0.03,0.999,0.19112501203815085,533.323936,0.970108695652174,66.0,84.2
1655,q_learning,0.2,0.99,0.03,0.999,0.1909338870261127,576.245424,0.8495821727019499,432.0,56.083333333333336
1656,q_learning,0.2,0.99,0.03,0.999,0.1907429531390866,1047.0204520000004,0.8498942917547568,497.0,24.225
1657,q_learning,0.2,0.99,0.03,0.999,0.1905522101859475,612.3993479999999,0.752954808806489,1066.0,21.191666666666666
1658,q_learning,0.2,0.99,0.03,0.999,0.19036165797576154,1204.7791280000001,0.9479662880175889,142.0,50.21666666666667
1659,q_learning,0.2,0.99,0.03,0.999,0.1901712963177858,637.0325240000003,0.8437998087344597,490.0,46.15833333333333
1660,q_learning,0.2,0.99,0.03,0.999,0.189981125021468,784.8948120000007,0.8733064811424387,346.0,35.891666666666666
1661,q_learning,0.2,0.99,0.03,0.999,0.18979114389644655,639.7493760000002,0.9707818930041152,71.0,80.41666666666667
1662,q_learning,0.2,0.99,0.03,0.999,0.1896013527525501,755.6980800000005,0.8017263264788017,781.0,34.05
1663,q_learning,0.2,0.99,0.03,0.999,0.18941175139979755,1174.9140999999995,0.8652849740932642,494.0,26.458333333333332
1664,q_learning,0.2,0.99,0.03,0.999,0.18922233964839774,870.327208,0.9684838160136287,74.0,52.416666666666664
1665,q_learning,0.2,0.99,0.03,0.999,0.18903311730874936,956.8694560000001,0.9129172714078374,240.0,40.266666666666666
1666,q_learning,0.2,0.99,0.03,0.999,0.1888440841914406,994.2617520000005,0.9594320486815415,100.0,62.4
1667,q_learning,0.2,0.99,0.03,0.999,0.18865524010724916,728.4802880000002,0.876027397260274,362.0,51.6
1668,q_learning,0.2,0.99,0.03,0.999,0.1884665848671419,821.8014680000003,0.9296351451973194,189.0,52.708333333333336
1669,q_learning,0.2,0.99,0.03,0.999,0.18827811828227475,1035.9749680000002,0.9510913500404203,121.0,41.7
1670,q_learning,0.2,0.99,0.03,0.999,0.1880898401639925,583.1472120000001,0.9373881932021467,175.0,67.15833333333333
1671,q_learning,0.2,0.99,0.03,0.999,0.1879017503238285,1124.255384,0.8578826237054085,494.0,27.45
1672,q_learning,0.2,0.99,0.03,0.999,0.18771384857350468,1011.6165199999998,0.9181657848324515,232.0,49.916666666666664
1673,q_learning,0.2,0.99,0.03,0.999,0.18752613472493115,755.4907520000002,0.9404455869751499,139.0,63.86666666666667
1674,q_learning,0.2,0.99,0.03,0.999,0.18733860859020623,943.838148,0.9936043855641845,14.0,59.69166666666667
1675,q_learning,0.2,0.99,0.03,0.999,0.18715126998161602,1053.213448,0.9656934306569344,94.0,49.916666666666664
1676,q_learning,0.2,0.99,0.03,0.999,0.1869641187116344,789.4176280000003,0.9887902849135918,24.0,63.34166666666667
1677,q_learning,0.2,0.99,0.03,0.999,0.18677715459292277,936.8821680000001,0.9052377670572019,275.0,58.833333333333336
1678,q_learning,0.2,0.99,0.03,0.999,0.18659037743832985,659.093924,0.963410033949453,97.0,71.10833333333333
1679,q_learning,0.2,0.99,0.03,0.999,0.18640378706089153,576.007068,0.9517033203967227,112.0,74.59166666666667
1680,q_learning,0.2,0.99,0.03,0.999,0.18621738327383064,709.4448120000002,0.9578528827037773,106.0,75.19166666666666
1681,q_learning,0.2,0.99,0.03,0.999,0.1860311658905568,844.3154520000007,0.9361853832442067,179.0,60.958333333333336
1682,q_learning,0.2,0.99,0.03,0.999,0.18584513472466624,1120.2208240000002,0.9624005784526392,104.0,53.483333333333334
1683,q_learning,0.2,0.99,0.03,0.999,0.18565928958994157,795.1383920000002,0.7933045904133909,815.0,28.483333333333334
1684,q_learning,0.2,0.99,0.03,0.999,0.18547363030035163,960.2443440000004,0.9380305602716469,146.0,45.483333333333334
1685,q_learning,0.2,0.99,0.03,0.999,0.18528815667005127,745.2440560000001,0.9477806788511749,140.0,63.06666666666667
1686,q_learning,0.2,0.99,0.03,0.999,0.18510286851338123,679.5798480000005,0.9271916790490342,196.0,60.95
1687,q_learning,0.2,0.99,0.03,0.999,0.18491776564486784,388.5825640000002,0.9807032590051458,45.0,93.95833333333333
1688,q_learning,0.2,0.99,0.03,0.999,0.18473284787922298,931.1599400000003,0.9917962003454232,19.0,53.175
1689,q_learning,0.2,0.99,0.03,0.999,0.18454811503134375,752.5018760000004,0.9840496233938857,36.0,68.29166666666667
1690,q_learning,0.2,0.99,0.03,0.999,0.18436356691631242,153.64383600000028,0.9301948051948052,172.0,82.90833333333333
1691,q_learning,0.2,0.99,0.03,0.999,0.1841792033493961,1030.4574600000003,0.8836740570112295,404.0,37.25833333333333
1692,q_learning,0.2,0.99,0.03,0.999,0.1839950241460467,880.6469240000004,0.9440242057488654,148.0,55.475
1693,q_learning,0.2,0.99,0.03,0.999,0.18381102912190067,782.4864200000003,0.9825902335456476,41.0,63.325
1694,q_learning,0.2,0.99,0.03,0.999,0.18362721809277877,794.337508,0.8879374534623976,301.0,39.65833333333333
1695,q_learning,0.2,0.99,0.03,0.999,0.18344359087468598,1148.9955920000002,0.928228021978022,209.0,41.93333333333333
1696,q_learning,0.2,0.99,0.03,0.999,0.1832601472838113,863.9276360000003,0.8496770405167352,512.0,42.525
1697,q_learning,0.2,0.99,0.03,0.999,0.18307688713652748,966.2662479999999,0.9393526405451448,178.0,56.0
1698,q_learning,0.2,0.99,0.03,0.999,0.18289381024939094,971.8967800000003,0.8945054945054945,336.0,48.141666666666666
1699,q_learning,0.2,0.99,0.03,0.999,0.18271091643914156,807.6463479999999,0.9681945743685687,68.0,65.55833333333334
1700,q_learning,0.2,0.99,0.03,0.999,0.18252820552270244,912.3910200000001,0.9526474386569092,110.0,55.141666666666666
1701,q_learning,0.2,0.99,0.03,0.999,0.1823456773171797,1038.8588680000007,0.9885556432517758,29.0,59.25833333333333
1702,q_learning,0.2,0.99,0.03,0.999,0.18216333163986254,897.3305880000001,0.9558296856346996,111.0,57.05833333333333
1703,q_learning,0.2,0.99,0.03,0.999,0.18198116830822267,901.0166120000005,0.9613914373088684,101.0,70.45833333333333
1704,q_learning,0.2,0.99,0.03,0.999,0.18179918713991444,723.7757240000001,0.9656009712666936,85.0,72.79166666666667
1705,q_learning,0.2,0.99,0.03,0.999,0.18161738795277454,586.3268360000004,0.9229157938835358,184.0,67.225
1706,q_learning,0.2,0.99,0.03,0.999,0.18143577056482177,895.0029,0.9450309428467419,151.0,60.325
1707,q_learning,0.2,0.99,0.03,0.999,0.18125433479425695,781.9433120000003,0.976326530612245,58.0,68.15
1708,q_learning,0.2,0.99,0.03,0.999,0.1810730804594627,720.6347640000002,0.745194361384024,1193.0,11.241666666666667
1709,q_learning,0.2,0.99,0.03,0.999,0.1808920073790032,871.775464,0.9238521836506159,204.0,48.43333333333333
1710,q_learning,0.2,0.99,0.03,0.999,0.1807111153716242,771.9263679999999,0.8605290278254896,406.0,46.88333333333333
1711,q_learning,0.2,0.99,0.03,0.999,0.1805304042562526,717.5780480000005,0.8856447688564477,329.0,48.88333333333333
1712,q_learning,0.2,0.99,0.03,0.999,0.18034987385199633,728.6002440000002,0.8047690014903129,655.0,28.158333333333335
1713,q_learning,0.2,0.99,0.03,0.999,0.18016952397814434,763.9944000000003,0.929866036249015,178.0,58.916666666666664
1714,q_learning,0.2,0.99,0.03,0.999,0.1799893544541662,858.1757600000007,0.9351630867143994,163.0,57.36666666666667
1715,q_learning,0.2,0.99,0.03,0.999,0.17980936509971204,1040.0692960000001,0.900177619893428,281.0,42.06666666666667
1716,q_learning,0.2,0.99,0.03,0.999,0.1796295557346123,516.2102480000001,0.9122434536447275,248.0,62.2
1717,q_learning,0.2,0.99,0.03,0.999,0.1794499261788777,742.02746,0.7643238227789376,1016.0,15.291666666666666
1718,q_learning,0.2,0.99,0.03,0.999,0.17927047625269885,327.03605600000014,0.9353628023352794,155.0,82.46666666666667
1719,q_learning,0.2,0.99,0.03,0.999,0.17909120577644613,750.6944599999997,1.0,0.0,80.24166666666666
1720,q_learning,0.2,0.99,0.03,0.999,0.1789121145706697,838.6976640000003,0.9192982456140351,230.0,53.46666666666667
1721,q_learning,0.2,0.99,0.03,0.999,0.17873320245609903,702.3886880000005,0.9364322606277314,160.0,73.33333333333333
1722,q_learning,0.2,0.99,0.03,0.999,0.1785544692536429,804.232256,0.7557334487234963,1129.0,15.8
1723,q_learning,0.2,0.99,0.03,0.999,0.17837591478438927,753.5766120000001,0.8103170338527673,706.0,32.391666666666666
1724,q_learning,0.2,0.99,0.03,0.999,0.17819753886960488,918.7406120000003,0.9896507115135834,24.0,70.925
1725,q_learning,0.2,0.99,0.03,0.999,0.17801934133073527,969.053676,0.8392568659127625,597.0,28.675
1726,q_learning,0.2,0.99,0.03,0.999,0.17784132198940455,847.8778880000002,0.9832335329341317,42.0,78.01666666666667
1727,q_learning,0.2,0.99,0.03,0.999,0.17766348066741514,611.5146000000003,0.7914929107589658,750.0,30.25
1728,q_learning,0.2,0.99,0.03,0.999,0.17748581718674772,581.2696520000002,0.8797814207650273,352.0,64.95833333333333
1729,q_learning,0.2,0.99,0.03,0.999,0.17730833136956098,627.2898440000002,0.9698924731182795,70.0,79.80833333333334
1730,q_learning,0.2,0.99,0.03,0.999,0.17713102303819142,1164.1640559999998,0.9537953795379538,126.0,51.38333333333333
1731,q_learning,0.2,0.99,0.03,0.999,0.1769538920151532,1079.1222440000006,0.849584487534626,543.0,37.19166666666667
1732,q_learning,0.2,0.99,0.03,0.999,0.17677693812313808,602.5255160000002,0.9942932396839332,13.0,88.25833333333334
1733,q_learning,0.2,0.99,0.03,0.999,0.17660016118501493,957.9543600000001,0.8229755178907722,658.0,21.75
1734,q_learning,0.2,0.99,0.03,0.999,0.17642356102382992,199.87598800000018,1.0,0.0,105.225
1735,q_learning,0.2,0.99,0.03,0.999,0.1762471374628061,416.2729640000002,0.8867778208607987,292.0,73.275
1736,q_learning,0.2,0.99,0.03,0.999,0.1760708903253433,949.9000040000002,0.9799498746867168,48.0,61.858333333333334
1737,q_learning,0.2,0.99,0.03,0.999,0.17589481943501795,70.52160800000017,0.9845722300140253,33.0,101.66666666666667
1738,q_learning,0.2,0.99,0.03,0.999,0.17571892461558292,970.6070640000002,0.9875801282051282,31.0,63.21666666666667
1739,q_learning,0.2,0.99,0.03,0.999,0.17554320569096735,1092.5571920000002,0.8909751665657177,360.0,40.016666666666666
1740,q_learning,0.2,0.99,0.03,0.999,0.17536766248527638,836.8176719999999,0.9853556485355649,35.0,76.53333333333333
1741,q_learning,0.2,0.99,0.03,0.999,0.17519229482279108,556.4890080000001,0.9978786593126856,5.0,93.83333333333333
1742,q_learning,0.2,0.99,0.03,0.999,0.1750171025279683,946.3806520000003,0.9323925172300623,206.0,51.375
1743,q_learning,0.2,0.99,0.03,0.999,0.17484208542544033,678.4522360000003,0.8783321941216679,356.0,61.391666666666666
1744,q_learning,0.2,0.99,0.03,0.999,0.1746672433400149,424.9229239999999,0.8363575268817204,487.0,58.075
1745,q_learning,0.2,0.99,0.03,0.999,0.17449257609667487,1172.7297520000002,0.9466019417475728,165.0,48.016666666666666
1746,q_learning,0.2,0.99,0.03,0.999,0.1743180835205782,646.93222,0.9897260273972602,24.0,76.44166666666666
1747,q_learning,0.2,0.99,0.03,0.999,0.17414376543705762,908.75628,0.9456699346405228,133.0,60.6
1748,q_learning,0.2,0.99,0.03,0.999,0.17396962167162056,936.2259799999997,0.9855725879170424,32.0,63.40833333333333
1749,q_learning,0.2,0.99,0.03,0.999,0.17379565204994896,710.9698560000004,0.9935233160621761,15.0,84.0
1750,q_learning,0.2,0.99,0.03,0.999,0.173621856397899,1056.780428,0.9887733887733888,27.0,69.525
1751,q_learning,0.2,0.99,0.03,0.999,0.1734482345415011,1002.3256880000004,0.9949612403100775,13.0,57.93333333333333
1752,q_learning,0.2,0.99,0.03,0.999,0.17327478630695958,974.6350559999997,0.9240418118466899,218.0,52.75
1753,q_learning,0.2,0.99,0.03,0.999,0.17310151152065265,538.7160600000003,0.7548148148148148,993.0,24.275
1754,q_learning,0.2,0.99,0.03,0.999,0.17292841000913198,1192.4363600000004,1.0,0.0,63.083333333333336
1755,q_learning,0.2,0.99,0.03,0.999,0.17275548159912285,596.1834920000005,0.827922077922078,583.0,53.141666666666666
1756,q_learning,0.2,0.99,0.03,0.999,0.17258272611752373,973.9799120000001,0.9409685401201838,167.0,62.766666666666666
1757,q_learning,0.2,0.99,0.03,0.999,0.1724101433914062,914.2701360000003,0.9595998460946518,105.0,65.28333333333333
1758,q_learning,0.2,0.99,0.03,0.999,0.1722377332480148,838.1312200000002,0.8719153936545241,436.0,54.541666666666664
1759,q_learning,0.2,0.99,0.03,0.999,0.17206549551476677,750.8108920000003,0.9019028871391076,299.0,70.44166666666666
1760,q_learning,0.2,0.99,0.03,0.999,0.171893430019252,466.0152320000001,0.9860869565217392,32.0,89.25
1761,q_learning,0.2,0.99,0.03,0.999,0.17172153658923275,1261.337404,0.9102157360406091,283.0,34.075
1762,q_learning,0.2,0.99,0.03,0.999,0.17154981505264352,822.8253320000005,0.8506352649519677,482.0,50.075
1763,q_learning,0.2,0.99,0.03,0.999,0.1713782652375909,826.9120560000002,0.9816895547232626,44.0,71.11666666666666
1764,q_learning,0.2,0.99,0.03,0.999,0.17120688697235328,550.7134399999998,0.9436619718309859,148.0,73.6
1765,q_learning,0.2,0.99,0.03,0.999,0.17103568008538095,951.4589639999998,0.8939759036144578,352.0,47.791666666666664
1766,q_learning,0.2,0.99,0.03,0.999,0.17086464440529556,1021.3286320000005,0.9893977947413062,25.0,64.51666666666667
1767,q_learning,0.2,0.99,0.03,0.999,0.17069377976089026,1196.3329360000002,0.9638336347197106,100.0,64.8
1768,q_learning,0.2,0.99,0.03,0.999,0.17052308598112936,961.2575639999997,0.9754260800634166,62.0,74.60833333333333
1769,q_learning,0.2,0.99,0.03,0.999,0.17035256289514825,944.3337440000001,0.8882815169115135,327.0,41.583333333333336
1770,q_learning,0.2,0.99,0.03,0.999,0.1701822103322531,577.8223320000004,0.9309060819197352,167.0,63.94166666666667
1771,q_learning,0.2,0.99,0.03,0.999,0.17001202812192084,715.758188,0.9901129943502824,21.0,80.90833333333333
1772,q_learning,0.2,0.99,0.03,0.999,0.16984201609379893,1314.6206040000002,0.896239363162229,378.0,32.925
1773,q_learning,0.2,0.99,0.03,0.999,0.16967217407770513,732.6315560000005,0.8160351455244371,670.0,46.25833333333333
1774,q_learning,0.2,0.99,0.03,0.999,0.16950250190362742,895.3080040000002,0.9772459788152217,58.0,71.925
1775,q_learning,0.2,0.99,0.03,0.999,0.1693329994017238,463.8316680000002,0.8194626474442989,551.0,44.225
1776,q_learning,0.2,0.99,0.03,0.999,0.16916366640232205,619.9908000000004,1.0,0.0,83.46666666666667
1777,q_learning,0.2,0.99,0.03,0.999,0.16899450273591973,612.1288160000001,0.8400893712097032,501.0,58.46666666666667
1778,q_learning,0.2,0.99,0.03,0.999,0.16882550823318382,919.5111760000002,0.9309687261632341,181.0,76.21666666666667
1779,q_learning,0.2,0.99,0.03,0.999,0.16865668272495063,935.8892720000002,0.9419937478291073,167.0,58.833333333333336
1780,q_learning,0.2,0.99,0.03,0.999,0.16848802604222568,700.6115760000001,0.9866494401378122,31.0,73.76666666666667
1781,q_learning,0.2,0.99,0.03,0.999,0.16831953801618346,626.3391200000001,1.0,0.0,78.86666666666666
1782,q_learning,0.2,0.99,0.03,0.999,0.16815121847816727,915.049164,0.9592,102.0,66.50833333333334
1783,q_learning,0.2,0.99,0.03,0.999,0.16798306725968912,912.7982240000001,0.9809782608695652,49.0,74.66666666666667
1784,q_learning,0.2,0.99,0.03,0.999,0.16781508419242944,709.5344160000002,0.9394555058919138,149.0,73.93333333333334
1785,q_learning,0.2,0.99,0.03,0.999,0.167647269108237,1131.2659799999997,0.9785714285714285,57.0,63.725
1786,q_learning,0.2,0.99,0.03,0.999,0.16747962183912876,836.8204920000003,0.920392584514722,219.0,66.29166666666667
1787,q_learning,0.2,0.99,0.03,0.999,0.16731214221728963,672.1770679999998,0.8603810775295664,425.0,53.74166666666667
1788,q_learning,0.2,0.99,0.03,0.999,0.16714483007507233,733.7152120000001,0.8248490077653149,609.0,40.15833333333333
1789,q_learning,0.2,0.99,0.03,0.999,0.16697768524499726,523.5972520000005,0.9409888357256778,148.0,69.475
1790,q_learning,0.2,0.99,0.03,0.999,0.16681070755975227,731.9150320000002,0.8148250971682399,667.0,33.25
1791,q_learning,0.2,0.99,0.03,0.999,0.16664389685219252,723.7381840000003,0.918075911311537,218.0,71.65
1792,q_learning,0.2,0.99,0.03,0.999,0.16647725295534033,875.6066120000005,1.0,0.0,84.55833333333334
1793,q_learning,0.2,0.99,0.03,0.999,0.16631077570238498,672.8278000000001,0.7970448843044327,728.0,38.483333333333334
1794,q_learning,0.2,0.99,0.03,0.999,0.1661444649266826,961.8385999999999,0.9300184162062615,190.0,56.13333333333333
1795,q_learning,0.2,0.99,0.03,0.999,0.16597832046175592,950.4216320000003,0.959718420023465,103.0,74.95
1796,q_learning,0.2,0.99,0.03,0.999,0.16581234214129417,789.8297560000001,0.8048263060196235,736.0,30.175
1797,q_learning,0.2,0.99,0.03,0.999,0.16564652979915287,762.0030080000001,0.9729064039408867,66.0,82.11666666666666
1798,q_learning,0.2,0.99,0.03,0.999,0.1654808832693537,459.4487920000005,0.8117283950617284,610.0,54.85
1799,q_learning,0.2,0.99,0.03,0.999,0.16531540238608436,737.4766360000003,0.9913162705667276,19.0,82.175
1800,q_learning,0.2,0.99,0.03,0.999,0.16515008698369826,1030.8533000000004,0.8645327236353244,474.0,29.791666666666668
1801,q_learning,0.2,0.99,0.03,0.999,0.16498493689671456,768.1607400000003,0.8934256055363322,308.0,53.391666666666666
1802,q_learning,0.2,0.99,0.03,0.999,0.16481995195981786,911.8465160000001,0.9836065573770492,40.0,66.64166666666667
1803,q_learning,0.2,0.99,0.03,0.999,0.16465513200785803,1107.6016160000004,0.9643251195292387,97.0,57.5
1804,q_learning,0.2,0.99,0.03,0.999,0.1644904768758502,1257.358768,0.8840579710144928,416.0,26.566666666666666
1805,q_learning,0.2,0.99,0.03,0.999,0.16432598639897433,824.0247560000001,0.8793430195830702,382.0,53.725
1806,q_learning,0.2,0.99,0.03,0.999,0.16416166041257535,1016.7354400000002,0.9083898827884023,297.0,48.06666666666667
1807,q_learning,0.2,0.99,0.03,0.999,0.1639974987521628,767.6357040000003,0.9597138554216867,107.0,77.86666666666666
1808,q_learning,0.2,0.99,0.03,0.999,0.16383350125341062,959.779192,0.9740575597892177,64.0,64.2
1809,q_learning,0.2,0.99,0.03,0.999,0.16366966775215722,968.0910760000005,0.8333333333333334,635.0,37.49166666666667
1810,q_learning,0.2,0.99,0.03,0.999,0.16350599808440505,1188.7902119999997,0.8414750957854407,662.0,24.725
1811,q_learning,0.2,0.99,0.03,0.999,0.16334249208632065,775.6866399999999,0.9334126040428062,168.0,54.75
1812,q_learning,0.2,0.99,0.03,0.999,0.16317914959423432,689.8756440000001,0.9473290997385133,141.0,59.90833333333333
1813,q_learning,0.2,0.99,0.03,0.999,0.16301597044464008,792.146732,0.9338491295938104,171.0,58.475
1814,q_learning,0.2,0.99,0.03,0.999,0.16285295447419545,911.4806160000002,0.8464052287581699,517.0,34.21666666666667
1815,q_learning,0.2,0.99,0.03,0.999,0.16269010151972127,981.9371600000007,0.953654860587792,123.0,50.916666666666664
1816,q_learning,0.2,0.99,0.03,0.999,0.16252741141820154,630.8132520000004,0.7640975129278503,958.0,20.891666666666666
1817,q_learning,0.2,0.99,0.03,0.999,0.16236488400678334,994.2218880000001,0.9584592145015106,110.0,60.666666666666664
1818,q_learning,0.2,0.99,0.03,0.999,0.16220251912277656,887.2851720000002,0.8489568845618916,543.0,43.30833333333333
1819,q_learning,0.2,0.99,0.03,0.999,0.16204031660365378,758.2773280000004,0.8939547450185749,314.0,61.61666666666667
1820,q_learning,0.2,0.99,0.03,0.999,0.16187827628705012,1126.6992520000003,0.98,53.0,58.891666666666666
1821,q_learning,0.2,0.99,0.03,0.999,0.16171639801076307,604.5394160000002,0.9399018806214228,147.0,69.66666666666667
1822,q_learning,0.2,0.99,0.03,0.999,0.1615546816127523,739.5302080000001,0.800978792822186,732.0,35.93333333333333
1823,q_learning,0.2,0.99,0.03,0.999,0.16139312693113955,691.009444,0.9764065335753176,52.0,63.041666666666664
1824,q_learning,0.2,0.99,0.03,0.999,0.1612317338042084,1091.681436,0.938382099827883,179.0,47.975
1825,q_learning,0.2,0.99,0.03,0.999,0.16107050207040421,883.4402280000002,0.9580814187827489,104.0,69.925
1826,q_learning,0.2,0.99,0.03,0.999,0.1609094315683338,1013.9241320000001,0.9448529411764706,150.0,51.608333333333334
1827,q_learning,0.2,0.99,0.03,0.999,0.16074852213676546,705.4100360000001,0.8940325497287522,293.0,49.975
1828,q_learning,0.2,0.99,0.03,0.999,0.1605877736146287,519.4278080000003,0.9894736842105263,23.0,86.3
1829,q_learning,0.2,0.99,0.03,0.999,0.16042718584101406,1035.600612,0.9423592493297587,172.0,60.525
1830,q_learning,0.2,0.99,0.03,0.999,0.16026675865517306,735.9180320000004,0.9130272489734975,233.0,60.13333333333333
1831,q_learning,0.2,0.99,0.03,0.999,0.16010649189651788,785.03026,0.9004671218109953,277.0,52.025
1832,q_learning,0.2,0.99,0.03,0.999,0.15994638540462136,941.4557040000001,0.8784157199877187,396.0,43.53333333333333
1833,q_learning,0.2,0.99,0.03,0.999,0.15978643901921674,812.1225360000002,0.8804382855301321,371.0,54.733333333333334
1834,q_learning,0.2,0.99,0.03,0.999,0.15962665258019754,566.6887879999995,0.947871416159861,120.0,63.80833333333333
1835,q_learning,0.2,0.99,0.03,0.999,0.15946702592761733,971.501276,0.9531502423263328,116.0,50.875
1836,q_learning,0.2,0.99,0.03,0.999,0.1593075589016897,1024.062704,0.9011645267243953,331.0,50.083333333333336
1837,q_learning,0.2,0.99,0.03,0.999,0.159148251342788,828.576044,0.9107206884187881,249.0,58.541666666666664
1838,q_learning,0.2,0.99,0.03,0.999,0.15898910309144523,729.9860320000001,0.9859215017064846,33.0,79.85
1839,q_learning,0.2,0.99,0.03,0.999,0.15883011398835378,755.549324,0.9615069615069615,94.0,67.425
1840,q_learning,0.2,0.99,0.03,0.999,0.15867128387436544,1116.699156,0.9531914893617022,132.0,63.19166666666667
1841,q_learning,0.2,0.99,0.03,0.999,0.15851261259049107,1137.455868000001,0.9419225634178905,174.0,57.19166666666667
1842,q_learning,0.2,0.99,0.03,0.999,0.1583540999779006,869.933608,0.8554177545691906,443.0,40.916666666666664
1843,q_learning,0.2,0.99,0.03,0.999,0.15819574587792268,681.206676,0.9855390008764242,33.0,73.80833333333334
1844,q_learning,0.2,0.99,0.03,0.999,0.15803755013204476,551.06668,1.0,0.0,87.73333333333333
1845,q_learning,0.2,0.99,0.03,0.999,0.1578795125819127,830.594428,0.9165085388994307,220.0,58.608333333333334
1846,q_learning,0.2,0.99,0.03,0.999,0.1577216330693308,807.6157120000001,0.9855610561056105,35.0,79.63333333333334
1847,q_learning,0.2,0.99,0.03,0.999,0.15756391143626147,740.0824840000002,0.9852941176470589,35.0,69.525
1848,q_learning,0.2,0.99,0.03,0.999,0.1574063475248252,1071.8878720000007,0.9546788392566026,139.0,55.266666666666666
1849,q_learning,0.2,0.99,0.03,0.999,0.15724894117730037,748.1914080000001,0.9842487883683361,39.0,82.36666666666666
1850,q_learning,0.2,0.99,0.03,0.999,0.15709169223612307,975.7547960000002,0.9395248380129589,168.0,57.208333333333336
1851,q_learning,0.2,0.99,0.03,0.999,0.15693460054388697,875.3030000000001,0.9845769070446019,37.0,63.06666666666667
1852,q_learning,0.2,0.99,0.03,0.999,0.15677766594334308,986.0023880000009,0.9175954069571091,244.0,51.475
1853,q_learning,0.2,0.99,0.03,0.999,0.15662088827739973,950.0187160000003,0.8757602085143353,429.0,51.05833333333333
1854,q_learning,0.2,0.99,0.03,0.999,0.15646426738912234,699.722576,0.8367518966001686,581.0,46.71666666666667
1855,q_learning,0.2,0.99,0.03,0.999,0.1563078031217332,944.7929680000001,0.9711538461538461,72.0,56.86666666666667
1856,q_learning,0.2,0.99,0.03,0.999,0.15615149531861147,963.05856,0.9228176609369734,229.0,49.516666666666666
1857,q_learning,0.2,0.99,0.03,0.999,0.15599534382329286,391.30604800000003,0.8629032258064516,391.0,67.93333333333334
1858,q_learning,0.2,0.99,0.03,0.999,0.15583934847946956,744.6002719999999,0.8498157248157249,489.0,51.63333333333333
1859,q_learning,0.2,0.99,0.03,0.999,0.1556835091309901,818.9374840000006,0.8774441340782123,351.0,56.675
1860,q_learning,0.2,0.99,0.03,0.999,0.1555278256218591,1142.5699079999995,0.984251968503937,40.0,63.00833333333333
1861,q_learning,0.2,0.99,0.03,0.999,0.15537229779623724,689.9535360000006,0.875460328088383,372.0,54.7
1862,q_learning,0.2,0.99,0.03,0.999,0.15521692549844102,737.719948,0.9800813008130081,49.0,82.90833333333333
1863,q_learning,0.2,0.99,0.03,0.999,0.15506170857294257,1358.393608,0.9652473387601753,111.0,57.8
1864,q_learning,0.2,0.99,0.03,0.999,0.1549066468643696,809.9190960000002,0.972972972972973,64.0,62.78333333333333
1865,q_learning,0.2,0.99,0.03,0.999,0.15475174021750526,449.9461199999999,0.9202603742880391,196.0,70.51666666666667
1866,q_learning,0.2,0.99,0.03,0.999,0.15459698847728776,1130.3008080000004,0.9245757385292269,240.0,44.666666666666664
1867,q_learning,0.2,0.99,0.03,0.999,0.15444239148881048,1086.8860720000005,0.8486877343331548,565.0,25.15
1868,q_learning,0.2,0.99,0.03,0.999,0.15428794909732166,943.073568,0.9846663903854124,37.0,80.41666666666667
1869,q_learning,0.2,0.99,0.03,0.999,0.15413366114822433,915.9159760000006,0.9590858827865831,111.0,57.1
1870,q_learning,0.2,0.99,0.03,0.999,0.1539795274870761,1020.9016560000002,0.9942129629629629,15.0,63.86666666666667
1871,q_learning,0.2,0.99,0.03,0.999,0.15382554795958903,965.8968840000002,0.973753280839895,70.0,55.425
1872,q_learning,0.2,0.99,0.03,0.999,0.15367172241162944,966.8384760000004,0.973883421650265,69.0,60.075
1873,q_learning,0.2,0.99,0.03,0.999,0.1535180506892178,744.9569520000005,0.9752455795677799,63.0,73.61666666666666
1874,q_learning,0.2,0.99,0.03,0.999,0.1533645326385286,1036.9651239999998,0.9531946508172363,126.0,55.958333333333336
1875,q_learning,0.2,0.99,0.03,0.999,0.15321116810589006,910.1721120000007,0.9344501092498179,180.0,54.1
1876,q_learning,0.2,0.99,0.03,0.999,0.15305795693778418,782.9751000000001,0.9473493100944081,145.0,60.075
1877,q_learning,0.2,0.99,0.03,0.999,0.1529048989808464,560.2796480000001,0.919175911251981,204.0,67.25
1878,q_learning,0.2,0.99,0.03,0.999,0.15275199408186554,370.5086240000002,1.0,0.0,98.13333333333334
1879,q_learning,0.2,0.99,0.03,0.999,0.15259924208778367,857.9126920000003,0.9383742911153119,163.0,62.541666666666664
1880,q_learning,0.2,0.99,0.03,0.999,0.1524466428456959,1058.511524,0.8519508284339925,554.0,33.19166666666667
1881,q_learning,0.2,0.99,0.03,0.999,0.1522941962028502,861.847904,0.9101978691019786,236.0,60.583333333333336
1882,q_learning,0.2,0.99,0.03,0.999,0.15214190200664734,934.8451519999998,0.9745994529112935,65.0,66.91666666666667
1883,q_learning,0.2,0.99,0.03,0.999,0.1519897601046407,879.5567000000002,1.0,0.0,69.725
1884,q_learning,0.2,0.99,0.03,0.999,0.15183777034453605,1010.6241400000002,0.9405270655270656,167.0,53.475
1885,q_learning,0.2,0.99,0.03,0.999,0.15168593257419152,772.638116,0.9502446982055465,122.0,54.925
1886,q_learning,0.2,0.99,0.03,0.999,0.15153424664161733,916.5957519999995,0.9952319029042046,11.0,69.06666666666666
1887,q_learning,0.2,0.99,0.03,0.999,0.15138271239497572,723.2855000000002,0.9567827130852341,108.0,76.19166666666666
1888,q_learning,0.2,0.99,0.03,0.999,0.15123132968258074,643.3295719999999,0.8895589898228421,293.0,55.358333333333334
1889,q_learning,0.2,0.99,0.03,0.999,0.15108009835289815,757.3368600000005,0.9947916666666666,12.0,71.59166666666667
1890,q_learning,0.2,0.99,0.03,0.999,0.15092901825454527,606.4536720000002,0.9885496183206107,24.0,77.43333333333334
1891,q_learning,0.2,0.99,0.03,0.999,0.1507780892362907,1009.211356,0.9919261822376009,21.0,71.19166666666666
1892,q_learning,0.2,0.99,0.03,0.999,0.1506273111470544,884.1723920000003,0.8594880356149137,505.0,56.8
1893,q_learning,0.2,0.99,0.03,0.999,0.15047668383590737,899.2773720000004,0.9781273983115887,57.0,64.45833333333333
1894,q_learning,0.2,0.99,0.03,0.999,0.15032620715207146,1488.0956800000004,0.9664238200823567,106.0,50.55
1895,q_learning,0.2,0.99,0.03,0.999,0.15017588094491938,630.211912,0.9957319675629535,10.0,81.31666666666666
1896,q_learning,0.2,0.99,0.03,0.999,0.15002570506397447,624.7569760000002,0.9078341013824884,240.0,69.06666666666666
1897,q_learning,0.2,0.99,0.03,0.999,0.1498756793589105,937.2133160000002,0.9487080601619745,133.0,58.175
1898,q_learning,0.2,0.99,0.03,0.999,0.14972580367955157,873.3823960000004,0.9876051350154936,28.0,68.84166666666667
1899,q_learning,0.2,0.99,0.03,0.999,0.14957607787587204,1190.6735159999994,0.9532423208191126,137.0,50.05833333333333
1900,q_learning,0.2,0.99,0.03,0.999,0.14942650179799616,936.6656160000001,0.8779969650986343,402.0,47.55
1901,q_learning,0.2,0.99,0.03,0.999,0.14927707529619816,877.3468720000002,0.9665032679738562,82.0,69.16666666666667
1902,q_learning,0.2,0.99,0.03,0.999,0.14912779822090197,842.4567079999999,0.9650967199327166,83.0,64.79166666666667
1903,q_learning,0.2,0.99,0.03,0.999,0.14897867042268106,1019.543904,0.9549653579676675,117.0,54.1
1904,q_learning,0.2,0.99,0.03,0.999,0.14882969175225838,1094.646432,0.9557492457257795,132.0,65.63333333333334
1905,q_learning,0.2,0.99,0.03,0.999,0.14868086206050612,1099.198372,0.9826023921710765,48.0,73.29166666666667
1906,q_learning,0.2,0.99,0.03,0.999,0.1485321811984456,689.7610960000004,0.8128738251210481,657.0,36.266666666666666
1907,q_learning,0.2,0.99,0.03,0.999,0.14838364901724718,891.4537360000005,0.9555555555555556,116.0,60.78333333333333
1908,q_learning,0.2,0.99,0.03,0.999,0.14823526536822992,824.246376,0.8677130044843049,413.0,52.833333333333336
1909,q_learning,0.2,0.99,0.03,0.999,0.1480870301028617,1017.35294,0.8994464944649446,327.0,47.925
1910,q_learning,0.2,0.99,0.03,0.999,0.14793894307275884,852.6819519999999,0.955487336914812,116.0,62.13333333333333
1911,q_learning,0.2,0.99,0.03,0.999,0.14779100412968607,988.774504,0.9905771495877503,24.0,68.21666666666667
1912,q_learning,0.2,0.99,0.03,0.999,0.1476432131255564,325.9928520000001,0.9723546234509056,58.0,90.55833333333334
1913,q_learning,0.2,0.99,0.03,0.999,0.14749556991243082,930.6671360000004,0.9582859309821767,110.0,49.583333333333336
1914,q_learning,0.2,0.99,0.03,0.999,0.1473480743425184,953.5756120000003,0.9461775797051766,157.0,55.125
1915,q_learning,0.2,0.99,0.03,0.999,0.14720072626817587,968.0483480000001,0.9943887775551102,14.0,70.225
1916,q_learning,0.2,0.99,0.03,0.999,0.1470535255419077,508.373116,0.9882903981264637,25.0,82.40833333333333
1917,q_learning,0.2,0.99,0.03,0.999,0.1469064720163658,580.666548,1.0,0.0,90.325
1918,q_learning,0.2,0.99,0.03,0.999,0.14675956554434944,1085.3593680000004,0.9575933309169989,117.0,49.666666666666664
1919,q_learning,0.2,0.99,0.03,0.999,0.14661280597880508,1117.06412,0.9472581208522529,151.0,45.733333333333334
1920,q_learning,0.2,0.99,0.03,0.999,0.14646619317282628,700.0055480000003,0.9722814498933902,65.0,82.85833333333333
1921,q_learning,0.2,0.99,0.03,0.999,0.14631972697965345,1057.9179280000003,0.9188838416612589,250.0,60.516666666666666
1922,q_learning,0.2,0.99,0.03,0.999,0.1461734072526738,696.58452,0.875043630017452,358.0,61.016666666666666
1923,q_learning,0.2,0.99,0.03,0.999,0.14602723384542113,972.1901400000002,0.9759881787957149,65.0,68.84166666666667
1924,q_learning,0.2,0.99,0.03,0.999,0.1458812066115757,681.7763400000002,1.0,0.0,81.94166666666666
1925,q_learning,0.2,0.99,0.03,0.999,0.14573532540496412,982.374884,0.891729797979798,343.0,41.525
1926,q_learning,0.2,0.99,0.03,0.999,0.14558959007955916,1013.0332600000003,0.9545112781954888,121.0,57.708333333333336
1927,q_learning,0.2,0.99,0.03,0.999,0.1454440004894796,911.7764680000002,0.9958402662229617,10.0,54.375
1928,q_learning,0.2,0.99,0.03,0.999,0.14529855648899012,970.7500200000002,0.8503755054881571,518.0,33.59166666666667
1929,q_learning,0.2,0.99,0.03,0.999,0.14515325793250114,824.1855840000004,0.9273890142964635,193.0,55.05
1930,q_learning,0.2,0.99,0.03,0.999,0.14500810467456862,612.6555159999998,0.9057301293900185,255.0,53.458333333333336
1931,q_learning,0.2,0.99,0.03,0.999,0.14486309656989407,887.9231640000005,0.9175406871609403,228.0,64.35833333333333
1932,q_learning,0.2,0.99,0.03,0.999,0.14471823347332416,760.0008080000005,0.9064143007360673,267.0,64.23333333333333
1933,q_learning,0.2,0.99,0.03,0.999,0.14457351523985085,989.5359240000001,0.9496327387198321,144.0,48.99166666666667
1934,q_learning,0.2,0.99,0.03,0.999,0.144428941724611,831.2998400000008,0.9604123711340207,96.0,62.8
1935,q_learning,0.2,0.99,0.03,0.999,0.14428451278288637,800.2693080000006,0.9395770392749244,160.0,57.291666666666664
1936,q_learning,0.2,0.99,0.03,0.999,0.1441402282701035,814.6012200000005,0.8637585897818942,456.0,47.30833333333333
1937,q_learning,0.2,0.99,0.03,0.999,0.1439960880418334,974.6143839999999,0.8650937689050212,446.0,32.916666666666664
1938,q_learning,0.2,0.99,0.03,0.999,0.14385209195379156,765.848784,1.0,0.0,77.11666666666666
1939,q_learning,0.2,0.99,0.03,0.999,0.14370823986183776,854.7056879999999,0.9589095219280916,104.0,63.583333333333336
1940,q_learning,0.2,0.99,0.03,0.999,0.14356453162197594,511.87328000000014,0.9802065404475043,46.0,79.2
1941,q_learning,0.2,0.99,0.03,0.999,0.14342096709035396,1045.2143600000004,0.9414893617021277,154.0,52.016666666666666
1942,q_learning,0.2,0.99,0.03,0.999,0.1432775461232636,742.2461320000003,0.9157935584012418,217.0,63.925
1943,q_learning,0.2,0.99,0.03,0.999,0.14313426857714034,1048.7262279999998,0.9556126192223038,121.0,48.49166666666667
1944,q_learning,0.2,0.99,0.03,0.999,0.1429911343085632,972.2565559999999,0.9650721336370539,92.0,61.44166666666667
1945,q_learning,0.2,0.99,0.03,0.999,0.14284814317425462,762.7153519999997,0.9015450952209846,274.0,61.56666666666667
1946,q_learning,0.2,0.99,0.03,0.999,0.14270529503108037,885.504548,1.0,0.0,78.025
1947,q_learning,0.2,0.99,0.03,0.999,0.1425625897360493,863.502516,0.9567393636038612,121.0,70.19166666666666
1948,q_learning,0.2,0.99,0.03,0.999,0.14242002714631324,862.1168240000004,0.8416276346604216,541.0,35.516666666666666
1949,q_learning,0.2,0.99,0.03,0.999,0.14227760711916693,782.7321999999997,0.987136929460581,31.0,71.9
1950,q_learning,0.2,0.99,0.03,0.999,0.14213532951204777,1222.8614960000002,0.9758471521268925,67.0,53.35
1951,q_learning,0.2,0.99,0.03,0.999,0.14199319418253573,844.6802919999999,0.9617912900575185,93.0,72.20833333333333
1952,q_learning,0.2,0.99,0.03,0.999,0.1418512009883532,721.5945200000002,0.9955248169243287,11.0,81.68333333333334
1953,q_learning,0.2,0.99,0.03,0.999,0.14170934978736482,883.8220759999999,0.9899845916795069,26.0,77.94166666666666
1954,q_learning,0.2,0.99,0.03,0.999,0.14156764043757747,991.4789000000002,0.970873786407767,75.0,51.675
1955,q_learning,0.2,0.99,0.03,0.999,0.1414260727971399,1201.274892,0.8708798692454373,474.0,31.241666666666667
1956,q_learning,0.2,0.99,0.03,0.999,0.14128464672434274,1071.123928,0.9565061107117182,121.0,61.71666666666667
1957,q_learning,0.2,0.99,0.03,0.999,0.1411433620776184,1049.5037880000002,0.9915384615384616,22.0,71.725
1958,q_learning,0.2,0.99,0.03,0.999,0.14100221871554078,697.0957200000001,0.9534883720930233,106.0,71.43333333333334
1959,q_learning,0.2,0.99,0.03,0.999,0.14086121649682523,657.2214800000005,1.0,0.0,85.86666666666666
1960,q_learning,0.2,0.99,0.03,0.999,0.14072035528032842,920.2933439999998,0.9858998144712431,38.0,72.0
1961,q_learning,0.2,0.99,0.03,0.999,0.1405796349250481,742.15738,0.9523615635179153,117.0,69.25833333333334
1962,q_learning,0.2,0.99,0.03,0.999,0.14043905529012304,1131.130608,0.8820602868012877,403.0,35.68333333333333
1963,q_learning,0.2,0.99,0.03,0.999,0.14029861623483292,779.002688,0.8882777586799587,325.0,56.18333333333333
1964,q_learning,0.2,0.99,0.03,0.999,0.1401583176185981,1162.408916000001,0.8723584108199492,453.0,39.00833333333333
1965,q_learning,0.2,0.99,0.03,0.999,0.1400181593009795,834.697516,1.0,0.0,74.975
1966,q_learning,0.2,0.99,0.03,0.999,0.1398781411416785,835.0362360000005,1.0,0.0,80.55833333333334
1967,q_learning,0.2,0.99,0.03,0.999,0.13973826300053682,709.4829560000001,0.9782986111111112,50.0,78.19166666666666
1968,q_learning,0.2,0.99,0.03,0.999,0.13959852473753628,1035.4034760000004,0.979126401236954,54.0,59.25833333333333
1969,q_learning,0.2,0.99,0.03,0.999,0.13945892621279876,848.8237760000003,0.9910394265232975,20.0,75.6
1970,q_learning,0.2,0.99,0.03,0.999,0.13931946728658595,778.5615439999997,0.8466111771700356,516.0,51.96666666666667
1971,q_learning,0.2,0.99,0.03,0.999,0.13918014781929938,902.1740120000002,0.922740524781341,212.0,38.875
1972,q_learning,0.2,0.99,0.03,0.999,0.13904096767148008,1190.647640000001,0.984521238300936,43.0,72.95
1973,q_learning,0.2,0.99,0.03,0.999,0.1389019267038086,955.5751400000006,0.971944657955419,73.0,67.40833333333333
1974,q_learning,0.2,0.99,0.03,0.999,0.13876302477710478,742.3260720000002,0.9995481247175779,1.0,82.46666666666667
1975,q_learning,0.2,0.99,0.03,0.999,0.13862426175232767,981.3903280000001,0.9686134286849424,79.0,50.61666666666667
1976,q_learning,0.2,0.99,0.03,0.999,0.13848563749057535,1153.7155840000007,0.9681862905870777,97.0,51.78333333333333
1977,q_learning,0.2,0.99,0.03,0.999,0.13834715185308477,575.240492,0.8943031171623074,295.0,66.175
1978,q_learning,0.2,0.99,0.03,0.999,0.1382088047012317,950.003068,0.9901071723000825,24.0,66.75833333333334
1979,q_learning,0.2,0.99,0.03,0.999,0.13807059589653045,586.8021520000001,0.8023455377574371,691.0,44.733333333333334
1980,q_learning,0.2,0.99,0.03,0.999,0.13793252530063393,926.3300279999999,0.9716340391530164,71.0,66.925
1981,q_learning,0.2,0.99,0.03,0.999,0.1377945927753333,962.3489520000003,0.9766798418972332,59.0,65.81666666666666
1982,q_learning,0.2,0.99,0.03,0.999,0.13765679818255797,931.6736480000003,0.987143431096826,32.0,68.7
1983,q_learning,0.2,0.99,0.03,0.999,0.1375191413843754,981.388464,0.9539923954372623,121.0,51.1
1984,q_learning,0.2,0.99,0.03,0.999,0.13738162224299102,737.9939479999997,0.9065176908752328,251.0,64.10833333333333
1985,q_learning,0.2,0.99,0.03,0.999,0.13724424062074803,939.7236000000001,0.9950124688279302,12.0,70.3
1986,q_learning,0.2,0.99,0.03,0.999,0.1371069963801273,218.58048,0.6883653647447819,1508.0,15.666666666666666
1987,q_learning,0.2,0.99,0.03,0.999,0.13696988938374716,940.5109239999998,0.9402290622763063,167.0,61.108333333333334
1988,q_learning,0.2,0.99,0.03,0.999,0.1368329194943634,762.7494679999999,0.9358372456964006,164.0,67.14166666666667
1989,q_learning,0.2,0.99,0.03,0.999,0.13669608657486904,834.612128,0.9038396194359497,283.0,51.8
1990,q_learning,0.2,0.99,0.03,0.999,0.13655939048829419,809.1010359999998,0.9831223628691983,40.0,80.74166666666666
1991,q_learning,0.2,0.99,0.03,0.999,0.1364228310978059,933.5350360000002,0.9283878075651855,195.0,58.24166666666667
1992,q_learning,0.2,0.99,0.03,0.999,0.13628640826670807,1156.3530920000005,0.9588652482269504,116.0,49.74166666666667
1993,q_learning,0.2,0.99,0.03,0.999,0.13615012185844136,1014.9563119999998,0.8643018018018018,482.0,38.95
1994,q_learning,0.2,0.99,0.03,0.999,0.13601397173658292,925.2614720000005,0.8694829760403531,414.0,44.4
1995,q_learning,0.2,0.99,0.03,0.999,0.13587795776484635,854.7243040000001,0.978776529338327,51.0,68.35
1996,q_learning,0.2,0.99,0.03,0.999,0.1357420798070815,848.6405960000001,0.9911218724778047,22.0,75.325
1997,q_learning,0.2,0.99,0.03,0.999,0.13560633772727443,809.060012,0.9821116928446771,41.0,80.60833333333333
1998,q_learning,0.2,0.99,0.03,0.999,0.13547073138954716,970.179328,0.9098412698412699,284.0,48.36666666666667
1999,q_learning,0.2,0.99,0.03,0.999,0.1353352606581576,944.058624,0.8461765574254503,521.0,34.03333333333333
2000,q_learning,0.2,0.99,0.03,0.999,0.13519992539749945,930.932272,0.9835728952772074,40.0,69.65
2001,q_learning,0.2,0.99,0.03,0.999,0.13506472547210194,475.7293280000001,0.9981006647673314,4.0,94.71666666666667
2002,q_learning,0.2,0.99,0.03,0.999,0.13492966074662985,859.5700000000003,0.9902080783353733,24.0,73.46666666666667
2003,q_learning,0.2,0.99,0.03,0.999,0.13479473108588322,767.2974800000003,0.9393474088291747,158.0,70.0
2004,q_learning,0.2,0.99,0.03,0.999,0.1346599363547973,916.8776640000002,0.9506641366223909,130.0,63.416666666666664
2005,q_learning,0.2,0.99,0.03,0.999,0.13452527641844253,611.2849800000001,0.8798299845440495,311.0,53.075
2006,q_learning,0.2,0.99,0.03,0.999,0.1343907511420241,652.1137760000007,0.860632633886627,445.0,53.65
2007,q_learning,0.2,0.99,0.03,0.999,0.13425636039088207,855.3139880000004,0.8928687723868447,329.0,50.875
2008,q_learning,0.2,0.99,0.03,0.999,0.13412210403049118,721.5626600000005,0.9209231933409004,209.0,55.325
2009,q_learning,0.2,0.99,0.03,0.999,0.1339879819264607,785.8324240000005,0.9559239789729074,109.0,70.43333333333334
2010,q_learning,0.2,0.99,0.03,0.999,0.13385399394453423,660.4896800000002,0.9654128837008215,80.0,76.91666666666667
2011,q_learning,0.2,0.99,0.03,0.999,0.13372013995058968,687.2256800000005,0.9056674123788218,253.0,59.18333333333333
2012,q_learning,0.2,0.99,0.03,0.999,0.1335864198106391,706.5352280000002,0.97117903930131,66.0,82.19166666666666
2013,q_learning,0.2,0.99,0.03,0.999,0.13345283339082847,977.1330400000007,0.9429482636428065,161.0,63.2
2014,q_learning,0.2,0.99,0.03,0.999,0.13331938055743764,1108.8680000000002,0.9622230294224482,104.0,59.016666666666666
2015,q_learning,0.2,0.99,0.03,0.999,0.1331860611768802,594.048988,0.7573062261753494,955.0,25.825
2016,q_learning,0.2,0.99,0.03,0.999,0.13305287511570332,847.748968,0.9804573804573805,47.0,78.0
2017,q_learning,0.2,0.99,0.03,0.999,0.1329198222405876,765.2211720000003,0.996943231441048,7.0,82.975
2018,q_learning,0.2,0.99,0.03,0.999,0.13278690241834704,775.068604,0.9752808988764045,55.0,73.075
2019,q_learning,0.2,0.99,0.03,0.999,0.13265411551592868,716.3247039999999,0.9173811379579111,212.0,65.3
2020,q_learning,0.2,0.99,0.03,0.999,0.13252146140041274,942.2342440000001,0.8206381883685023,697.0,26.941666666666666
2021,q_learning,0.2,0.99,0.03,0.999,0.13238893993901232,888.1209840000002,0.9620661824051655,94.0,57.75
2022,q_learning,0.2,0.99,0.03,0.999,0.13225655099907332,782.0192160000005,0.9589100346020761,95.0,71.03333333333333
2023,q_learning,0.2,0.99,0.03,0.999,0.13212429444807425,539.1435719999998,0.996841155234657,7.0,83.725
2024,q_learning,0.2,0.99,0.03,0.999,0.1319921701536262,1175.9450760000004,0.9029351932577739,334.0,37.425
2025,q_learning,0.2,0.99,0.03,0.999,0.13186017798347255,753.861304,0.9622059390667181,98.0,65.78333333333333
2026,q_learning,0.2,0.99,0.03,0.999,0.13172831780548908,827.0243639999999,0.964344262295082,87.0,67.19166666666666
2027,q_learning,0.2,0.99,0.03,0.999,0.13159658948768357,864.7292520000001,0.9784679089026915,52.0,66.35833333333333
2028,q_learning,0.2,0.99,0.03,0.999,0.1314649928981959,1004.8865959999999,0.9184247538677919,232.0,56.875
2029,q_learning,0.2,0.99,0.03,0.999,0.1313335279052977,877.120288,0.9208895370032811,217.0,62.083333333333336
2030,q_learning,0.2,0.99,0.03,0.999,0.13120219437739242,803.153712,0.9689922480620154,72.0,73.65
2031,q_learning,0.2,0.99,0.03,0.999,0.13107099218301502,670.6632840000002,0.8635423845623708,396.0,46.175
2032,q_learning,0.2,0.99,0.03,0.999,0.130939921190832,930.3437800000005,0.9065420560747663,290.0,51.625
2033,q_learning,0.2,0.99,0.03,0.999,0.13080898126964116,1049.119384,0.9388193202146691,171.0,55.416666666666664
2034,q_learning,0.2,0.99,0.03,0.999,0.13067817228837153,856.7883280000002,0.8820646847435478,361.0,50.016666666666666
2035,q_learning,0.2,0.99,0.03,0.999,0.13054749411608316,825.9036720000004,0.9248730964467005,222.0,63.36666666666667
2036,q_learning,0.2,0.99,0.03,0.999,0.13041694662196707,819.5027160000003,0.8636803093780213,423.0,50.458333333333336
2037,q_learning,0.2,0.99,0.03,0.999,0.1302865296753451,499.92875200000003,0.7790784557907846,887.0,36.416666666666664
2038,q_learning,0.2,0.99,0.03,0.999,0.13015624314566976,735.5105560000002,0.9772633319553534,55.0,73.59166666666667
2039,q_learning,0.2,0.99,0.03,0.999,0.1300260869025241,858.5481320000001,0.8476274683171235,517.0,37.041666666666664
2040,q_learning,0.2,0.99,0.03,0.999,0.12989606081562158,1120.7848880000004,0.9810977826245002,52.0,56.78333333333333
2041,q_learning,0.2,0.99,0.03,0.999,0.12976616475480596,693.1608600000001,0.9743276283618582,63.0,81.95833333333333
2042,q_learning,0.2,0.99,0.03,0.999,0.12963639859005113,921.8886480000002,0.9219240153363542,224.0,53.43333333333333
2043,q_learning,0.2,0.99,0.03,0.999,0.1295067621914611,896.83428,0.9190152251376741,250.0,59.45
2044,q_learning,0.2,0.99,0.03,0.999,0.12937725542926962,809.2006679999998,0.9640768588137009,86.0,70.325
2045,q_learning,0.2,0.99,0.03,0.999,0.12924787817384037,852.1963360000002,0.9534009770762871,124.0,69.08333333333333
2046,q_learning,0.2,0.99,0.03,0.999,0.1291186302956665,811.2449399999999,0.9701169337375487,69.0,71.05833333333334
2047,q_learning,0.2,0.99,0.03,0.999,0.12898951166537084,727.3192520000003,0.9537953795379538,112.0,71.09166666666667
2048,q_learning,0.2,0.99,0.03,0.999,0.12886052215370547,838.4796,0.9815112540192926,46.0,75.71666666666667
2049,q_learning,0.2,0.99,0.03,0.999,0.12873166163155178,595.5833080000003,0.984077841662981,36.0,85.675
2050,q_learning,0.2,0.99,0.03,0.999,0.12860292996992023,1013.4324440000007,0.8604980192416525,493.0,43.875
2051,q_learning,0.2,0.99,0.03,0.999,0.1284743270399503,913.0694520000001,0.9517215568862275,129.0,64.54166666666667
2052,q_learning,0.2,0.99,0.03,0.999,0.12834585271291035,1072.170164,0.9698703279938978,79.0,57.641666666666666
2053,q_learning,0.2,0.99,0.03,0.999,0.12821750686019745,513.6511519999999,0.8472128945601075,455.0,58.9
2054,q_learning,0.2,0.99,0.03,0.999,0.12808928935333724,749.4295839999999,0.8832786885245901,356.0,58.88333333333333
2055,q_learning,0.2,0.99,0.03,0.999,0.1279612000639839,1112.425836,0.9782005548949663,55.0,61.958333333333336
2056,q_learning,0.2,0.99,0.03,0.999,0.12783323886391992,1026.22652,0.8621621621621621,510.0,39.9
2057,q_learning,0.2,0.99,0.03,0.999,0.127705405625056,920.2944239999998,0.8523470839260313,519.0,38.61666666666667
2058,q_learning,0.2,0.99,0.03,0.999,0.12757770021943093,986.3731640000001,0.952363503114694,130.0,55.40833333333333
2059,q_learning,0.2,0.99,0.03,0.999,0.1274501225192115,1126.9543399999998,0.9169259489732421,267.0,37.625
2060,q_learning,0.2,0.99,0.03,0.999,0.12732267239669232,849.4819880000005,0.9240810717966335,221.0,60.55833333333333
2061,q_learning,0.2,0.99,0.03,0.999,0.1271953497242956,946.9881999999997,0.8179271708683473,715.0,28.683333333333334
2062,q_learning,0.2,0.99,0.03,0.999,0.1270681543745713,991.8683080000002,0.9505089505089505,141.0,54.925
2063,q_learning,0.2,0.99,0.03,0.999,0.12694108622019673,885.2980839999998,0.9265246142542248,200.0,56.108333333333334
2064,q_learning,0.2,0.99,0.03,0.999,0.12681414513397654,756.7166000000003,0.7804878048780488,900.0,19.583333333333332
2065,q_learning,0.2,0.99,0.03,0.999,0.12668733098884258,658.3962200000002,0.8110130981021118,707.0,39.075
2066,q_learning,0.2,0.99,0.03,0.999,0.12656064365785372,1164.0777360000004,0.917572463768116,273.0,40.68333333333333
2067,q_learning,0.2,0.99,0.03,0.999,0.12643408301419587,477.8841640000003,0.7399716847569608,1102.0,18.325
2068,q_learning,0.2,0.99,0.03,0.999,0.12630764893118168,721.1511560000001,0.881675727534378,370.0,56.69166666666667
2069,q_learning,0.2,0.99,0.03,0.999,0.1261813412822505,308.2807120000003,0.7107216494845361,1403.0,14.233333333333333
2070,q_learning,0.2,0.99,0.03,0.999,0.12605515994096825,696.5972320000003,0.8480467548446632,494.0,50.06666666666667
2071,q_learning,0.2,0.99,0.03,0.999,0.12592910478102728,1142.0846560000002,0.9724258289703316,79.0,53.983333333333334
2072,q_learning,0.2,0.99,0.03,0.999,0.12580317567624624,1017.6887680000002,0.9442259563818377,156.0,46.166666666666664
2073,q_learning,0.2,0.99,0.03,0.999,0.12567737250057,953.3850480000006,0.9002981119576019,301.0,52.13333333333333
2074,q_learning,0.2,0.99,0.03,0.999,0.12555169512806943,998.4144999999999,0.9200936141758609,239.0,51.25833333333333
2075,q_learning,0.2,0.99,0.03,0.999,0.12542614343294137,639.1956960000002,0.9951946179721288,10.0,79.18333333333334
2076,q_learning,0.2,0.99,0.03,0.999,0.12530071728950842,1029.8049640000006,0.9278350515463918,217.0,49.59166666666667
2077,q_learning,0.2,0.99,0.03,0.999,0.12517541657221892,939.3972240000004,0.9809220985691574,48.0,64.4
2078,q_learning,0.2,0.99,0.03,0.999,0.1250502411556467,920.9801560000005,0.9218163195629908,229.0,50.541666666666664
2079,q_learning,0.2,0.99,0.03,0.999,0.12492519091449104,975.1115960000004,0.8528602860286029,535.0,32.74166666666667
2080,q_learning,0.2,0.99,0.03,0.999,0.12480026572357655,983.636716,0.961376673040153,101.0,53.69166666666667
2081,q_learning,0.2,0.99,0.03,0.999,0.12467546545785298,914.199352,0.9750402576489533,62.0,66.8
2082,q_learning,0.2,0.99,0.03,0.999,0.12455078999239512,1134.839292,0.9054602184087364,303.0,44.141666666666666
2083,q_learning,0.2,0.99,0.03,0.999,0.12442623920240273,1154.769616,0.8643174250832408,489.0,27.133333333333333
2084,q_learning,0.2,0.99,0.03,0.999,0.12430181296320032,769.7547799999998,0.9618815896188159,94.0,75.825
2085,q_learning,0.2,0.99,0.03,0.999,0.12417751115023713,685.4946,0.9587509637625289,107.0,82.98333333333333
2086,q_learning,0.2,0.99,0.03,0.999,0.1240533336390869,976.2243120000003,0.8743676222596964,447.0,41.583333333333336
2087,q_learning,0.2,0.99,0.03,0.999,0.12392928030544781,751.1178600000002,0.8246840548534552,652.0,40.041666666666664
2088,q_learning,0.2,0.99,0.03,0.999,0.12380535102514235,1112.1622799999996,0.9764065335753176,65.0,48.2
2089,q_learning,0.2,0.99,0.03,0.999,0.12368154567411721,643.8820640000007,0.7926061877294179,791.0,29.733333333333334
2090,q_learning,0.2,0.99,0.03,0.999,0.12355786412844309,1089.990044,0.931046431046431,199.0,49.40833333333333
2091,q_learning,0.2,0.99,0.03,0.999,0.12343430626431465,581.5842719999999,0.9845950704225352,35.0,92.13333333333334
2092,q_learning,0.2,0.99,0.03,0.999,0.12331087195805034,985.2251719999999,0.9314928425357873,201.0,49.608333333333334
2093,q_learning,0.2,0.99,0.03,0.999,0.12318756108609229,1130.8559320000004,0.8932515337423312,348.0,35.391666666666666
2094,q_learning,0.2,0.99,0.03,0.999,0.1230643735250062,765.7984680000003,0.9062836624775583,261.0,50.50833333333333
2095,q_learning,0.2,0.99,0.03,0.999,0.12294130915148119,1059.921476,0.9677773709264006,88.0,50.25833333333333
2096,q_learning,0.2,0.99,0.03,0.999,0.1228183678423297,858.6524280000002,0.9499582985821518,120.0,68.19166666666666
2097,q_learning,0.2,0.99,0.03,0.999,0.12269554947448738,992.6308600000003,0.8391258557135335,611.0,35.825
2098,q_learning,0.2,0.99,0.03,0.999,0.1225728539250129,981.8238,0.8929864998353638,325.0,43.96666666666667
2099,q_learning,0.2,0.99,0.03,0.999,0.12245028107108788,991.0194,0.9643660915228808,95.0,61.06666666666667
2100,q_learning,0.2,0.99,0.03,0.999,0.12232783079001679,823.9523840000004,0.9317664897649734,180.0,59.766666666666666
2101,q_learning,0.2,0.99,0.03,0.999,0.12220550295922677,757.1691600000004,0.8035270740188774,791.0,32.1
2102,q_learning,0.2,0.99,0.03,0.999,0.12208329745626754,1136.0783800000004,0.9880174291938998,33.0,54.041666666666664
2103,q_learning,0.2,0.99,0.03,0.999,0.12196121415881128,751.038252,0.9013888888888889,284.0,55.075
2104,q_learning,0.2,0.99,0.03,0.999,0.12183925294465246,616.9886760000002,0.985494106980961,32.0,81.49166666666666
2105,q_learning,0.2,0.99,0.03,0.999,0.12171741369170781,976.092704,0.9849959448499594,37.0,65.7
2106,q_learning,0.2,0.99,0.03,0.999,0.1215956962780161,999.439944,0.8755236385397965,416.0,37.95
2107,q_learning,0.2,0.99,0.03,0.999,0.12147410058173809,874.5913279999999,0.9489108910891089,129.0,58.38333333333333
2108,q_learning,0.2,0.99,0.03,0.999,0.12135262648115636,666.9394280000001,0.8678688524590163,403.0,57.40833333333333
2109,q_learning,0.2,0.99,0.03,0.999,0.12123127385467519,608.214324,0.9042553191489362,234.0,65.54166666666667
2110,q_learning,0.2,0.99,0.03,0.999,0.12111004258082052,897.3896440000003,0.8892508143322475,340.0,54.775
2111,q_learning,0.2,0.99,0.03,0.999,0.1209889325382397,695.0172480000003,0.843639859019545,488.0,52.0
2112,q_learning,0.2,0.99,0.03,0.999,0.12086794360570145,902.341248,0.9150350942002217,230.0,53.416666666666664
2113,q_learning,0.2,0.99,0.03,0.999,0.12074707566209576,885.7067560000003,0.8406222483122983,543.0,35.175
2114,q_learning,0.2,0.99,0.03,0.999,0.12062632858643366,927.4564760000004,0.8642186165670367,477.0,40.608333333333334
2115,q_learning,0.2,0.99,0.03,0.999,0.12050570225784722,708.9681399999997,0.903107861060329,265.0,66.95833333333333
2116,q_learning,0.2,0.99,0.03,0.999,0.12038519655558938,1058.019156,0.8893884892086331,369.0,54.625
2117,q_learning,0.2,0.99,0.03,0.999,0.12026481135903379,928.8896040000004,0.9479913916786227,145.0,67.64166666666667
2118,q_learning,0.2,0.99,0.03,0.999,0.12014454654767476,1002.4319999999996,0.9861423220973783,37.0,71.98333333333333
2119,q_learning,0.2,0.99,0.03,0.999,0.12002440200112709,825.363984,0.8626237623762376,444.0,54.53333333333333
2120,q_learning,0.2,0.99,0.03,0.999,0.11990437759912595,713.67552,0.9119226638023631,246.0,69.63333333333334
2121,q_learning,0.2,0.99,0.03,0.999,0.11978447322152683,951.2799120000002,0.9246771879483501,210.0,53.63333333333333
2122,q_learning,0.2,0.99,0.03,0.999,0.1196646887483053,1051.1971160000003,0.9818468823993686,46.0,62.725
2123,q_learning,0.2,0.99,0.03,0.999,0.119545024059557,772.6498920000002,0.8861901457321305,328.0,69.29166666666667
2124,q_learning,0.2,0.99,0.03,0.999,0.11942547903549744,876.3698519999999,0.9885714285714285,30.0,70.775
2125,q_learning,0.2,0.99,0.03,0.999,0.11930605355646194,852.7953320000005,0.9319087287214777,188.0,62.391666666666666
2126,q_learning,0.2,0.99,0.03,0.999,0.11918674750290548,652.1491559999997,0.8688413183826028,386.0,58.525
2127,q_learning,0.2,0.99,0.03,0.999,0.11906756075540258,858.7269960000007,0.88410488831337,358.0,47.858333333333334
2128,q_learning,0.2,0.99,0.03,0.999,0.11894849319464718,786.6983000000002,0.889030612244898,348.0,58.925
2129,q_learning,0.2,0.99,0.03,0.999,0.11882954470145253,879.0670440000002,0.9966144731273805,8.0,75.575
2130,q_learning,0.2,0.99,0.03,0.999,0.11871071515675106,954.6162719999998,1.0,0.0,82.96666666666667
2131,q_learning,0.2,0.99,0.03,0.999,0.11859200444159432,699.4798960000005,0.8135355237292895,664.0,33.11666666666667
2132,q_learning,0.2,0.99,0.03,0.999,0.11847341243715273,932.5697360000003,0.9216846501914375,225.0,50.71666666666667
2133,q_learning,0.2,0.99,0.03,0.999,0.11835493902471557,802.3542239999998,0.8010508717458801,833.0,29.816666666666666
2134,q_learning,0.2,0.99,0.03,0.999,0.11823658408569086,884.8623120000001,0.9651860744297719,87.0,70.25
2135,q_learning,0.2,0.99,0.03,0.999,0.11811834750160517,588.8842920000002,0.8909883720930233,300.0,70.025
2136,q_learning,0.2,0.99,0.03,0.999,0.11800022915410356,981.161888,0.9790156428843952,55.0,73.1
2137,q_learning,0.2,0.99,0.03,0.999,0.11788222892494946,1138.1401960000005,0.9471685082872928,153.0,48.625
2138,q_learning,0.2,0.99,0.03,0.999,0.11776434669602451,907.302348,0.8736542115262824,399.0,41.391666666666666
2139,q_learning,0.2,0.99,0.03,0.999,0.11764658234932848,960.5307400000002,0.961437663796331,103.0,63.391666666666666
2140,q_learning,0.2,0.99,0.03,0.999,0.11752893576697915,924.1853519999996,0.89768875192604,332.0,44.5
2141,q_learning,0.2,0.99,0.03,0.999,0.11741140683121218,963.6844600000004,0.873885770881479,382.0,48.84166666666667
2142,q_learning,0.2,0.99,0.03,0.999,0.11729399542438096,798.7069960000001,0.798239518183924,871.0,27.625
2143,q_learning,0.2,0.99,0.03,0.999,0.11717670142895659,937.8201640000002,0.947329650092081,143.0,62.891666666666666
2144,q_learning,0.2,0.99,0.03,0.999,0.11705952472752762,1053.5690880000006,0.8402828578395514,655.0,25.9
2145,q_learning,0.2,0.99,0.03,0.999,0.11694246520280009,491.2681120000002,1.0,0.0,92.53333333333333
2146,q_learning,0.2,0.99,0.03,0.999,0.1168255227375973,1031.4689600000002,0.8272112131464475,715.0,23.833333333333332
2147,q_learning,0.2,0.99,0.03,0.999,0.1167086972148597,954.9684880000003,0.8636233132357163,475.0,36.666666666666664
2148,q_learning,0.2,0.99,0.03,0.999,0.11659198851764484,973.7373360000003,0.9764890282131662,60.0,68.7
2149,q_learning,0.2,0.99,0.03,0.999,0.1164753965291272,736.9736040000005,0.9679715302491103,81.0,76.025
2150,q_learning,0.2,0.99,0.03,0.999,0.11635892113259806,1037.4115120000004,0.9293274155001707,207.0,49.6
2151,q_learning,0.2,0.99,0.03,0.999,0.11624256221146546,769.9264040000003,0.9331888768508487,185.0,56.90833333333333
2152,q_learning,0.2,0.99,0.03,0.999,0.116126319649254,1001.6435840000005,0.9352415026833631,181.0,62.93333333333333
2153,q_learning,0.2,0.99,0.03,0.999,0.11601019332960474,686.7318800000008,0.9712897526501767,65.0,75.9
2154,q_learning,0.2,0.99,0.03,0.999,0.11589418313627514,1115.3944840000004,0.9406666666666667,178.0,55.125
2155,q_learning,0.2,0.99,0.03,0.999,0.11577828895313887,617.1328599999999,0.9343096234309624,157.0,68.55833333333334
2156,q_learning,0.2,0.99,0.03,0.999,0.11566251066418573,930.9534199999999,0.974960876369327,64.0,64.175
2157,q_learning,0.2,0.99,0.03,0.999,0.11554684815352155,710.679056,0.8249849124924562,580.0,44.3
2158,q_learning,0.2,0.99,0.03,0.999,0.11543130130536802,866.2586120000003,0.9512284561789512,133.0,69.95833333333333
2159,q_learning,0.2,0.99,0.03,0.999,0.11531587000406265,1074.5686960000003,0.863021420518602,486.0,30.716666666666665
2160,q_learning,0.2,0.99,0.03,0.999,0.1152005541340586,1050.9634560000002,0.9820089955022488,48.0,59.983333333333334
2161,q_learning,0.2,0.99,0.03,0.999,0.11508535357992454,966.8451040000003,0.9537695590327169,130.0,60.75
2162,q_learning,0.2,0.99,0.03,0.999,0.11497026822634461,1149.2190079999998,0.9785177228786252,60.0,57.81666666666667
2163,q_learning,0.2,0.99,0.03,0.999,0.11485529795811826,639.0457040000002,0.946435307431158,142.0,77.28333333333333
2164,q_learning,0.2,0.99,0.03,0.999,0.11474044266016015,983.5751960000001,0.8468374281233665,586.0,26.341666666666665
2165,q_learning,0.2,0.99,0.03,0.999,0.11462570221749999,953.6829480000004,0.9142765066065098,266.0,63.175
2166,q_learning,0.2,0.99,0.03,0.999,0.11451107651528249,955.1042560000002,0.9499263622974963,136.0,51.85
2167,q_learning,0.2,0.99,0.03,0.999,0.11439656543876721,803.8389239999999,0.8644492131616596,379.0,52.358333333333334
2168,q_learning,0.2,0.99,0.03,0.999,0.11428216887332844,891.5020000000001,0.9724839803995476,73.0,78.23333333333333
2169,q_learning,0.2,0.99,0.03,0.999,0.1141678867044551,932.2606560000005,0.9364466292134831,181.0,62.13333333333333
2170,q_learning,0.2,0.99,0.03,0.999,0.11405371881775066,821.727208,0.9853852967227635,33.0,76.51666666666667
2171,q_learning,0.2,0.99,0.03,0.999,0.1139396650989329,717.8915640000002,0.9581810799837597,103.0,77.29166666666667
2172,q_learning,0.2,0.99,0.03,0.999,0.11382572543383397,994.1450360000003,0.9861371300112401,37.0,73.10833333333333
2173,q_learning,0.2,0.99,0.03,0.999,0.11371189970840014,582.8068599999997,0.9757477768795473,60.0,81.525
2174,q_learning,0.2,0.99,0.03,0.999,0.11359818780869173,1024.5037000000004,0.9659685863874345,91.0,54.541666666666664
2175,q_learning,0.2,0.99,0.03,0.999,0.11348458962088304,862.6505159999999,0.9453510436432637,144.0,68.99166666666666
2176,q_learning,0.2,0.99,0.03,0.999,0.11337110503126216,1027.9883080000009,0.9231015700096123,240.0,53.225
2177,q_learning,0.2,0.99,0.03,0.999,0.1132577339262309,1103.3343719999998,0.9476946919798528,135.0,62.858333333333334
2178,q_learning,0.2,0.99,0.03,0.999,0.11314447619230467,889.0960400000002,0.8646769052448565,467.0,48.833333333333336
2179,q_learning,0.2,0.99,0.03,0.999,0.11303133171611236,1009.3698040000002,0.9471935007385525,143.0,58.108333333333334
2180,q_learning,0.2,0.99,0.03,0.999,0.11291830038439625,726.5791399999999,0.9447943682845499,149.0,74.90833333333333
2181,q_learning,0.2,0.99,0.03,0.999,0.11280538208401185,1088.6136880000006,0.9342800528401585,199.0,52.31666666666667
2182,q_learning,0.2,0.99,0.03,0.999,0.11269257670192784,793.9883360000003,0.8859450726978998,353.0,56.86666666666667
2183,q_learning,0.2,0.99,0.03,0.999,0.11257988412522592,695.6349240000002,0.9567170273581054,106.0,64.85833333333333
2184,q_learning,0.2,0.99,0.03,0.999,0.11246730424110069,1094.6546520000004,0.9043690803544149,313.0,41.19166666666667
2185,q_learning,0.2,0.99,0.03,0.999,0.11235483693685959,1057.7678400000004,0.9632326174008009,101.0,59.25
2186,q_learning,0.2,0.99,0.03,0.999,0.11224248209992273,989.5367080000003,0.8876883707705431,395.0,52.891666666666666
2187,q_learning,0.2,0.99,0.03,0.999,0.1121302396178228,1223.6286,0.8370245546461242,677.0,28.45
2188,q_learning,0.2,0.99,0.03,0.999,0.11201810937820499,1127.2960120000002,0.9345696291112666,187.0,43.608333333333334
2189,q_learning,0.2,0.99,0.03,0.999,0.11190609126882678,871.9004280000003,0.952561669829222,125.0,69.39166666666667
2190,q_learning,0.2,0.99,0.03,0.999,0.11179418517755794,924.8947280000006,0.9177442528735632,229.0,50.18333333333333
2191,q_learning,0.2,0.99,0.03,0.999,0.11168239099238039,836.7784399999999,0.964527027027027,84.0,70.93333333333334
2192,q_learning,0.2,0.99,0.03,0.999,0.11157070860138801,565.3358440000003,0.8405797101449275,473.0,61.325
2193,q_learning,0.2,0.99,0.03,0.999,0.11145913789278662,1090.4869959999999,0.9241769205187895,228.0,50.541666666666664
2194,q_learning,0.2,0.99,0.03,0.999,0.11134767875489383,1053.039688,0.8845795842382873,372.0,33.78333333333333
2195,q_learning,0.2,0.99,0.03,0.999,0.11123633107613894,999.7631160000005,0.8549618320610687,532.0,26.775
2196,q_learning,0.2,0.99,0.03,0.999,0.1111250947450628,637.0864239999999,0.9289156626506024,177.0,74.31666666666666
2197,q_learning,0.2,0.99,0.03,0.999,0.11101396965031773,814.5385560000003,0.839458413926499,498.0,40.44166666666667
2198,q_learning,0.2,0.99,0.03,0.999,0.11090295568066742,1035.430652,0.862176754759875,485.0,32.84166666666667
2199,q_learning,0.2,0.99,0.03,0.999,0.11079205272498675,1046.9226200000007,0.8394863563402889,600.0,29.541666666666668
2200,q_learning,0.2,0.99,0.03,0.999,0.11068126067226176,904.8772880000002,0.8634782608695653,471.0,31.35
2201,q_learning,0.2,0.99,0.03,0.999,0.1105705794115895,869.0842120000004,0.9447160586686725,147.0,63.00833333333333
2202,q_learning,0.2,0.99,0.03,0.999,0.11046000883217792,1071.848616,0.9757860498735093,67.0,61.5
2203,q_learning,0.2,0.99,0.03,0.999,0.11034954882334574,341.54400400000014,0.8405422853453841,494.0,70.29166666666667
2204,q_learning,0.2,0.99,0.03,0.999,0.11023919927452239,729.0651840000002,0.8781622564699041,419.0,40.7
2205,q_learning,0.2,0.99,0.03,0.999,0.11012896007524788,668.4756360000002,0.9558533701221915,112.0,68.99166666666666
2206,q_learning,0.2,0.99,0.03,0.999,0.11001883111517262,749.4629000000002,0.829038514824051,617.0,35.925
2207,q_learning,0.2,0.99,0.03,0.999,0.10990881228405745,644.3606479999999,0.9991300565463245,2.0,84.16666666666667
2208,q_learning,0.2,0.99,0.03,0.999,0.10979890347177339,668.8927,0.915375897242161,224.0,64.125
2209,q_learning,0.2,0.99,0.03,0.999,0.10968910456830162,679.9223080000003,0.9026676279740447,270.0,67.49166666666666
2210,q_learning,0.2,0.99,0.03,0.999,0.10957941546373332,887.0380799999997,0.8833967046894804,368.0,46.2
2211,q_learning,0.2,0.99,0.03,0.999,0.10946983604826958,855.4615360000001,0.9608959757023539,103.0,68.8
2212,q_learning,0.2,0.99,0.03,0.999,0.10936036621222131,870.9617840000002,0.9510785824345146,127.0,58.81666666666667
2213,q_learning,0.2,0.99,0.03,0.999,0.1092510058460091,600.9810359999999,0.8724676187313185,384.0,65.29166666666667
2214,q_learning,0.2,0.99,0.03,0.999,0.10914175484016309,983.254136,0.8630705394190872,495.0,37.416666666666664
2215,q_learning,0.2,0.99,0.03,0.999,0.10903261308532292,1232.0798479999999,0.9209498046287947,263.0,38.03333333333333
2216,q_learning,0.2,0.99,0.03,0.999,0.1089235804722376,967.2461600000006,0.967258382642998,83.0,70.3
2217,q_learning,0.2,0.99,0.03,0.999,0.10881465689176535,973.8772760000003,0.955661414437523,121.0,59.44166666666667
2218,q_learning,0.2,0.99,0.03,0.999,0.10870584223487359,696.8320960000005,0.9400379506641366,158.0,71.56666666666666
2219,q_learning,0.2,0.99,0.03,0.999,0.10859713639263872,633.1599680000003,0.9765013054830287,54.0,81.73333333333333
2220,q_learning,0.2,0.99,0.03,0.999,0.10848853925624607,742.6935680000007,0.8330025517436915,589.0,45.333333333333336
2221,q_learning,0.2,0.99,0.03,0.999,0.10838005071698983,779.9057760000001,0.8949919224555735,325.0,60.7
2222,q_learning,0.2,0.99,0.03,0.999,0.10827167066627284,974.0498160000003,0.9435879467414156,161.0,50.38333333333333
2223,q_learning,0.2,0.99,0.03,0.999,0.10816339899560658,1262.550588,0.884698275862069,428.0,23.841666666666665
2224,q_learning,0.2,0.99,0.03,0.999,0.10805523559661097,903.5910439999999,0.9325722440242598,189.0,62.09166666666667
2225,q_learning,0.2,0.99,0.03,0.999,0.10794718036101435,669.8435280000002,0.7454017424975798,1052.0,15.816666666666666
2226,q_learning,0.2,0.99,0.03,0.999,0.10783923318065333,640.2465440000002,0.9302414718282866,182.0,64.2
2227,q_learning,0.2,0.99,0.03,0.999,0.10773139394747269,537.566036,0.9853004755728492,34.0,80.875
2228,q_learning,0.2,0.99,0.03,0.999,0.1076236625535252,597.9468919999998,0.9982631350412505,4.0,84.55833333333334
2229,q_learning,0.2,0.99,0.03,0.999,0.1075160388909717,88.44713599999999,0.987290289781393,25.0,101.05
2230,q_learning,0.2,0.99,0.03,0.999,0.10740852285208072,775.841964,0.9678178963893249,82.0,67.325
2231,q_learning,0.2,0.99,0.03,0.999,0.10730111432922863,980.8817319999996,0.8995433789954338,330.0,50.44166666666667
2232,q_learning,0.2,0.99,0.03,0.999,0.1071938132148994,384.5674520000001,0.7842194570135747,763.0,46.80833333333333
2233,q_learning,0.2,0.99,0.03,0.999,0.10708661940168451,697.782312,0.7871485943775101,795.0,40.6
2234,q_learning,0.2,0.99,0.03,0.999,0.10697953278228282,921.9207320000002,0.9425615412058509,161.0,60.625
2235,q_learning,0.2,0.99,0.03,0.999,0.10687255324950054,657.5993560000001,0.9613445378151261,92.0,78.40833333333333
2236,q_learning,0.2,0.99,0.03,0.999,0.10676568069625104,461.236084,0.9925208974923009,17.0,95.725
2237,q_learning,0.2,0.99,0.03,0.999,0.10665891501555479,833.393844,0.9146919431279621,252.0,60.325
2238,q_learning,0.2,0.99,0.03,0.999,0.10655225610053923,449.2365519999999,0.9873417721518988,27.0,90.7
2239,q_learning,0.2,0.99,0.03,0.999,0.10644570384443869,937.307088,0.9771453212591634,53.0,72.01666666666667
2240,q_learning,0.2,0.99,0.03,0.999,0.10633925814059425,729.7150759999998,0.8195726721181746,684.0,37.09166666666667
2241,q_learning,0.2,0.99,0.03,0.999,0.10623291888245366,696.2939719999998,0.9843947701391818,37.0,73.59166666666667
2242,q_learning,0.2,0.99,0.03,0.999,0.10612668596357121,978.6237520000002,0.9626783754116356,102.0,66.2
2243,q_learning,0.2,0.99,0.03,0.999,0.10602055927760763,1197.1167120000002,0.9594927791475871,115.0,57.0
2244,q_learning,0.2,0.99,0.03,0.999,0.10591453871833002,801.2346720000004,0.9094076655052264,260.0,53.25
2245,q_learning,0.2,0.99,0.03,0.999,0.10580862417961169,914.5270600000003,0.8728915662650603,422.0,62.15833333333333
2246,q_learning,0.2,0.99,0.03,0.999,0.10570281555543208,826.5727960000003,0.926278659611993,209.0,58.775
2247,q_learning,0.2,0.99,0.03,0.999,0.10559711273987665,920.537924,0.9417549167927383,154.0,50.24166666666667
2248,q_learning,0.2,0.99,0.03,0.999,0.10549151562713678,899.1379519999998,0.9694940476190477,82.0,60.4
2249,q_learning,0.2,0.99,0.03,0.999,0.10538602411150964,642.8455720000001,0.897454284689853,286.0,67.79166666666667
2250,q_learning,0.2,0.99,0.03,0.999,0.10528063808739813,792.0190160000001,0.8623031799938252,446.0,47.81666666666667
2251,q_learning,0.2,0.99,0.03,0.999,0.10517535744931074,1359.7360560000004,0.8915119363395225,409.0,32.666666666666664
2252,q_learning,0.2,0.99,0.03,0.999,0.10507018209186142,727.1568119999998,0.8599605522682445,426.0,54.358333333333334
2253,q_learning,0.2,0.99,0.03,0.999,0.10496511190976957,963.4570799999999,0.9775628626692456,58.0,62.35
2254,q_learning,0.2,0.99,0.03,0.999,0.1048601467978598,531.804648,0.9737777777777777,59.0,73.48333333333333
2255,q_learning,0.2,0.99,0.03,0.999,0.10475528665106193,870.6799880000002,1.0,0.0,66.675
2256,q_learning,0.2,0.99,0.03,0.999,0.10465053136441087,788.18536,0.91816223977028,228.0,57.166666666666664
2257,q_learning,0.2,0.99,0.03,0.999,0.10454588083304646,890.1895640000002,0.9384501297738228,166.0,53.65833333333333
2258,q_learning,0.2,0.99,0.03,0.999,0.10444133495221342,793.1235200000001,0.9698242933537051,79.0,65.63333333333334
2259,q_learning,0.2,0.99,0.03,0.999,0.1043368936172612,1093.2883040000004,0.9582706766917293,111.0,41.6
2260,q_learning,0.2,0.99,0.03,0.999,0.10423255672364394,913.2391360000004,0.9848726114649682,38.0,62.46666666666667
2261,q_learning,0.2,0.99,0.03,0.999,0.10412832416692029,1018.8713360000003,0.8354864223569733,624.0,31.883333333333333
2262,q_learning,0.2,0.99,0.03,0.999,0.10402419584275337,1029.7051920000001,0.9496669133974833,136.0,45.6
2263,q_learning,0.2,0.99,0.03,0.999,0.10392017164691061,948.6575680000003,0.9043250327653998,292.0,48.85
2264,q_learning,0.2,0.99,0.03,0.999,0.1038162514752637,1001.6367720000004,0.9118610747051114,269.0,40.975
2265,q_learning,0.2,0.99,0.03,0.999,0.10371243522378844,1030.7723000000008,0.8199097172725113,758.0,23.541666666666668
2266,q_learning,0.2,0.99,0.03,0.999,0.10360872278856466,759.5272040000004,0.9576659038901602,111.0,76.575
2267,q_learning,0.2,0.99,0.03,0.999,0.10350511406577609,793.5022280000001,0.8224272930648769,635.0,40.275
2268,q_learning,0.2,0.99,0.03,0.999,0.10340160895171031,900.7995440000003,0.8896321070234113,330.0,45.55
2269,q_learning,0.2,0.99,0.03,0.999,0.1032982073427586,999.3246480000004,0.798294817141575,899.0,20.333333333333332
2270,q_learning,0.2,0.99,0.03,0.999,0.10319490913541585,1051.53802,0.9511019283746557,142.0,48.65833333333333
2271,q_learning,0.2,0.99,0.03,0.999,0.10309171422628043,883.4879120000002,0.894377640558986,325.0,53.75
2272,q_learning,0.2,0.99,0.03,0.999,0.10298862251205415,959.6643960000001,0.8935583878746125,309.0,38.84166666666667
2273,q_learning,0.2,0.99,0.03,0.999,0.1028856338895421,734.3825520000003,0.9126738794435858,226.0,49.2
2274,q_learning,0.2,0.99,0.03,0.999,0.10278274825565255,1138.3060480000008,0.8841533180778032,405.0,31.116666666666667
2275,q_learning,0.2,0.99,0.03,0.999,0.1026799655073969,854.3510200000002,0.927118017018128,197.0,50.291666666666664
2276,q_learning,0.2,0.99,0.03,0.999,0.1025772855418895,1355.8652960000002,0.8776790381599582,468.0,31.866666666666667
2277,q_learning,0.2,0.99,0.03,0.999,0.10247470825634761,979.9868720000009,0.94009382894262,166.0,51.68333333333333
2278,q_learning,0.2,0.99,0.03,0.999,0.10237223354809126,754.2577679999996,0.8107532605802502,711.0,44.483333333333334
2279,q_learning,0.2,0.99,0.03,0.999,0.10226986131454317,1191.8056760000002,0.9053089102763117,305.0,33.075
2280,q_learning,0.2,0.99,0.03,0.999,0.10216759145322862,970.1750559999999,0.9579439252336449,108.0,61.416666666666664
2281,q_learning,0.2,0.99,0.03,0.999,0.1020654238617754,981.6240200000001,0.9793434157137587,56.0,55.55833333333333
2282,q_learning,0.2,0.99,0.03,0.999,0.10196335843791363,774.45702,0.9389250814332247,150.0,54.275
2283,q_learning,0.2,0.99,0.03,0.999,0.10186139507947571,1107.1292079999998,0.9932457786116323,18.0,53.78333333333333
2284,q_learning,0.2,0.99,0.03,0.999,0.10175953368439623,868.3975800000003,0.974587039390089,60.0,68.40833333333333
2285,q_learning,0.2,0.99,0.03,0.999,0.10165777415071184,913.817692,0.9598888006354249,101.0,53.625
2286,q_learning,0.2,0.99,0.03,0.999,0.10155611637656113,978.7757120000003,0.9286494357480888,196.0,54.55
2287,q_learning,0.2,0.99,0.03,0.999,0.10145456026018457,933.9947880000003,0.8935261255340124,324.0,51.69166666666667
2288,q_learning,0.2,0.99,0.03,0.999,0.10135310569992438,445.14540400000004,0.9722772277227723,56.0,84.425
2289,q_learning,0.2,0.99,0.03,0.999,0.10125175259422446,922.6512279999998,0.8785584494245912,401.0,43.875
2290,q_learning,0.2,0.99,0.03,0.999,0.10115050084163023,1261.3465479999998,0.971100278551532,83.0,51.175
2291,q_learning,0.2,0.99,0.03,0.999,0.1010493503407886,214.8112720000001,0.9778085991678225,48.0,91.63333333333334
2292,q_learning,0.2,0.99,0.03,0.999,0.10094830099044781,872.0103640000002,0.9705443698732289,79.0,62.74166666666667
2293,q_learning,0.2,0.99,0.03,0.999,0.10084735268945737,874.6846120000002,0.936838262139467,173.0,52.358333333333334
2294,q_learning,0.2,0.99,0.03,0.999,0.1007465053367679,882.6348080000001,0.861095265259555,487.0,41.78333333333333
2295,q_learning,0.2,0.99,0.03,0.999,0.10064575883143113,582.935968,0.7366436203645506,1257.0,10.733333333333333
2296,q_learning,0.2,0.99,0.03,0.999,0.10054511307259971,1012.3972720000003,0.9307667421546425,214.0,53.75
2297,q_learning,0.2,0.99,0.03,0.999,0.10044456795952711,707.2675999999999,0.9785683669095585,50.0,71.16666666666667
2298,q_learning,0.2,0.99,0.03,0.999,0.10034412339156758,1028.6368560000005,0.9805862200228398,51.0,60.05
2299,q_learning,0.2,0.99,0.03,0.999,0.10024377926817601,550.270692,0.9809833024118738,41.0,89.65833333333333
2300,q_learning,0.2,0.99,0.03,0.999,0.10014353548890784,894.7452400000006,0.9478482859226842,143.0,62.8
2301,q_learning,0.2,0.99,0.03,0.999,0.10004339195341894,613.1088200000006,0.7513636363636363,1094.0,19.125
2302,q_learning,0.2,0.99,0.03,0.999,0.09994334856146551,746.949764,0.9978137297770004,5.0,86.19166666666666
2303,q_learning,0.2,0.99,0.03,0.999,0.09984340521290405,558.3213760000003,0.8277404921700223,539.0,58.05
2304,q_learning,0.2,0.99,0.03,0.999,0.09974356180769114,722.0105840000001,0.9581132075471698,111.0,68.1
2305,q_learning,0.2,0.99,0.03,0.999,0.09964381824588345,476.79710000000017,0.9137055837563451,221.0,73.20833333333333
2306,q_learning,0.2,0.99,0.03,0.999,0.09954417442763756,605.1009440000001,0.9241917502787068,204.0,75.78333333333333
2307,q_learning,0.2,0.99,0.03,0.999,0.09944463025320993,590.7268440000001,0.9546816479400749,121.0,79.19166666666666
2308,q_learning,0.2,0.99,0.03,0.999,0.09934518562295672,1222.8544800000004,0.9486765655261459,159.0,54.733333333333334
2309,q_learning,0.2,0.99,0.03,0.999,0.09924584043733377,744.4473279999996,0.9508133230054222,127.0,71.33333333333333
2310,q_learning,0.2,0.99,0.03,0.999,0.09914659459689643,436.88922000000025,0.9763928234183191,50.0,89.44166666666666
2311,q_learning,0.2,0.99,0.03,0.999,0.09904744800229953,870.7257960000004,0.8455203394060394,619.0,41.15833333333333
2312,q_learning,0.2,0.99,0.03,0.999,0.09894840055429724,444.3669280000001,0.9884566053869175,27.0,79.05
2313,q_learning,0.2,0.99,0.03,0.999,0.09884945215374294,754.4313760000003,0.9724052718286655,67.0,69.91666666666667
2314,q_learning,0.2,0.99,0.03,0.999,0.0987506027015892,784.099476,0.986782321354812,32.0,63.84166666666667
2315,q_learning,0.2,0.99,0.03,0.999,0.0986518520988876,925.9687600000001,0.8646727864968907,457.0,35.03333333333333
2316,q_learning,0.2,0.99,0.03,0.999,0.09855320024678872,669.6699679999999,0.9738197424892704,61.0,75.66666666666667
2317,q_learning,0.2,0.99,0.03,0.999,0.09845464704654193,853.6085120000001,0.8281078107810781,625.0,33.68333333333333
2318,q_learning,0.2,0.99,0.03,0.999,0.09835619239949539,1003.3379599999998,0.8759931895573212,437.0,44.1
2319,q_learning,0.2,0.99,0.03,0.999,0.09825783620709588,996.8384760000002,0.9094022415940224,291.0,37.44166666666667
2320,q_learning,0.2,0.99,0.03,0.999,0.09815957837088879,848.1451520000004,0.931833910034602,197.0,61.11666666666667
2321,q_learning,0.2,0.99,0.03,0.999,0.09806141879251791,730.5141000000003,0.9822125813449024,41.0,75.875
2322,q_learning,0.2,0.99,0.03,0.999,0.09796335737372538,772.9709439999999,0.9356287425149701,172.0,53.11666666666667
2323,q_learning,0.2,0.99,0.03,0.999,0.09786539401635166,722.1190240000002,0.9861751152073732,33.0,79.18333333333334
2324,q_learning,0.2,0.99,0.03,0.999,0.09776752862233531,1038.9997040000005,0.9301003344481605,209.0,36.1
2325,q_learning,0.2,0.99,0.03,0.999,0.09766976109371298,769.0973839999996,0.8493881393159711,480.0,44.05
2326,q_learning,0.2,0.99,0.03,0.999,0.09757209133261927,1285.7069000000001,0.9501032346868548,145.0,41.041666666666664
2327,q_learning,0.2,0.99,0.03,0.999,0.09747451924128664,756.4366560000005,0.8887412819661242,335.0,55.016666666666666
2328,q_learning,0.2,0.99,0.03,0.999,0.09737704472204535,777.1511880000004,0.9822410147991544,42.0,78.29166666666667
2329,q_learning,0.2,0.99,0.03,0.999,0.09727966767732331,653.44134,0.9858757062146892,30.0,67.625
2330,q_learning,0.2,0.99,0.03,0.999,0.09718238800964599,1029.6357719999996,0.9194174757281554,249.0,52.425
2331,q_learning,0.2,0.99,0.03,0.999,0.09708520562163633,1087.1131159999993,0.9335022165927802,210.0,35.90833333333333
2332,q_learning,0.2,0.99,0.03,0.999,0.0969881204160147,590.8356199999998,0.9551752241238793,110.0,66.60833333333333
2333,q_learning,0.2,0.99,0.03,0.999,0.09689113229559869,347.6468120000001,0.9949587534372135,11.0,86.375
2334,q_learning,0.2,0.99,0.03,0.999,0.0967942411633031,928.1046239999998,0.9667182662538699,86.0,58.75
2335,q_learning,0.2,0.99,0.03,0.999,0.09669744692213979,579.7821240000002,0.9422854944209311,150.0,60.891666666666666
2336,q_learning,0.2,0.99,0.03,0.999,0.09660074947521764,694.7968560000007,0.904165130851456,260.0,52.06666666666667
2337,q_learning,0.2,0.99,0.03,0.999,0.09650414872574242,588.2136800000001,0.7827365045430251,813.0,28.983333333333334
2338,q_learning,0.2,0.99,0.03,0.999,0.09640764457701669,836.7540240000001,0.9418960244648318,152.0,53.53333333333333
2339,q_learning,0.2,0.99,0.03,0.999,0.09631123693243968,961.4291880000001,0.9443661971830986,158.0,56.25833333333333
2340,q_learning,0.2,0.99,0.03,0.999,0.09621492569550723,533.2040600000001,0.954161103693814,103.0,70.225
2341,q_learning,0.2,0.99,0.03,0.999,0.09611871076981172,610.4657800000003,0.9254798645088446,198.0,65.79166666666667
2342,q_learning,0.2,0.99,0.03,0.999,0.09602259205904191,888.1561160000006,0.9691000386249518,80.0,58.34166666666667
2343,q_learning,0.2,0.99,0.03,0.999,0.09592656946698287,1043.7681840000005,0.8913234005258545,372.0,39.766666666666666
2344,q_learning,0.2,0.99,0.03,0.999,0.09583064289751589,768.3765480000002,0.9930313588850174,16.0,66.55833333333334
2345,q_learning,0.2,0.99,0.03,0.999,0.09573481225461837,868.0073200000005,0.8860510805500982,348.0,43.95
2346,q_learning,0.2,0.99,0.03,0.999,0.09563907744236375,779.8402600000005,0.9088288288288289,253.0,56.74166666666667
2347,q_learning,0.2,0.99,0.03,0.999,0.0955434383649214,938.6325920000004,0.7996579526020035,820.0,17.266666666666666
2348,q_learning,0.2,0.99,0.03,0.999,0.09544789492655646,719.7970760000005,0.9636830520909758,99.0,71.925
2349,q_learning,0.2,0.99,0.03,0.999,0.09535244703162991,935.1492760000001,0.9446564885496184,145.0,53.525
2350,q_learning,0.2,0.99,0.03,0.999,0.09525709458459827,710.901652,0.9538708383473726,115.0,69.25833333333334
2351,q_learning,0.2,0.99,0.03,0.999,0.09516183749001368,854.9256839999999,0.9800460475825019,52.0,60.475
2352,q_learning,0.2,0.99,0.03,0.999,0.09506667565252366,908.9290600000004,0.8582945736434109,457.0,34.175
2353,q_learning,0.2,0.99,0.03,0.999,0.09497160897687114,604.2093840000001,0.9659090909090909,81.0,63.53333333333333
2354,q_learning,0.2,0.99,0.03,0.999,0.09487663736789427,890.0888240000004,0.84383637368712,565.0,36.45
2355,q_learning,0.2,0.99,0.03,0.999,0.09478176073052638,746.5057959999999,0.8203370465581262,629.0,36.875
2356,q_learning,0.2,0.99,0.03,0.999,0.09468697896979585,790.2959599999999,0.9253081943437274,206.0,52.5
2357,q_learning,0.2,0.99,0.03,0.999,0.09459229199082606,617.7112280000001,0.9907894736842106,21.0,83.00833333333334
2358,q_learning,0.2,0.99,0.03,0.999,0.09449769969883523,941.4518519999999,0.9983256592716618,4.0,63.09166666666667
2359,q_learning,0.2,0.99,0.03,0.999,0.09440320199913639,913.4129,0.9182412790697675,225.0,45.75833333333333
2360,q_learning,0.2,0.99,0.03,0.999,0.09430879879713726,1029.2850520000002,0.9362288865908307,185.0,51.44166666666667
2361,q_learning,0.2,0.99,0.03,0.999,0.09421448999834012,988.0330360000005,0.968421052631579,84.0,59.675
2362,q_learning,0.2,0.99,0.03,0.999,0.09412027550834177,1098.718536,0.9415631848064281,160.0,52.833333333333336
2363,q_learning,0.2,0.99,0.03,0.999,0.09402615523283343,612.2142160000002,1.0,0.0,88.23333333333333
2364,q_learning,0.2,0.99,0.03,0.999,0.09393212907760061,1153.9121040000005,0.9679465776293823,96.0,56.9
2365,q_learning,0.2,0.99,0.03,0.999,0.09383819694852301,1002.5139200000003,0.9724770642201835,81.0,59.333333333333336
2366,q_learning,0.2,0.99,0.03,0.999,0.09374435875157448,731.4549840000004,0.9791057250313414,50.0,68.45
2367,q_learning,0.2,0.99,0.03,0.999,0.0936506143928229,646.7399520000002,0.9566462167689161,106.0,68.48333333333333
2368,q_learning,0.2,0.99,0.03,0.999,0.09355696377843008,717.2642519999998,0.8671898581346212,440.0,53.825
2369,q_learning,0.2,0.99,0.03,0.999,0.09346340681465165,833.6143320000002,0.9681908548707754,80.0,69.975
2370,q_learning,0.2,0.99,0.03,0.999,0.093369943407837,1007.4003920000001,0.8269713011981054,621.0,22.683333333333334
2371,q_learning,0.2,0.99,0.03,0.999,0.09327657346442916,728.558428,0.7740408570004983,907.0,18.108333333333334
2372,q_learning,0.2,0.99,0.03,0.999,0.09318329689096473,762.6946160000006,0.8234398782343988,580.0,38.5
2373,q_learning,0.2,0.99,0.03,0.999,0.09309011359407376,823.7043840000003,0.9460876076375889,144.0,65.65
2374,q_learning,0.2,0.99,0.03,0.999,0.0929970234804797,743.240256,0.9866148531951641,31.0,81.4
2375,q_learning,0.2,0.99,0.03,0.999,0.09290402645699922,577.4421800000001,0.956408345752608,117.0,64.725
2376,q_learning,0.2,0.99,0.03,0.999,0.09281112243054222,871.3001640000003,0.7789256198347108,963.0,15.825
2377,q_learning,0.2,0.99,0.03,0.999,0.09271831130811167,514.7675879999999,0.9378323108384458,152.0,77.54166666666667
2378,q_learning,0.2,0.99,0.03,0.999,0.09262559299680356,995.679032,0.8623481781376519,510.0,36.65
2379,q_learning,0.2,0.99,0.03,0.999,0.09253296740380676,266.3675600000001,0.937037037037037,153.0,85.43333333333334
2380,q_learning,0.2,0.99,0.03,0.999,0.09244043443640296,883.0834120000002,0.9487087517934003,143.0,66.975
2381,q_learning,0.2,0.99,0.03,0.999,0.09234799400196655,871.5012120000002,0.8695787831513261,418.0,37.425
2382,q_learning,0.2,0.99,0.03,0.999,0.09225564600796458,765.924936,0.9143375680580762,236.0,58.166666666666664
2383,q_learning,0.2,0.99,0.03,0.999,0.09216339036195662,551.7980960000001,0.9935400516795866,15.0,86.75
2384,q_learning,0.2,0.99,0.03,0.999,0.09207122697159466,732.8619000000002,0.941470927993839,152.0,61.34166666666667
2385,q_learning,0.2,0.99,0.03,0.999,0.09197915574462306,844.9242320000001,0.9876886417791898,31.0,71.98333333333333
2386,q_learning,0.2,0.99,0.03,0.999,0.09188717658887845,640.053244,0.9694989106753813,70.0,79.70833333333333
2387,q_learning,0.2,0.99,0.03,0.999,0.09179528941228957,655.6535800000001,0.9734361610968295,62.0,64.99166666666666
2388,q_learning,0.2,0.99,0.03,0.999,0.09170349412287727,589.3549559999994,0.8685109289617486,385.0,56.475
2389,q_learning,0.2,0.99,0.03,0.999,0.0916117906287544,935.2638079999996,0.9187078452254172,229.0,48.36666666666667
2390,q_learning,0.2,0.99,0.03,0.999,0.09152017883812565,500.8876880000002,0.9458210835783284,129.0,78.28333333333333
2391,q_learning,0.2,0.99,0.03,0.999,0.09142865865928752,659.7516320000001,0.9223931623931624,227.0,72.56666666666666
2392,q_learning,0.2,0.99,0.03,0.999,0.09133723000062823,815.3044640000005,0.8923633969716919,327.0,53.6
2393,q_learning,0.2,0.99,0.03,0.999,0.0912458927706276,632.14354,0.9897229669347631,23.0,81.84166666666667
2394,q_learning,0.2,0.99,0.03,0.999,0.09115464687785697,768.4273000000001,0.9638025594149908,99.0,65.79166666666667
2395,q_learning,0.2,0.99,0.03,0.999,0.09106349223097912,441.93799200000024,0.7723900370959195,859.0,38.63333333333333
2396,q_learning,0.2,0.99,0.03,0.999,0.09097242873874814,455.0414920000001,1.0,0.0,88.875
2397,q_learning,0.2,0.99,0.03,0.999,0.09088145631000939,650.0103879999998,0.9568407423392318,100.0,78.45833333333333
2398,q_learning,0.2,0.99,0.03,0.999,0.09079057485369937,697.4066479999997,0.9915927136851939,18.0,78.7
2399,q_learning,0.2,0.99,0.03,0.999,0.09069978427884569,638.6543960000001,0.9387343812978638,152.0,62.575
2400,q_learning,0.2,0.99,0.03,0.999,0.09060908449456684,1116.1166,0.90928927680798,291.0,39.31666666666667
2401,q_learning,0.2,0.99,0.03,0.999,0.09051847541007227,839.5845000000002,0.8974191440705652,314.0,51.24166666666667
2402,q_learning,0.2,0.99,0.03,0.999,0.0904279569346622,744.3790040000001,0.9391605698883327,158.0,64.09166666666667
2403,q_learning,0.2,0.99,0.03,0.999,0.09033752897772754,716.2504879999998,0.9901583226358579,23.0,86.85
2404,q_learning,0.2,0.99,0.03,0.999,0.0902471914487498,1006.89564,0.956893348197696,116.0,71.68333333333334
2405,q_learning,0.2,0.99,0.03,0.999,0.09015694425730106,735.329976,0.9171328671328671,237.0,52.43333333333333
2406,q_learning,0.2,0.99,0.03,0.999,0.09006678731304375,680.5625960000002,0.9714285714285714,68.0,69.325
2407,q_learning,0.2,0.99,0.03,0.999,0.0899767205257307,845.2410959999997,0.9913122999542753,19.0,67.96666666666667
2408,q_learning,0.2,0.99,0.03,0.999,0.08988674380520498,910.0348120000004,0.828421052631579,652.0,38.84166666666667
2409,q_learning,0.2,0.99,0.03,0.999,0.08979685706139978,649.349264,0.9762004175365344,57.0,78.13333333333334
2410,q_learning,0.2,0.99,0.03,0.999,0.08970706020433837,984.6082240000001,0.9011646207113629,314.0,53.03333333333333
2411,q_learning,0.2,0.99,0.03,0.999,0.08961735314413403,787.7154880000004,0.9812962157459765,43.0,68.0
2412,q_learning,0.2,0.99,0.03,0.999,0.08952773579098991,726.055432,0.9907120743034056,24.0,65.91666666666667
2413,q_learning,0.2,0.99,0.03,0.999,0.08943820805519892,833.2722440000003,0.9694456569183763,70.0,69.175
2414,q_learning,0.2,0.99,0.03,0.999,0.08934876984714371,1161.2415800000008,0.8796349115801483,422.0,29.358333333333334
2415,q_learning,0.2,0.99,0.03,0.999,0.08925942107729658,1103.1509280000007,0.9907988289418653,22.0,71.31666666666666
2416,q_learning,0.2,0.99,0.03,0.999,0.08917016165621927,1000.37502,0.9138353765323993,246.0,47.675
2417,q_learning,0.2,0.99,0.03,0.999,0.08908099149456306,738.5168880000002,0.9612831858407079,105.0,60.766666666666666
2418,q_learning,0.2,0.99,0.03,0.999,0.0889919105030685,749.1618239999997,0.8943905817174516,305.0,54.06666666666667
2419,q_learning,0.2,0.99,0.03,0.999,0.08890291859256542,930.2480400000004,0.93,182.0,57.9
2420,q_learning,0.2,0.99,0.03,0.999,0.08881401567397286,630.5105080000002,0.8882789796577333,346.0,63.725
2421,q_learning,0.2,0.99,0.03,0.999,0.08872520165829889,670.1793520000004,1.0,0.0,75.51666666666667
2422,q_learning,0.2,0.99,0.03,0.999,0.08863647645664059,872.2151720000004,0.9790897908979089,51.0,60.358333333333334
2423,q_learning,0.2,0.99,0.03,0.999,0.08854783998018395,930.8739560000001,0.9772727272727273,57.0,60.325
2424,q_learning,0.2,0.99,0.03,0.999,0.08845929214020376,551.3125560000002,0.8770752384316496,348.0,52.225
2425,q_learning,0.2,0.99,0.03,0.999,0.08837083284806356,853.7541920000004,0.8578052550231839,460.0,48.8
2426,q_learning,0.2,0.99,0.03,0.999,0.08828246201521549,890.1558759999999,0.984549356223176,36.0,72.79166666666667
2427,q_learning,0.2,0.99,0.03,0.999,0.08819417955320027,947.5516159999999,0.9068403908794789,286.0,51.583333333333336
2428,q_learning,0.2,0.99,0.03,0.999,0.08810598537364708,757.7165400000001,0.9790619765494137,50.0,69.575
2429,q_learning,0.2,0.99,0.03,0.999,0.08801787938827343,840.9872799999998,0.9625092798812175,101.0,67.93333333333334
2430,q_learning,0.2,0.99,0.03,0.999,0.08792986150888515,808.7047799999999,0.9102902374670184,238.0,56.325
2431,q_learning,0.2,0.99,0.03,0.999,0.08784193164737628,935.3639240000008,0.9933095450490633,15.0,70.75833333333334
2432,q_learning,0.2,0.99,0.03,0.999,0.0877540897157289,844.6808720000001,0.9372909698996655,150.0,59.63333333333333
2433,q_learning,0.2,0.99,0.03,0.999,0.08766633562601317,954.2172680000003,0.9937163375224417,14.0,69.35833333333333
2434,q_learning,0.2,0.99,0.03,0.999,0.08757866929038716,1114.5941000000005,1.0,0.0,72.525
2435,q_learning,0.2,0.99,0.03,0.999,0.08749109062109676,958.7626680000001,0.845173535791757,571.0,35.25833333333333
2436,q_learning,0.2,0.99,0.03,0.999,0.08740359953047566,870.5414079999999,0.9005763688760807,276.0,50.68333333333333
2437,q_learning,0.2,0.99,0.03,0.999,0.0873161959309452,707.095268,0.973501303214596,61.0,67.55833333333334
2438,q_learning,0.2,0.99,0.03,0.999,0.08722887973501425,818.5818800000003,0.9605870020964361,94.0,59.583333333333336
2439,q_learning,0.2,0.99,0.03,0.999,0.08714165085527924,917.5460039999999,0.9872557349192863,30.0,71.09166666666667
2440,q_learning,0.2,0.99,0.03,0.999,0.08705450920442395,1103.9151840000002,0.9365195184239329,174.0,44.416666666666664
2441,q_learning,0.2,0.99,0.03,0.999,0.08696745469521953,910.615352,0.9760033098882913,58.0,69.28333333333333
2442,q_learning,0.2,0.99,0.03,0.999,0.08688048724052432,1055.9430439999999,0.9621451104100947,96.0,52.175
2443,q_learning,0.2,0.99,0.03,0.999,0.08679360675328379,865.6236240000003,0.9725177304964538,62.0,64.06666666666666
2444,q_learning,0.2,0.99,0.03,0.999,0.0867068131465305,909.6467400000002,0.9544701986754967,110.0,62.44166666666667
2445,q_learning,0.2,0.99,0.03,0.999,0.08662010633338398,971.2147000000003,0.9864141622066694,33.0,67.89166666666667
2446,q_learning,0.2,0.99,0.03,0.999,0.0865334862270506,662.9800960000001,0.9794849410737669,47.0,71.3
2447,q_learning,0.2,0.99,0.03,0.999,0.08644695274082353,738.2960359999998,0.9989501312335958,2.0,77.14166666666667
2448,q_learning,0.2,0.99,0.03,0.999,0.08636050578808271,901.0045920000003,0.9147482014388489,237.0,58.06666666666667
2449,q_learning,0.2,0.99,0.03,0.999,0.08627414528229463,1135.1934880000001,0.9313625552157663,202.0,48.56666666666667
2450,q_learning,0.2,0.99,0.03,0.999,0.08618787113701233,1074.6229880000005,0.9326479971641262,190.0,47.375
2451,q_learning,0.2,0.99,0.03,0.999,0.08610168326587532,756.0039519999999,0.8864285714285715,318.0,60.21666666666667
2452,q_learning,0.2,0.99,0.03,0.999,0.08601558158260945,941.4144640000002,0.9299249195566679,196.0,47.81666666666667
2453,q_learning,0.2,0.99,0.03,0.999,0.08592956600102684,947.7078760000007,0.8178032274856846,700.0,30.425
2454,q_learning,0.2,0.99,0.03,0.999,0.08584363643502581,698.5148200000003,0.9707602339181286,65.0,74.59166666666667
2455,q_learning,0.2,0.99,0.03,0.999,0.08575779279859079,848.1645720000001,0.9219096965210954,211.0,61.525
2456,q_learning,0.2,0.99,0.03,0.999,0.0856720350057922,961.3176280000002,0.989686291362269,24.0,61.875
2457,q_learning,0.2,0.99,0.03,0.999,0.08558636297078641,988.5864480000004,0.9316881258941345,191.0,51.55
2458,q_learning,0.2,0.99,0.03,0.999,0.08550077660781562,742.0026359999996,0.9641638225255973,84.0,72.95833333333333
2459,q_learning,0.2,0.99,0.03,0.999,0.0854152758312078,895.7329919999999,0.9535686876438987,121.0,68.51666666666667
2460,q_learning,0.2,0.99,0.03,0.999,0.0853298605553766,1026.832912,0.9818986323411102,45.0,59.916666666666664
2461,q_learning,0.2,0.99,0.03,0.999,0.08524453069482121,852.2632360000006,0.995831596498541,10.0,72.14166666666667
2462,q_learning,0.2,0.99,0.03,0.999,0.0851592861641264,795.3183840000004,0.9412244897959183,144.0,64.3
2463,q_learning,0.2,0.99,0.03,0.999,0.08507412687796227,935.4838359999999,0.8487492728330425,520.0,35.80833333333333
2464,q_learning,0.2,0.99,0.03,0.999,0.0849890527510843,927.3652799999999,0.9230484646688865,208.0,53.86666666666667
2465,q_learning,0.2,0.99,0.03,0.999,0.08490406369833323,809.3308560000004,0.773854961832061,948.0,22.05
2466,q_learning,0.2,0.99,0.03,0.999,0.08481915963463489,588.806292,0.9419514203375875,141.0,56.40833333333333
2467,q_learning,0.2,0.99,0.03,0.999,0.08473434047500025,817.4567879999998,0.8944852941176471,287.0,60.19166666666667
2468,q_learning,0.2,0.99,0.03,0.999,0.08464960613452525,536.681896,0.8524590163934426,423.0,56.36666666666667
2469,q_learning,0.2,0.99,0.03,0.999,0.08456495652839073,965.8409000000003,0.8895826487019389,336.0,44.34166666666667
2470,q_learning,0.2,0.99,0.03,0.999,0.08448039157186234,858.2149079999999,0.8709987195902689,403.0,57.708333333333336
2471,q_learning,0.2,0.99,0.03,0.999,0.08439591118029048,801.1390160000005,0.9522795057520239,112.0,77.43333333333334
2472,q_learning,0.2,0.99,0.03,0.999,0.08431151526911018,730.483744,0.8851626016260162,339.0,55.88333333333333
2473,q_learning,0.2,0.99,0.03,0.999,0.08422720375384107,733.3077360000005,0.9701292911279537,67.0,81.11666666666666
2474,q_learning,0.2,0.99,0.03,0.999,0.08414297655008723,751.3056759999996,0.9482266612311455,127.0,70.25833333333334
2475,q_learning,0.2,0.99,0.03,0.999,0.08405883357353715,633.9130159999997,0.9260089686098655,198.0,75.7
2476,q_learning,0.2,0.99,0.03,0.999,0.0839747747399636,630.485672,0.9852150537634409,33.0,92.5
2477,q_learning,0.2,0.99,0.03,0.999,0.08389079996522364,994.0183280000002,0.8811848958333334,365.0,30.25
2478,q_learning,0.2,0.99,0.03,0.999,0.08380690916525842,973.9695479999998,0.9419191919191919,161.0,61.55833333333333
2479,q_learning,0.2,0.99,0.03,0.999,0.08372310225609317,578.8445719999997,0.8353426395939086,519.0,55.875
2480,q_learning,0.2,0.99,0.03,0.999,0.08363937915383707,617.2059959999998,1.0,0.0,82.00833333333334
2481,q_learning,0.2,0.99,0.03,0.999,0.08355573977468324,480.2806840000001,0.8954996186117468,274.0,66.925
2482,q_learning,0.2,0.99,0.03,0.999,0.08347218403490855,668.8814960000002,0.8959943780744906,296.0,65.36666666666666
2483,q_learning,0.2,0.99,0.03,0.999,0.08338871185087364,812.8593200000004,0.8289315726290516,570.0,40.68333333333333
2484,q_learning,0.2,0.99,0.03,0.999,0.08330532313902277,705.0777959999998,0.985939497230507,33.0,78.60833333333333
2485,q_learning,0.2,0.99,0.03,0.999,0.08322201781588374,749.5587559999998,0.9990875912408759,2.0,79.925
2486,q_learning,0.2,0.99,0.03,0.999,0.08313879579806786,824.8706199999999,0.9842887473460722,37.0,70.75833333333334
2487,q_learning,0.2,0.99,0.03,0.999,0.08305565700226979,663.3430679999997,0.9650269023827824,91.0,68.425
2488,q_learning,0.2,0.99,0.03,0.999,0.08297260134526752,712.1254759999999,0.9792722247812068,45.0,72.675
2489,q_learning,0.2,0.99,0.03,0.999,0.08288962874392225,840.4486520000003,0.9852095316351684,36.0,70.575
2490,q_learning,0.2,0.99,0.03,0.999,0.08280673911517833,943.6749960000004,0.9469434832756632,138.0,55.075
2491,q_learning,0.2,0.99,0.03,0.999,0.08272393237606315,808.6092360000002,0.9058737686975556,258.0,49.425
2492,q_learning,0.2,0.99,0.03,0.999,0.0826412084436871,790.6967800000001,0.8718116415958143,392.0,40.958333333333336
2493,q_learning,0.2,0.99,0.03,0.999,0.08255856723524341,998.0058079999999,0.9233149931224209,223.0,43.93333333333333
2494,q_learning,0.2,0.99,0.03,0.999,0.08247600866800817,883.6928040000004,0.9695723684210527,74.0,60.525
2495,q_learning,0.2,0.99,0.03,0.999,0.08239353265934016,741.2108040000003,0.9534368070953437,126.0,54.44166666666667
2496,q_learning,0.2,0.99,0.03,0.999,0.08231113912668081,711.9431399999997,0.9086775293671845,241.0,49.75833333333333
2497,q_learning,0.2,0.99,0.03,0.999,0.08222882798755413,893.258268,0.8746634759198325,419.0,42.84166666666667
2498,q_learning,0.2,0.99,0.03,0.999,0.08214659915956657,1057.8751120000009,0.921865154379332,248.0,43.5
2499,q_learning,0.2,0.99,0.03,0.999,0.08206445256040701,836.0483320000002,0.8809776833156217,336.0,40.925
2500,q_learning,0.2,0.99,0.03,0.999,0.0819823881078466,668.9458000000002,0.9964586100044267,8.0,71.01666666666667
2501,q_learning,0.2,0.99,0.03,0.999,0.08190040571973875,1128.9462600000002,0.9089759797724399,288.0,50.958333333333336
2502,q_learning,0.2,0.99,0.03,0.999,0.08181850531401902,627.0162159999999,0.9283333333333333,172.0,50.63333333333333
2503,q_learning,0.2,0.99,0.03,0.999,0.081736686808705,745.0060319999999,0.962605548854041,93.0,65.85
2504,q_learning,0.2,0.99,0.03,0.999,0.08165495012189629,858.6665840000002,0.9386401326699834,148.0,51.81666666666667
2505,q_learning,0.2,0.99,0.03,0.999,0.08157329517177439,848.1052560000004,0.8622696411251213,426.0,49.46666666666667
2506,q_learning,0.2,0.99,0.03,0.999,0.08149172187660263,793.7506520000002,0.8789473684210526,368.0,52.608333333333334
2507,q_learning,0.2,0.99,0.03,0.999,0.08141023015472602,946.635996,0.8879843699120807,344.0,45.141666666666666
2508,q_learning,0.2,0.99,0.03,0.999,0.08132881992457129,974.6565360000006,0.9677920062087699,83.0,63.38333333333333
2509,q_learning,0.2,0.99,0.03,0.999,0.08124749110464673,692.5820720000003,0.9357231149567367,156.0,59.36666666666667
2510,q_learning,0.2,0.99,0.03,0.999,0.08116624361354208,659.2378800000001,0.9586363636363636,91.0,68.95
2511,q_learning,0.2,0.99,0.03,0.999,0.08108507736992854,1036.9218599999997,0.8770826784030179,391.0,40.05833333333333
2512,q_learning,0.2,0.99,0.03,0.999,0.0810039922925586,808.3491759999998,0.9151251360174102,234.0,55.93333333333333
2513,q_learning,0.2,0.99,0.03,0.999,0.08092298830026605,805.76376,0.8694614860259032,383.0,41.75
2514,q_learning,0.2,0.99,0.03,0.999,0.08084206531196578,672.6668520000002,0.977961432506887,48.0,68.425
2515,q_learning,0.2,0.99,0.03,0.999,0.08076122324665382,764.0886279999997,0.942998760842627,138.0,58.90833333333333
2516,q_learning,0.2,0.99,0.03,0.999,0.08068046202340716,916.6116200000002,0.8928919182083739,330.0,41.358333333333334
2517,q_learning,0.2,0.99,0.03,0.999,0.08059978156138375,579.2259519999998,0.7511638733705773,1069.0,19.933333333333334
2518,q_learning,0.2,0.99,0.03,0.999,0.08051918177982237,1127.1621480000008,0.8977820636451301,318.0,32.858333333333334
2519,q_learning,0.2,0.99,0.03,0.999,0.08043866259804254,881.6102040000004,0.9260588657573582,206.0,48.725
2520,q_learning,0.2,0.99,0.03,0.999,0.0803582239354445,895.8763079999999,0.9044356292823656,265.0,38.958333333333336
2521,q_learning,0.2,0.99,0.03,0.999,0.08027786571150906,609.57188,0.9849660523763336,31.0,78.48333333333333
2522,q_learning,0.2,0.99,0.03,0.999,0.08019758784579754,1033.2076359999996,0.8521467159510947,520.0,39.025
2523,q_learning,0.2,0.99,0.03,0.999,0.08011739025795175,807.4461920000002,0.8925180402582605,283.0,36.266666666666666
2524,q_learning,0.2,0.99,0.03,0.999,0.0800372728676938,887.9005280000006,0.9793771043771043,49.0,66.78333333333333
2525,q_learning,0.2,0.99,0.03,0.999,0.0799572355948261,575.4090839999997,0.9028309104820199,254.0,54.90833333333333
2526,q_learning,0.2,0.99,0.03,0.999,0.07987727835923128,855.9751840000004,0.8629675045984059,447.0,39.666666666666664
2527,q_learning,0.2,0.99,0.03,0.999,0.07979740108087205,899.6422200000004,0.9293606945540647,179.0,47.391666666666666
2528,q_learning,0.2,0.99,0.03,0.999,0.07971760367979118,915.0649960000001,0.8806021211084503,349.0,34.25833333333333
2529,q_learning,0.2,0.99,0.03,0.999,0.07963788607611139,984.2017240000005,0.9774055317491235,58.0,52.75833333333333
2530,q_learning,0.2,0.99,0.03,0.999,0.07955824819003528,844.6578400000004,0.9680443118875159,75.0,55.1
2531,q_learning,0.2,0.99,0.03,0.999,0.07947868994184523,847.9476960000001,0.9344028520499109,184.0,52.233333333333334
2532,q_learning,0.2,0.99,0.03,0.999,0.0793992112519034,986.7432280000002,0.9002238567316917,312.0,47.59166666666667
2533,q_learning,0.2,0.99,0.03,0.999,0.07931981204065149,721.3079640000003,0.8916512059369203,292.0,50.375
2534,q_learning,0.2,0.99,0.03,0.999,0.07924049222861083,682.1810280000002,0.9369369369369369,161.0,49.575
2535,q_learning,0.2,0.99,0.03,0.999,0.07916125173638222,782.0463760000006,0.968299711815562,77.0,60.166666666666664
2536,q_learning,0.2,0.99,0.03,0.999,0.07908209048464585,796.5435040000003,0.9261174732175841,200.0,52.61666666666667
2537,q_learning,0.2,0.99,0.03,0.999,0.0790030083941612,915.498776,0.9572544184134812,104.0,62.93333333333333
2538,q_learning,0.2,0.99,0.03,0.999,0.07892400538576703,770.4487679999996,0.9884700665188471,26.0,74.45
2539,q_learning,0.2,0.99,0.03,0.999,0.07884508138038127,835.895432,0.9343702579666161,173.0,59.46666666666667
2540,q_learning,0.2,0.99,0.03,0.999,0.07876623629900088,854.3298320000002,0.9170896785109983,245.0,58.68333333333333
2541,q_learning,0.2,0.99,0.03,0.999,0.0786874700627019,1012.3578600000004,0.9850020267531414,37.0,48.84166666666667
2542,q_learning,0.2,0.99,0.03,0.999,0.07860878259263919,825.4449360000004,0.8019311064718163,759.0,23.55
2543,q_learning,0.2,0.99,0.03,0.999,0.07853017381004655,977.835184,0.9142658799028115,247.0,43.8
2544,q_learning,0.2,0.99,0.03,0.999,0.0784516436362365,724.442372,0.9889553612517257,24.0,81.64166666666667
2545,q_learning,0.2,0.99,0.03,0.999,0.07837319199260026,661.257924,0.9677551020408163,79.0,80.14166666666667
2546,q_learning,0.2,0.99,0.03,0.999,0.07829481880060767,644.436644,0.7985207100591716,681.0,46.225
2547,q_learning,0.2,0.99,0.03,0.999,0.07821652398180706,788.4154960000001,0.9719665271966528,67.0,71.53333333333333
2548,q_learning,0.2,0.99,0.03,0.999,0.07813830745782525,705.8584440000003,0.9846018477782666,35.0,79.05833333333334
2549,q_learning,0.2,0.99,0.03,0.999,0.07806016915036743,987.9245480000008,0.9575971731448764,120.0,59.84166666666667
2550,q_learning,0.2,0.99,0.03,0.999,0.07798210898121706,965.2975960000001,0.9093635454848384,272.0,41.641666666666666
2551,q_learning,0.2,0.99,0.03,0.999,0.07790412687223584,904.92908,0.8341246290801186,559.0,29.416666666666668
2552,q_learning,0.2,0.99,0.03,0.999,0.0778262227453636,824.5998760000006,0.8785900783289817,372.0,44.325
2553,q_learning,0.2,0.99,0.03,0.999,0.07774839652261824,873.841648,0.9469517022961204,134.0,65.36666666666666
2554,q_learning,0.2,0.99,0.03,0.999,0.07767064812609561,1154.5836519999993,0.9216605289588216,234.0,41.44166666666667
2555,q_learning,0.2,0.99,0.03,0.999,0.07759297747796952,794.6717880000004,0.8671497584541062,440.0,43.141666666666666
2556,q_learning,0.2,0.99,0.03,0.999,0.07751538450049156,1135.3611760000001,0.8994494349463924,347.0,35.55
2557,q_learning,0.2,0.99,0.03,0.999,0.07743786911599107,802.6958920000001,0.9517437145174371,119.0,58.575
2558,q_learning,0.2,0.99,0.03,0.999,0.07736043124687507,468.6682680000002,0.8635386819484241,381.0,64.59166666666667
2559,q_learning,0.2,0.99,0.03,0.999,0.0772830708156282,378.493016,0.9920141969831411,18.0,85.68333333333334
2560,q_learning,0.2,0.99,0.03,0.999,0.07720578774481257,644.7877199999997,0.9919821826280624,18.0,73.01666666666667
2561,q_learning,0.2,0.99,0.03,0.999,0.07712858195706776,1181.1620599999997,0.8676664035780058,503.0,31.808333333333334
2562,q_learning,0.2,0.99,0.03,0.999,0.07705145337511068,1116.3554199999999,0.9719835636906985,75.0,52.925
2563,q_learning,0.2,0.99,0.03,0.999,0.07697440192173557,756.7571280000001,1.0,0.0,75.65
2564,q_learning,0.2,0.99,0.03,0.999,0.07689742751981385,1097.4727400000002,0.9653114509511377,93.0,52.59166666666667
2565,q_learning,0.2,0.99,0.03,0.999,0.07682053009229403,564.0714320000001,0.9586606035551881,100.0,69.0
2566,q_learning,0.2,0.99,0.03,0.999,0.07674370956220174,596.2765200000002,0.9728928420160948,64.0,73.98333333333333
2567,q_learning,0.2,0.99,0.03,0.999,0.07666696585263953,782.2547240000006,0.9871475953565506,31.0,72.00833333333334
2568,q_learning,0.2,0.99,0.03,0.999,0.0765902988867869,909.8316000000001,0.9817209094962104,41.0,63.05
2569,q_learning,0.2,0.99,0.03,0.999,0.0765137085879001,980.8203679999999,0.8855271366188396,367.0,42.21666666666667
2570,q_learning,0.2,0.99,0.03,0.999,0.0764371948793122,928.3377240000007,0.9387176762309599,173.0,54.00833333333333
2571,q_learning,0.2,0.99,0.03,0.999,0.0763607576844329,607.4197360000002,0.9787709497206704,57.0,73.4
2572,q_learning,0.2,0.99,0.03,0.999,0.07628439692674846,931.6711760000001,0.9632217727105553,100.0,69.76666666666667
2573,q_learning,0.2,0.99,0.03,0.999,0.07620811252982171,703.7545800000003,0.9787141615986099,49.0,72.725
2574,q_learning,0.2,0.99,0.03,0.999,0.0761319044172919,1327.5001880000007,0.9511025886864813,153.0,40.108333333333334
2575,q_learning,0.2,0.99,0.03,0.999,0.0760557725128746,986.2238079999998,0.9618573797678275,92.0,59.733333333333334
2576,q_learning,0.2,0.99,0.03,0.999,0.07597971674036172,913.4479159999996,0.8315037018126117,660.0,34.925
2577,q_learning,0.2,0.99,0.03,0.999,0.07590373702362137,888.5876640000001,0.9809995869475423,46.0,66.16666666666667
2578,q_learning,0.2,0.99,0.03,0.999,0.07582783328659774,1111.6452120000008,0.9406691962745775,172.0,52.208333333333336
2579,q_learning,0.2,0.99,0.03,0.999,0.07575200545331114,700.9593199999999,0.9816924328722538,45.0,69.93333333333334
2580,q_learning,0.2,0.99,0.03,0.999,0.07567625344785783,862.288704,0.9445069366329208,148.0,56.21666666666667
2581,q_learning,0.2,0.99,0.03,0.999,0.07560057719440998,1162.7433640000004,0.9483551467987266,146.0,51.925
2582,q_learning,0.2,0.99,0.03,0.999,0.07552497661721556,973.0928560000003,0.9394148020654045,176.0,60.416666666666664
2583,q_learning,0.2,0.99,0.03,0.999,0.07544945164059835,921.88858,0.9983870967741936,4.0,65.65833333333333
2584,q_learning,0.2,0.99,0.03,0.999,0.07537400218895775,794.2993680000001,0.984251968503937,38.0,73.86666666666666
2585,q_learning,0.2,0.99,0.03,0.999,0.07529862818676879,1126.4854600000006,0.9468122578372666,151.0,50.69166666666667
2586,q_learning,0.2,0.99,0.03,0.999,0.07522332955858202,928.524564,0.9878355704697986,29.0,64.575
2587,q_learning,0.2,0.99,0.03,0.999,0.07514810622902345,938.4849439999999,0.9921966445571596,20.0,69.35
2588,q_learning,0.2,0.99,0.03,0.999,0.07507295812279442,1044.7925479999997,0.9593525179856115,113.0,48.55833333333333
2589,q_learning,0.2,0.99,0.03,0.999,0.07499788516467162,894.736676,0.9323204419889503,196.0,60.891666666666666
2590,q_learning,0.2,0.99,0.03,0.999,0.07492288727950695,840.1902919999999,0.9374057315233786,166.0,66.025
2591,q_learning,0.2,0.99,0.03,0.999,0.07484796439222745,897.6164520000001,0.9125720094883091,258.0,58.475
2592,q_learning,0.2,0.99,0.03,0.999,0.07477311642783521,1103.751892,0.9409255004922875,180.0,57.875
2593,q_learning,0.2,0.99,0.03,0.999,0.07469834331140739,806.8713719999995,0.9862150452934226,35.0,75.14166666666667
2594,q_learning,0.2,0.99,0.03,0.999,0.07462364496809597,847.5297120000002,0.8211046990931574,651.0,31.55
2595,q_learning,0.2,0.99,0.03,0.999,0.07454902132312788,980.1593959999998,0.85074200913242,523.0,39.40833333333333
2596,q_learning,0.2,0.99,0.03,0.999,0.07447447230180475,708.3963839999998,0.840258541089566,519.0,44.28333333333333
2597,q_learning,0.2,0.99,0.03,0.999,0.07439999782950295,954.2977919999998,0.9349173553719008,189.0,46.93333333333333
2598,q_learning,0.2,0.99,0.03,0.999,0.07432559783167345,510.7765119999999,0.9951965065502183,11.0,79.93333333333334
2599,q_learning,0.2,0.99,0.03,0.999,0.07425127223384177,942.4213960000001,0.9860197368421053,34.0,73.175
2600,q_learning,0.2,0.99,0.03,0.999,0.07417702096160793,489.23996800000015,0.877692588535962,335.0,63.75
2601,q_learning,0.2,0.99,0.03,0.999,0.07410284394064631,636.0171480000001,0.8405882352941176,542.0,51.875
2602,q_learning,0.2,0.99,0.03,0.999,0.07402874109670567,554.6485760000004,0.9609343536045106,97.0,72.88333333333334
2603,q_learning,0.2,0.99,0.03,0.999,0.07395471235560896,903.1967119999999,0.8040665434380776,742.0,22.85
2604,q_learning,0.2,0.99,0.03,0.999,0.07388075764325336,741.7475480000003,0.9708466453674122,73.0,68.925
2605,q_learning,0.2,0.99,0.03,0.999,0.0738068768856101,773.3089479999998,0.9418650019508389,149.0,66.60833333333333
2606,q_learning,0.2,0.99,0.03,0.999,0.07373307000872449,1071.602488,0.9668850072780204,91.0,67.8
2607,q_learning,0.2,0.99,0.03,0.999,0.07365933693871576,508.3918240000001,0.868403247631935,389.0,72.18333333333334
2608,q_learning,0.2,0.99,0.03,0.999,0.07358567760177705,508.59284000000014,0.9286274509803921,182.0,71.88333333333334
2609,q_learning,0.2,0.99,0.03,0.999,0.07351209192417528,787.3351480000001,0.9874213836477987,30.0,72.00833333333334
2610,q_learning,0.2,0.99,0.03,0.999,0.0734385798322511,988.3643519999996,0.9336683417085427,198.0,53.733333333333334
2611,q_learning,0.2,0.99,0.03,0.999,0.07336514125241884,763.0919760000004,0.9628224582701063,98.0,77.91666666666667
2612,q_learning,0.2,0.99,0.03,0.999,0.07329177611116643,817.8753520000006,0.9444444444444444,147.0,64.6
2613,q_learning,0.2,0.99,0.03,0.999,0.07321848433505526,1075.2789920000002,0.9369150779896014,182.0,49.71666666666667
2614,q_learning,0.2,0.99,0.03,0.999,0.0731452658507202,579.8559960000002,0.84962852897474,506.0,51.625
2615,q_learning,0.2,0.99,0.03,0.999,0.07307212058486949,393.34728800000033,0.984375,36.0,85.43333333333334
2616,q_learning,0.2,0.99,0.03,0.999,0.07299904846428462,866.9968920000005,0.931923076923077,177.0,58.141666666666666
2617,q_learning,0.2,0.99,0.03,0.999,0.07292604941582033,789.2270680000003,0.8900671615411806,311.0,54.791666666666664
2618,q_learning,0.2,0.99,0.03,0.999,0.07285312336640451,813.3479720000007,0.9351407000686341,189.0,57.40833333333333
2619,q_learning,0.2,0.99,0.03,0.999,0.07278027024303811,891.4573919999999,0.9139026111503176,244.0,54.31666666666667
2620,q_learning,0.2,0.99,0.03,0.999,0.07270748997279507,715.3028680000006,0.9778963414634146,58.0,78.29166666666667
2621,q_learning,0.2,0.99,0.03,0.999,0.07263478248282228,499.2055080000002,0.8224101479915433,588.0,56.608333333333334
2622,q_learning,0.2,0.99,0.03,0.999,0.07256214770033946,804.3356560000004,0.985239852398524,36.0,78.11666666666666
2623,q_learning,0.2,0.99,0.03,0.999,0.07248958555263911,782.597044,0.9159538862030494,226.0,69.375
2624,q_learning,0.2,0.99,0.03,0.999,0.07241709596708648,611.2293359999999,0.9996058336618053,1.0,83.41666666666667
2625,q_learning,0.2,0.99,0.03,0.999,0.0723446788711194,1180.7426119999993,0.8933139534883721,367.0,35.975
2626,q_learning,0.2,0.99,0.03,0.999,0.07227233419224827,627.0768520000003,0.8393278301886793,545.0,42.358333333333334
2627,q_learning,0.2,0.99,0.03,0.999,0.07220006185805602,384.3636880000003,0.858961474036851,421.0,63.96666666666667
2628,q_learning,0.2,0.99,0.03,0.999,0.07212786179619797,672.6687040000004,0.8658801614405464,432.0,54.88333333333333
2629,q_learning,0.2,0.99,0.03,0.999,0.07205573393440176,947.41372,0.9933184855233853,18.0,78.75
2630,q_learning,0.2,0.99,0.03,0.999,0.07198367820046736,563.8042079999998,0.9742345033607169,69.0,68.48333333333333
2631,q_learning,0.2,0.99,0.03,0.999,0.0719116945222669,764.2025640000002,0.8111021288062517,701.0,26.275
2632,q_learning,0.2,0.99,0.03,0.999,0.07183978282774463,568.5151400000002,1.0,0.0,91.44166666666666
2633,q_learning,0.2,0.99,0.03,0.999,0.07176794304491689,1089.7854720000003,0.9930742593305117,18.0,63.06666666666667
2634,q_learning,0.2,0.99,0.03,0.999,0.07169617510187197,796.0995719999996,0.8915893827950112,339.0,49.625
2635,q_learning,0.2,0.99,0.03,0.999,0.0716244789267701,382.41477600000013,0.9400733795352629,147.0,74.23333333333333
2636,q_learning,0.2,0.99,0.03,0.999,0.07155285444784333,705.8777320000004,0.9882017900732303,29.0,79.64166666666667
2637,q_learning,0.2,0.99,0.03,0.999,0.07148130159339548,755.6331520000003,0.9718951766046335,74.0,67.41666666666667
2638,q_learning,0.2,0.99,0.03,0.999,0.07140982029180208,494.44824000000017,1.0,0.0,89.71666666666667
2639,q_learning,0.2,0.99,0.03,0.999,0.07133841047151028,614.7150160000001,0.8539292141571686,487.0,53.95
2640,q_learning,0.2,0.99,0.03,0.999,0.07126707206103877,671.9388440000004,0.9404388714733543,152.0,69.74166666666666
2641,q_learning,0.2,0.99,0.03,0.999,0.07119580498897773,711.7191200000003,0.9074720670391061,265.0,56.68333333333333
2642,q_learning,0.2,0.99,0.03,0.999,0.07112460918398876,348.3779560000001,0.9786622897004513,52.0,89.75833333333334
2643,q_learning,0.2,0.99,0.03,0.999,0.07105348457480477,884.1895080000002,0.8489443948855189,508.0,49.375
2644,q_learning,0.2,0.99,0.03,0.999,0.07098243109022996,749.850996,0.9860390905464699,35.0,83.925
2645,q_learning,0.2,0.99,0.03,0.999,0.07091144865913973,795.4578040000001,0.9295122819508722,198.0,68.99166666666666
2646,q_learning,0.2,0.99,0.03,0.999,0.0708405372104806,623.080716,0.9936359779380568,15.0,86.40833333333333
2647,q_learning,0.2,0.99,0.03,0.999,0.07076969667327011,672.9565280000004,0.9964539007092199,8.0,75.66666666666667
2648,q_learning,0.2,0.99,0.03,0.999,0.07069892697659684,1076.9680360000002,0.9358752166377816,185.0,60.05833333333333
2649,q_learning,0.2,0.99,0.03,0.999,0.07062822804962025,956.3319240000002,0.8491491202768965,523.0,34.84166666666667
2650,q_learning,0.2,0.99,0.03,0.999,0.07055759982157063,878.510824,0.9352750809061489,180.0,62.266666666666666
2651,q_learning,0.2,0.99,0.03,0.999,0.07048704222174906,552.6989,0.8134742404227213,706.0,41.825
2652,q_learning,0.2,0.99,0.03,0.999,0.0704165551795273,981.5360839999997,0.8953911461491814,345.0,45.291666666666664
2653,q_learning,0.2,0.99,0.03,0.999,0.07034613862434778,530.5790680000001,0.9451438848920863,122.0,74.09166666666667
2654,q_learning,0.2,0.99,0.03,0.999,0.07027579248572344,921.1891240000002,0.8540796435533278,524.0,41.725
2655,q_learning,0.2,0.99,0.03,0.999,0.07020551669323771,744.39722,0.9747899159663865,60.0,73.94166666666666
2656,q_learning,0.2,0.99,0.03,0.999,0.07013531117654447,473.316148,0.7272920203735145,1285.0,16.191666666666666
2657,q_learning,0.2,0.99,0.03,0.999,0.07006517586536792,856.0816480000003,0.9812085482682388,51.0,73.25
2658,q_learning,0.2,0.99,0.03,0.999,0.06999511068950255,696.2572000000002,0.9815112540192926,46.0,77.6
2659,q_learning,0.2,0.99,0.03,0.999,0.06992511557881305,569.8358400000002,0.9459047619047619,142.0,69.18333333333334
2660,q_learning,0.2,0.99,0.03,0.999,0.06985519046323424,440.1341520000001,0.9854945054945055,33.0,88.91666666666667
2661,q_learning,0.2,0.99,0.03,0.999,0.069785335272771,749.3502120000002,0.9194899817850638,221.0,74.10833333333333
2662,q_learning,0.2,0.99,0.03,0.999,0.06971554993749823,700.5545279999999,0.9974895397489539,6.0,79.25
2663,q_learning,0.2,0.99,0.03,0.999,0.06964583438756074,927.6221040000008,0.9484947406601378,142.0,62.45
2664,q_learning,0.2,0.99,0.03,0.999,0.06957618855317318,451.43434400000024,0.9636963696369637,88.0,87.73333333333333
2665,q_learning,0.2,0.99,0.03,0.999,0.06950661236462001,537.8173400000002,0.9095869056897895,232.0,63.30833333333333
2666,q_learning,0.2,0.99,0.03,0.999,0.06943710575225538,812.4846640000005,0.9610733182161754,103.0,71.46666666666667
2667,q_learning,0.2,0.99,0.03,0.999,0.06936766864650314,843.0088519999999,0.9725338491295938,71.0,58.925
2668,q_learning,0.2,0.99,0.03,0.999,0.06929830097785662,996.3245839999998,0.8755800464037123,429.0,48.25
2669,q_learning,0.2,0.99,0.03,0.999,0.06922900267687877,806.5959520000001,0.8848251523901187,359.0,45.766666666666666
2670,q_learning,0.2,0.99,0.03,0.999,0.0691597736742019,546.87494,0.9223385689354275,178.0,68.80833333333334
2671,q_learning,0.2,0.99,0.03,0.999,0.06909061390052769,360.19438,0.7346431236010943,1067.0,29.891666666666666
2672,q_learning,0.2,0.99,0.03,0.999,0.06902152328662717,792.2322439999998,0.9291934873154108,187.0,60.625
2673,q_learning,0.2,0.99,0.03,0.999,0.06895250176334053,467.8181200000001,0.9433216168717048,129.0,81.5
2674,q_learning,0.2,0.99,0.03,0.999,0.06888354926157719,380.7742360000002,0.9144295302013423,204.0,69.875
2675,q_learning,0.2,0.99,0.03,0.999,0.06881466571231562,917.7741079999997,0.9724249797242498,68.0,56.625
2676,q_learning,0.2,0.99,0.03,0.999,0.0687458510466033,308.1338920000001,0.9886417415996214,24.0,98.475
2677,q_learning,0.2,0.99,0.03,0.999,0.0686771051955567,1063.2448840000002,0.9500698324022346,143.0,61.05833333333333
2678,q_learning,0.2,0.99,0.03,0.999,0.06860842809036113,822.6779600000002,0.8779969650986343,402.0,44.68333333333333
2679,q_learning,0.2,0.99,0.03,0.999,0.06853981966227078,454.59767999999997,0.9826589595375722,39.0,83.88333333333334
2680,q_learning,0.2,0.99,0.03,0.999,0.0684712798426085,818.4598480000002,0.9594982078853047,113.0,74.11666666666666
2681,q_learning,0.2,0.99,0.03,0.999,0.0684028085627659,897.2055800000006,0.9597511891694109,110.0,66.95833333333333
2682,q_learning,0.2,0.99,0.03,0.999,0.06833440575420313,851.9192640000001,0.9687388987566607,88.0,73.1
2683,q_learning,0.2,0.99,0.03,0.999,0.06826607134844893,826.3367840000002,1.0,0.0,72.9
2684,q_learning,0.2,0.99,0.03,0.999,0.06819780527710048,345.91587600000014,0.9232855482371174,198.0,68.10833333333333
2685,q_learning,0.2,0.99,0.03,0.999,0.06812960747182338,689.8821440000003,0.8432527990571597,532.0,42.71666666666667
2686,q_learning,0.2,0.99,0.03,0.999,0.06806147786435156,987.3584520000005,0.9181617878501731,260.0,58.49166666666667
2687,q_learning,0.2,0.99,0.03,0.999,0.0679934163864872,978.7347880000003,0.9148871262965222,279.0,47.891666666666666
2688,q_learning,0.2,0.99,0.03,0.999,0.06792542297010072,984.2342600000002,0.8544481981981982,517.0,39.50833333333333
2689,q_learning,0.2,0.99,0.03,0.999,0.06785749754713062,786.8310919999998,0.8201085551822176,696.0,36.44166666666667
2690,q_learning,0.2,0.99,0.03,0.999,0.06778964004958349,749.3514800000004,0.9404855129209084,152.0,63.46666666666667
2691,q_learning,0.2,0.99,0.03,0.999,0.0677218504095339,502.4069639999999,0.9036055923473142,262.0,65.925
2692,q_learning,0.2,0.99,0.03,0.999,0.06765412855912437,743.8428280000003,0.9799836601307189,49.0,63.958333333333336
2693,q_learning,0.2,0.99,0.03,0.999,0.06758647443056524,1036.703312,0.990316573556797,26.0,64.61666666666666
2694,q_learning,0.2,0.99,0.03,0.999,0.06751888795613468,822.6744960000004,0.9043353636689359,267.0,53.5
2695,q_learning,0.2,0.99,0.03,0.999,0.06745136906817854,1144.584864000001,0.9228404549646481,251.0,50.9
2696,q_learning,0.2,0.99,0.03,0.999,0.06738391769911037,206.6597040000002,0.7051753740495462,1202.0,30.233333333333334
2697,q_learning,0.2,0.99,0.03,0.999,0.06731653378141125,1039.6298720000002,0.9193288157470152,250.0,46.016666666666666
2698,q_learning,0.2,0.99,0.03,0.999,0.06724921724762985,607.6334800000004,0.9680976762504924,81.0,82.83333333333333
2699,q_learning,0.2,0.99,0.03,0.999,0.06718196803038222,675.0539360000002,0.8891288696904248,308.0,62.666666666666664
2700,q_learning,0.2,0.99,0.03,0.999,0.06711478606235183,946.9231919999999,0.8921019900497512,347.0,51.733333333333334
2701,q_learning,0.2,0.99,0.03,0.999,0.06704767127628948,674.280724,0.9948253557567918,12.0,88.34166666666667
2702,q_learning,0.2,0.99,0.03,0.999,0.0669806236050132,617.0232200000005,0.9538269550748752,111.0,67.79166666666667
2703,q_learning,0.2,0.99,0.03,0.999,0.06691364298140817,852.5174800000001,0.9676129548180727,81.0,69.96666666666667
2704,q_learning,0.2,0.99,0.03,0.999,0.06684672933842677,510.06540000000024,0.9779029462738301,51.0,85.95
2705,q_learning,0.2,0.99,0.03,0.999,0.06677988260908835,623.2761640000002,0.7555096418732782,1065.0,29.758333333333333
2706,q_learning,0.2,0.99,0.03,0.999,0.06671310272647925,794.3255720000002,0.9686684073107049,84.0,67.29166666666667
2707,q_learning,0.2,0.99,0.03,0.999,0.06664638962375277,688.4755119999999,0.9983284580025074,4.0,77.85
2708,q_learning,0.2,0.99,0.03,0.999,0.06657974323412902,985.3929800000003,0.9765258215962441,65.0,66.25833333333334
2709,q_learning,0.2,0.99,0.03,0.999,0.0665131634908949,1086.5768959999998,0.9700739744451916,89.0,60.55
2710,q_learning,0.2,0.99,0.03,0.999,0.066446650327404,642.9189120000009,0.9467263115087434,131.0,65.03333333333333
2711,q_learning,0.2,0.99,0.03,0.999,0.06638020367707659,817.260968,0.896957123098202,298.0,59.516666666666666
2712,q_learning,0.2,0.99,0.03,0.999,0.06631382347339952,646.6766799999997,0.9369715603382014,164.0,68.28333333333333
2713,q_learning,0.2,0.99,0.03,0.999,0.06624750964992612,1099.7796280000002,0.8732837528604119,443.0,28.108333333333334
2714,q_learning,0.2,0.99,0.03,0.999,0.0661812621402762,389.07114000000024,0.711622125543816,1392.0,20.075
2715,q_learning,0.2,0.99,0.03,0.999,0.06611508087813592,733.4773160000005,0.9986474301172227,3.0,82.225
2716,q_learning,0.2,0.99,0.03,0.999,0.06604896579725777,898.2009079999998,0.9713467048710601,70.0,68.45833333333333
2717,q_learning,0.2,0.99,0.03,0.999,0.06598291683146053,816.4091120000002,0.8475021910604733,522.0,47.86666666666667
2718,q_learning,0.2,0.99,0.03,0.999,0.06591693391462906,876.2460199999999,0.9088444595052525,269.0,50.575
2719,q_learning,0.2,0.99,0.03,0.999,0.06585101698071444,472.121848,0.785401083311839,832.0,39.9
2720,q_learning,0.2,0.99,0.03,0.999,0.06578516596373372,732.8630040000002,0.9600484261501211,99.0,69.875
2721,q_learning,0.2,0.99,0.03,0.999,0.06571938079776998,843.1842519999997,0.8711885500933416,414.0,43.25833333333333
2722,q_learning,0.2,0.99,0.03,0.999,0.06565366141697221,680.2409480000002,0.8179558011049723,659.0,43.641666666666666
2723,q_learning,0.2,0.99,0.03,0.999,0.06558800775555525,952.556512,0.9301237044466734,209.0,56.03333333333333
2724,q_learning,0.2,0.99,0.03,0.999,0.06552241974779968,1143.0187360000004,0.9300134589502019,208.0,58.38333333333333
2725,q_learning,0.2,0.99,0.03,0.999,0.06545689732805189,970.2635200000004,0.9573476702508961,119.0,66.96666666666667
2726,q_learning,0.2,0.99,0.03,0.999,0.06539144043072384,630.4993560000003,0.760938645807871,978.0,26.808333333333334
2727,q_learning,0.2,0.99,0.03,0.999,0.06532604899029311,807.6529480000003,0.8761682242990654,424.0,50.208333333333336
2728,q_learning,0.2,0.99,0.03,0.999,0.06526072294130282,999.7918359999996,0.9625509825732295,101.0,61.05833333333333
2729,q_learning,0.2,0.99,0.03,0.999,0.06519546221836152,1215.8600560000002,0.9459098497495826,162.0,62.95
2730,q_learning,0.2,0.99,0.03,0.999,0.06513026675614315,658.0825399999999,0.7808437251260282,826.0,35.025
2731,q_learning,0.2,0.99,0.03,0.999,0.06506513648938701,609.9980280000002,0.8759149529452771,356.0,57.641666666666666
2732,q_learning,0.2,0.99,0.03,0.999,0.06500007135289762,514.9156360000002,0.9576374745417515,104.0,83.94166666666666
2733,q_learning,0.2,0.99,0.03,0.999,0.06493507128154473,592.6644640000002,0.9841913254965545,39.0,84.25
2734,q_learning,0.2,0.99,0.03,0.999,0.06487013621026318,680.8728280000004,0.9746682750301568,63.0,79.19166666666666
2735,q_learning,0.2,0.99,0.03,0.999,0.06480526607405292,727.8151479999997,0.8533333333333334,484.0,48.00833333333333
2736,q_learning,0.2,0.99,0.03,0.999,0.06474046080797886,790.1828560000002,0.9268630849220104,211.0,66.41666666666667
2737,q_learning,0.2,0.99,0.03,0.999,0.06467572034717088,827.506208,0.8658980582524272,442.0,44.63333333333333
2738,q_learning,0.2,0.99,0.03,0.999,0.06461104462682371,788.9155200000001,0.9669911129919594,78.0,75.91666666666667
2739,q_learning,0.2,0.99,0.03,0.999,0.06454643358219689,1198.5642719999998,0.8562577447335812,580.0,28.766666666666666
2740,q_learning,0.2,0.99,0.03,0.999,0.06448188714861469,813.3946880000001,1.0,0.0,80.25
2741,q_learning,0.2,0.99,0.03,0.999,0.06441740526146608,734.254524,0.9763092269326683,57.0,82.30833333333334
2742,q_learning,0.2,0.99,0.03,0.999,0.06435298785620461,722.6743960000005,0.9799582463465554,48.0,81.425
2743,q_learning,0.2,0.99,0.03,0.999,0.0642886348683484,759.6699360000001,0.9863344051446945,34.0,85.31666666666666
2744,q_learning,0.2,0.99,0.03,0.999,0.06422434623348006,955.6367600000001,0.9640718562874252,96.0,70.11666666666666
2745,q_learning,0.2,0.99,0.03,0.999,0.06416012188724658,834.481996,0.986737400530504,35.0,80.25833333333334
2746,q_learning,0.2,0.99,0.03,0.999,0.06409596176535934,774.5067,0.9383834722725625,170.0,73.19166666666666
2747,q_learning,0.2,0.99,0.03,0.999,0.06403186580359398,810.2061000000004,0.9950372208436724,12.0,84.55833333333334
2748,q_learning,0.2,0.99,0.03,0.999,0.06396783393779037,877.1183159999999,0.8806481770021813,383.0,60.391666666666666
2749,q_learning,0.2,0.99,0.03,0.999,0.06390386610385258,908.8554040000004,0.9486151603498543,141.0,64.05833333333334
2750,q_learning,0.2,0.99,0.03,0.999,0.06383996223774874,926.0619320000001,0.9580657347941065,111.0,65.55833333333334
2751,q_learning,0.2,0.99,0.03,0.999,0.063776122275511,912.1065199999999,0.9205182072829131,227.0,56.21666666666667
2752,q_learning,0.2,0.99,0.03,0.999,0.06371234615323548,699.4408840000001,0.9018674478213109,268.0,65.55833333333334
2753,q_learning,0.2,0.99,0.03,0.999,0.06364863380708224,1107.71682,0.9020395550061805,317.0,35.99166666666667
2754,q_learning,0.2,0.99,0.03,0.999,0.06358498517327515,1021.4008040000001,0.9410694798108403,162.0,63.025
2755,q_learning,0.2,0.99,0.03,0.999,0.06352140018810189,940.412028,0.9683779761904762,85.0,70.125
2756,q_learning,0.2,0.99,0.03,0.999,0.06345787878791379,370.12028400000014,0.9104710003892565,230.0,73.975
2757,q_learning,0.2,0.99,0.03,0.999,0.06339442090912586,711.2335760000007,0.8473091364205256,488.0,43.2
2758,q_learning,0.2,0.99,0.03,0.999,0.06333102648821674,978.5728400000007,0.8029723035352399,875.0,24.266666666666666
2759,q_learning,0.2,0.99,0.03,0.999,0.06326769546172853,472.68742400000014,0.9248392282958199,187.0,78.43333333333334
2760,q_learning,0.2,0.99,0.03,0.999,0.0632044277662668,890.4541280000002,0.9310104529616725,198.0,51.86666666666667
2761,q_learning,0.2,0.99,0.03,0.999,0.06314122333850053,575.7978599999999,0.9374271278663039,161.0,70.55833333333334
2762,q_learning,0.2,0.99,0.03,0.999,0.06307808211516203,726.7216960000002,0.859276468635911,424.0,52.8
2763,q_learning,0.2,0.99,0.03,0.999,0.06301500403304687,465.528728,0.9931002759889604,15.0,91.5
2764,q_learning,0.2,0.99,0.03,0.999,0.06295198902901382,1054.577336,0.9068976183111661,301.0,48.333333333333336
2765,q_learning,0.2,0.99,0.03,0.999,0.0628890370399848,704.7126120000001,0.9945810754481034,13.0,82.75833333333334
2766,q_learning,0.2,0.99,0.03,0.999,0.06282614800294482,695.0819840000006,0.8997448049580751,275.0,58.55
2767,q_learning,0.2,0.99,0.03,0.999,0.06276332185494188,701.0893639999999,0.9385048231511254,153.0,76.70833333333333
2768,q_learning,0.2,0.99,0.03,0.999,0.06270055853308694,1125.0893079999996,0.9599733155436958,120.0,55.458333333333336
2769,q_learning,0.2,0.99,0.03,0.999,0.06263785797455385,1093.2303640000005,0.9371354504212573,194.0,58.80833333333333
2770,q_learning,0.2,0.99,0.03,0.999,0.06257522011657929,713.7868960000001,0.8298953662182361,569.0,46.0
2771,q_learning,0.2,0.99,0.03,0.999,0.06251264489646272,895.9146800000007,0.9669811320754716,91.0,72.6
2772,q_learning,0.2,0.99,0.03,0.999,0.06245013225156625,602.925032,0.9705288655631813,73.0,84.1
2773,q_learning,0.2,0.99,0.03,0.999,0.06238768211931468,1003.7221680000002,0.9525801952580195,136.0,62.28333333333333
2774,q_learning,0.2,0.99,0.03,0.999,0.062325294437195373,635.3060920000001,0.8948824343015215,304.0,58.55833333333333
2775,q_learning,0.2,0.99,0.03,0.999,0.062262969142758175,498.87286400000005,0.7997130559540889,698.0,45.7
2776,q_learning,0.2,0.99,0.03,0.999,0.062200706173615415,496.2863840000001,0.8100087285423334,653.0,45.18333333333333
2777,q_learning,0.2,0.99,0.03,0.999,0.062138505467441804,550.5671160000002,0.82617527568195,599.0,53.575
2778,q_learning,0.2,0.99,0.03,0.999,0.06207636696197436,553.8431919999998,0.9548436896950984,117.0,72.66666666666667
2779,q_learning,0.2,0.99,0.03,0.999,0.062014290595012386,681.5657120000001,0.8454135338345865,514.0,48.11666666666667
2780,q_learning,0.2,0.99,0.03,0.999,0.061952276304417374,812.6301279999999,0.8696581196581197,427.0,53.93333333333333
2781,q_learning,0.2,0.99,0.03,0.999,0.06189032402811295,1094.3378600000003,0.9539232053422371,138.0,59.708333333333336
2782,q_learning,0.2,0.99,0.03,0.999,0.06182843370408484,658.5602160000003,0.9520602218700476,121.0,67.2
2783,q_learning,0.2,0.99,0.03,0.999,0.061766605270380755,648.9513400000002,0.988556338028169,26.0,85.90833333333333
2784,q_learning,0.2,0.99,0.03,0.999,0.061704838665110374,735.103272,0.8564437194127243,440.0,60.96666666666667
2785,q_learning,0.2,0.99,0.03,0.999,0.06164313382644527,923.1979640000002,0.9819131832797428,45.0,78.15833333333333
2786,q_learning,0.2,0.99,0.03,0.999,0.06158149069261882,888.308908,0.8158953722334004,732.0,30.441666666666666
2787,q_learning,0.2,0.99,0.03,0.999,0.0615199092019262,1050.7358000000004,0.8530678148546824,546.0,29.066666666666666
2788,q_learning,0.2,0.99,0.03,0.999,0.06145838929272428,709.2819200000002,0.9645447219983884,88.0,75.63333333333334
2789,q_learning,0.2,0.99,0.03,0.999,0.061396930903431554,972.5225200000003,0.8755910165484634,421.0,43.95
2790,q_learning,0.2,0.99,0.03,0.999,0.06133553397252812,483.924748,0.9325513196480938,184.0,79.65833333333333
2791,q_learning,0.2,0.99,0.03,0.999,0.06127419843855559,862.8093999999999,0.9244459368703828,225.0,56.63333333333333
2792,q_learning,0.2,0.99,0.03,0.999,0.06121292424011703,951.9717479999998,0.9607348703170029,109.0,55.65833333333333
2793,q_learning,0.2,0.99,0.03,0.999,0.06115171131587692,629.6868160000006,0.9662296384584823,85.0,74.85
2794,q_learning,0.2,0.99,0.03,0.999,0.06109055960456104,707.5191320000001,0.9086075108009305,275.0,60.74166666666667
2795,q_learning,0.2,0.99,0.03,0.999,0.06102946904495648,758.4611719999999,0.9122930609369496,249.0,58.541666666666664
2796,q_learning,0.2,0.99,0.03,0.999,0.060968439575911526,850.6348160000001,0.8487347170884276,532.0,41.75
2797,q_learning,0.2,0.99,0.03,0.999,0.060907471136335614,820.0590960000002,0.8753511235955056,355.0,40.016666666666666
2798,q_learning,0.2,0.99,0.03,0.999,0.06084656366519928,622.9943960000005,0.8451510333863275,487.0,46.141666666666666
2799,q_learning,0.2,0.99,0.03,0.999,0.060785717101534076,744.694064,0.9696581196581197,71.0,66.41666666666667
2800,q_learning,0.2,0.99,0.03,0.999,0.060724931384432544,1117.0215480000006,0.9204294284812125,252.0,44.40833333333333
2801,q_learning,0.2,0.99,0.03,0.999,0.06066420645304811,395.0798400000003,0.7745890220117024,809.0,44.55
2802,q_learning,0.2,0.99,0.03,0.999,0.06060354224659506,915.9147960000001,0.8280579399141631,641.0,27.708333333333332
2803,q_learning,0.2,0.99,0.03,0.999,0.060542938704348466,781.02934,0.9903926482873852,23.0,79.34166666666667
2804,q_learning,0.2,0.99,0.03,0.999,0.06048239576564412,632.776936,1.0,0.0,90.98333333333333
2805,q_learning,0.2,0.99,0.03,0.999,0.060421913369878476,450.1509280000001,0.9925536574682435,17.0,92.91666666666667
2806,q_learning,0.2,0.99,0.03,0.999,0.0603614914565086,578.6613040000004,0.8880082701585114,325.0,61.15
2807,q_learning,0.2,0.99,0.03,0.999,0.06030112996505209,567.7664440000001,0.95819335572975,112.0,86.475
2808,q_learning,0.2,0.99,0.03,0.999,0.06024082883508704,1082.00796,0.9718259629101283,79.0,65.36666666666666
2809,q_learning,0.2,0.99,0.03,0.999,0.06018058800625195,704.0889599999997,0.971818582122413,64.0,78.28333333333333
2810,q_learning,0.2,0.99,0.03,0.999,0.060120407418245696,631.8825120000002,0.7571807868694183,1006.0,21.6
2811,q_learning,0.2,0.99,0.03,0.999,0.06006028701082745,866.7657280000006,0.9144512610770279,251.0,58.31666666666667
2812,q_learning,0.2,0.99,0.03,0.999,0.06000022672381662,812.1764879999998,0.9053440447083478,271.0,55.68333333333333
2813,q_learning,0.2,0.99,0.03,0.999,0.059940226497092804,529.4801360000004,0.7289719626168224,1247.0,18.2
2814,q_learning,0.2,0.99,0.03,0.999,0.05988028627059571,1381.3612200000002,0.9185845799769851,283.0,39.34166666666667
2815,q_learning,0.2,0.99,0.03,0.999,0.059820405984325115,1008.602952,0.919558359621451,255.0,57.05
2816,q_learning,0.2,0.99,0.03,0.999,0.05976058557834079,1224.2624920000005,0.9538319482917821,150.0,62.525
2817,q_learning,0.2,0.99,0.03,0.999,0.05970082499276245,1241.0232360000002,0.9295985620131816,235.0,52.875
2818,q_learning,0.2,0.99,0.03,0.999,0.05964112416776969,682.5826080000002,0.8256424426637192,631.0,39.516666666666666
2819,q_learning,0.2,0.99,0.03,0.999,0.05958148304360192,957.5328079999997,0.8124545674824327,774.0,23.15
2820,q_learning,0.2,0.99,0.03,0.999,0.05952190156055832,1000.9827519999998,0.9708318329132157,81.0,72.98333333333333
2821,q_learning,0.2,0.99,0.03,0.999,0.05946237965899776,752.4985760000002,0.9258426966292135,198.0,64.73333333333333
2822,q_learning,0.2,0.99,0.03,0.999,0.05940291727933876,973.2583519999998,0.8601050594415262,506.0,25.516666666666666
2823,q_learning,0.2,0.99,0.03,0.999,0.059343514362059424,1026.780532,0.941702550513415,176.0,50.69166666666667
2824,q_learning,0.2,0.99,0.03,0.999,0.05928417084769736,834.3496600000002,0.9719967532467533,69.0,76.04166666666667
2825,q_learning,0.2,0.99,0.03,0.999,0.059224886676849664,632.3447440000003,0.9751963621331129,60.0,76.25
2826,q_learning,0.2,0.99,0.03,0.999,0.05916566179017282,807.9813960000005,0.817242248550542,725.0,35.425
2827,q_learning,0.2,0.99,0.03,0.999,0.059106496128382646,473.85661200000027,0.7740185950413223,875.0,47.69166666666667
2828,q_learning,0.2,0.99,0.03,0.999,0.05904738963225426,933.11548,0.9422110552763819,161.0,56.35
2829,q_learning,0.2,0.99,0.03,0.999,0.058988342242622005,888.6616640000002,0.8614114968696642,487.0,41.03333333333333
2830,q_learning,0.2,0.99,0.03,0.999,0.058929353900379386,806.7247560000006,0.875,428.0,49.141666666666666
2831,q_learning,0.2,0.99,0.03,0.999,0.058870424546479005,577.4398,0.9650485436893204,90.0,73.93333333333334
2832,q_learning,0.2,0.99,0.03,0.999,0.05881155412193253,807.8175720000003,0.9292517006802721,208.0,59.108333333333334
2833,q_learning,0.2,0.99,0.03,0.999,0.058752742567810594,389.18217200000004,0.7441077441077442,1064.0,26.341666666666665
2834,q_learning,0.2,0.99,0.03,0.999,0.05869398982524278,865.9705880000002,0.9897572078907435,27.0,70.60833333333333
2835,q_learning,0.2,0.99,0.03,0.999,0.05863529583541754,501.8621320000003,0.9605150214592275,92.0,79.925
2836,q_learning,0.2,0.99,0.03,0.999,0.058576660539582125,351.60111600000005,0.7909732016925247,741.0,48.34166666666667
2837,q_learning,0.2,0.99,0.03,0.999,0.05851808387904254,823.1998560000001,0.8991652754590985,302.0,55.88333333333333
2838,q_learning,0.2,0.99,0.03,0.999,0.058459565795163496,779.8439720000003,0.8106118304138106,746.0,36.49166666666667
2839,q_learning,0.2,0.99,0.03,0.999,0.05840110622936833,1029.8844200000003,0.8978970669618151,369.0,39.59166666666667
2840,q_learning,0.2,0.99,0.03,0.999,0.058342705123138966,647.7912760000002,0.9660736450144808,82.0,69.475
2841,q_learning,0.2,0.99,0.03,0.999,0.05828436241801582,906.6848280000008,0.9739285714285715,73.0,66.29166666666667
2842,q_learning,0.2,0.99,0.03,0.999,0.05822607805559781,608.5153320000001,0.829644533869886,508.0,41.125
2843,q_learning,0.2,0.99,0.03,0.999,0.05816785197754221,662.5383840000002,0.9125925925925926,236.0,53.2
2844,q_learning,0.2,0.99,0.03,0.999,0.05810968412556467,789.4971520000007,0.9167215273206056,253.0,58.96666666666667
2845,q_learning,0.2,0.99,0.03,0.999,0.0580515744414391,935.9699759999997,0.8709223847019123,459.0,51.9
2846,q_learning,0.2,0.99,0.03,0.999,0.05799352286699767,530.8623960000001,0.9557119205298014,107.0,76.275
2847,q_learning,0.2,0.99,0.03,0.999,0.05793552934413067,969.896452,0.9748761500353857,71.0,64.10833333333333
2848,q_learning,0.2,0.99,0.03,0.999,0.057877593814786535,446.40162800000013,0.9481844145246838,127.0,81.075
2849,q_learning,0.2,0.99,0.03,0.999,0.05781971622097175,736.9941999999999,0.8849871134020618,357.0,43.25
2850,q_learning,0.2,0.99,0.03,0.999,0.057761896504750776,588.7206680000004,0.8390697674418605,519.0,56.125
2851,q_learning,0.2,0.99,0.03,0.999,0.05770413460824603,558.4780360000001,0.8602018966044662,457.0,54.75833333333333
2852,q_learning,0.2,0.99,0.03,0.999,0.05764643047363778,690.049984,0.9502958579881656,126.0,68.58333333333333
2853,q_learning,0.2,0.99,0.03,0.999,0.05758878404316414,428.27892799999995,0.7721553610503282,833.0,45.9
2854,q_learning,0.2,0.99,0.03,0.999,0.05753119525912098,497.55913200000026,0.8942512420156139,298.0,57.94166666666667
2855,q_learning,0.2,0.99,0.03,0.999,0.05747366406386186,666.5175720000001,0.8886503067484662,363.0,46.74166666666667
2856,q_learning,0.2,0.99,0.03,0.999,0.057416190399798,536.0283160000002,0.9520066197765825,116.0,70.80833333333334
2857,q_learning,0.2,0.99,0.03,0.999,0.0573587742093982,528.3017080000003,0.8584779706275033,424.0,49.958333333333336
2858,q_learning,0.2,0.99,0.03,0.999,0.0573014154351888,628.1424600000004,0.7894450489662677,774.0,31.208333333333332
2859,q_learning,0.2,0.99,0.03,0.999,0.057244114019753614,690.2080800000001,0.9125044279135671,247.0,62.38333333333333
2860,q_learning,0.2,0.99,0.03,0.999,0.05718686990573386,569.8757599999999,0.9517736149860502,121.0,68.35
2861,q_learning,0.2,0.99,0.03,0.999,0.057129683035828126,808.7130720000007,0.8564325668116842,462.0,40.15
2862,q_learning,0.2,0.99,0.03,0.999,0.05707255335279229,915.3372919999999,0.9384830478853547,176.0,68.325
2863,q_learning,0.2,0.99,0.03,0.999,0.0570154807994395,756.3425160000003,0.8355129322871259,566.0,48.475
2864,q_learning,0.2,0.99,0.03,0.999,0.056958465318640066,764.7100799999997,0.9564681724845996,106.0,64.85
2865,q_learning,0.2,0.99,0.03,0.999,0.056901506853321425,967.6990280000005,0.9451152579582875,150.0,54.108333333333334
2866,q_learning,0.2,0.99,0.03,0.999,0.056844605346468104,898.2971799999998,0.9255540166204986,215.0,53.525
2867,q_learning,0.2,0.99,0.03,0.999,0.056787760741121636,894.065144,0.9007609384908053,313.0,53.21666666666667
2868,q_learning,0.2,0.99,0.03,0.999,0.05673097298038051,974.6094679999998,0.8939580764488286,344.0,46.375
2869,q_learning,0.2,0.99,0.03,0.999,0.056674242007400136,829.7130400000001,0.8889272162814764,322.0,51.13333333333333
2870,q_learning,0.2,0.99,0.03,0.999,0.05661756776539273,936.0291560000002,0.8071998067165982,798.0,22.525
2871,q_learning,0.2,0.99,0.03,0.999,0.05656095019762734,903.5628360000003,0.8903436988543372,335.0,45.475
2872,q_learning,0.2,0.99,0.03,0.999,0.05650438924742971,1113.7082239999997,0.883454443823365,417.0,32.06666666666667
2873,q_learning,0.2,0.99,0.03,0.999,0.056447884858182286,860.2369280000004,0.8679910285165011,412.0,51.13333333333333
2874,q_learning,0.2,0.99,0.03,0.999,0.0563914369733241,928.1580479999999,0.9660624758966448,88.0,60.833333333333336
2875,q_learning,0.2,0.99,0.03,0.999,0.05633504553635078,740.9189080000002,0.8892529488859764,338.0,48.891666666666666
2876,q_learning,0.2,0.99,0.03,0.999,0.056278710490814426,1008.1661000000005,0.9268456375838926,218.0,57.44166666666667
2877,q_learning,0.2,0.99,0.03,0.999,0.05622243178032361,1109.4235720000006,0.9711607786589762,80.0,58.858333333333334
2878,q_learning,0.2,0.99,0.03,0.999,0.056166209348543286,1179.5838360000007,0.8919988690981058,382.0,42.975
2879,q_learning,0.2,0.99,0.03,0.999,0.056110043139194744,964.1925519999999,0.9824766355140186,45.0,71.63333333333334
2880,q_learning,0.2,0.99,0.03,0.999,0.056053933096055546,810.0220760000002,0.930248383804015,205.0,68.00833333333334
2881,q_learning,0.2,0.99,0.03,0.999,0.055997879162959494,1211.9505319999994,0.9004231311706629,353.0,39.50833333333333
2882,q_learning,0.2,0.99,0.03,0.999,0.055941881283796534,1058.2889240000004,0.9281609195402298,225.0,52.80833333333333
2883,q_learning,0.2,0.99,0.03,0.999,0.055885939402512734,1146.00136,0.91101944608132,302.0,43.88333333333333
2884,q_learning,0.2,0.99,0.03,0.999,0.05583005346311022,832.869316,0.9961139896373057,9.0,79.80833333333334
2885,q_learning,0.2,0.99,0.03,0.999,0.05577422340964711,1255.7285959999995,0.934596577017115,214.0,40.291666666666664
2886,q_learning,0.2,0.99,0.03,0.999,0.055718449186237466,875.5922800000005,0.9907926341072858,23.0,72.38333333333334
2887,q_learning,0.2,0.99,0.03,0.999,0.055662730737051226,833.3889560000005,0.8861896838602329,342.0,51.291666666666664
2888,q_learning,0.2,0.99,0.03,0.999,0.05560706800631418,1119.4452880000003,0.9333333333333333,221.0,52.0
2889,q_learning,0.2,0.99,0.03,0.999,0.055551460938307866,908.3748800000001,0.8900094547746612,349.0,51.46666666666667
2890,q_learning,0.2,0.99,0.03,0.999,0.05549590947736956,773.6974520000005,0.9851654621529099,39.0,69.375
2891,q_learning,0.2,0.99,0.03,0.999,0.055440413567892186,567.827384,0.9778404512489928,55.0,81.18333333333334
2892,q_learning,0.2,0.99,0.03,0.999,0.05538497315432429,917.6454159999998,1.0,0.0,82.63333333333334
2893,q_learning,0.2,0.99,0.03,0.999,0.05532958818116997,1027.1320319999998,0.9696753478415983,85.0,58.31666666666667
2894,q_learning,0.2,0.99,0.03,0.999,0.0552742585929888,823.24544,0.9007858546168959,303.0,47.5
2895,q_learning,0.2,0.99,0.03,0.999,0.05521898433439581,923.037824,0.9330867518493612,199.0,49.25
2896,q_learning,0.2,0.99,0.03,0.999,0.055163765350061414,838.1308080000003,0.9650939777522056,91.0,64.98333333333333
2897,q_learning,0.2,0.99,0.03,0.999,0.055108601584711356,621.5558160000002,0.8552550706822373,471.0,60.416666666666664
2898,q_learning,0.2,0.99,0.03,0.999,0.055053492983126645,795.8484879999999,0.9671897289586305,92.0,75.6
2899,q_learning,0.2,0.99,0.03,0.999,0.05499843949014351,930.3800479999999,0.9919061108862809,20.0,72.4
2900,q_learning,0.2,0.99,0.03,0.999,0.05494344105065337,850.9930280000001,0.9660140376800886,92.0,65.625
2901,q_learning,0.2,0.99,0.03,0.999,0.05488849760960272,927.7443640000001,0.9755385177071924,67.0,65.75833333333334
2902,q_learning,0.2,0.99,0.03,0.999,0.054833609111993115,1415.590572,0.8419577404053471,733.0,24.808333333333334
2903,q_learning,0.2,0.99,0.03,0.999,0.05477877550288112,929.0372760000004,0.8625525946704067,490.0,40.25833333333333
2904,q_learning,0.2,0.99,0.03,0.999,0.054723996727378245,733.1802960000001,0.9559773828756059,109.0,67.45
2905,q_learning,0.2,0.99,0.03,0.999,0.054669272730650864,798.3120320000003,0.941243366186505,155.0,58.45
2906,q_learning,0.2,0.99,0.03,0.999,0.05461460345792021,1011.2841160000003,0.8903694730466384,362.0,46.09166666666667
2907,q_learning,0.2,0.99,0.03,0.999,0.05455998885446229,907.6512080000003,0.8547031715912171,536.0,50.166666666666664
2908,q_learning,0.2,0.99,0.03,0.999,0.05450542886560783,847.3783039999998,0.8840579710144928,384.0,46.766666666666666
2909,q_learning,0.2,0.99,0.03,0.999,0.054450923436742224,702.7422000000003,0.9223512336719883,214.0,57.5
2910,q_learning,0.2,0.99,0.03,0.999,0.05439647251330548,983.0110200000008,0.9907911259941398,22.0,68.875
2911,q_learning,0.2,0.99,0.03,0.999,0.05434207604079217,987.3114040000002,0.9652886115444618,89.0,56.175
2912,q_learning,0.2,0.99,0.03,0.999,0.05428773396475138,1062.625196,0.8192049808429118,755.0,26.825
2913,q_learning,0.2,0.99,0.03,0.999,0.05423344623078663,914.4852080000002,0.9805862200228398,51.0,66.7
2914,q_learning,0.2,0.99,0.03,0.999,0.05417921278455584,993.2710840000002,0.9276568501920615,226.0,64.775
2915,q_learning,0.2,0.99,0.03,0.999,0.054125033571771286,1116.5147760000004,0.93,217.0,60.21666666666667
2916,q_learning,0.2,0.99,0.03,0.999,0.054070908538199514,1150.5587719999999,0.9005492917028043,344.0,47.84166666666667
2917,q_learning,0.2,0.99,0.03,0.999,0.054016837629661314,1054.694576000001,0.8904358353510896,362.0,45.666666666666664
2918,q_learning,0.2,0.99,0.03,0.999,0.05396282079203166,708.6665160000005,0.994367417677643,13.0,80.90833333333333
2919,q_learning,0.2,0.99,0.03,0.999,0.05390885797123962,1181.1775440000001,0.9096699478865083,312.0,47.96666666666667
2920,q_learning,0.2,0.99,0.03,0.999,0.05385494911326839,786.7902240000005,0.9005419190309213,312.0,59.55
2921,q_learning,0.2,0.99,0.03,0.999,0.053801094164155114,779.1632520000005,0.927321668909825,216.0,62.84166666666667
2922,q_learning,0.2,0.99,0.03,0.999,0.05374729306999096,701.4718399999999,0.9738640932850824,65.0,78.1
2923,q_learning,0.2,0.99,0.03,0.999,0.05369354577692097,755.0136360000002,0.9375448671931084,174.0,66.80833333333334
2924,q_learning,0.2,0.99,0.03,0.999,0.05363985223114405,823.113844,0.9987091222030982,3.0,77.94166666666666
2925,q_learning,0.2,0.99,0.03,0.999,0.0535862123789129,762.656196,0.9160068846815834,244.0,61.30833333333333
2926,q_learning,0.2,0.99,0.03,0.999,0.053532626166533995,972.481328,0.8202638785163057,722.0,29.683333333333334
2927,q_learning,0.2,0.99,0.03,0.999,0.05347909354036746,792.5304279999998,0.9611650485436893,100.0,70.79166666666667
2928,q_learning,0.2,0.99,0.03,0.999,0.05342561444682709,890.3116359999999,0.9284741144414169,210.0,60.49166666666667
2929,q_learning,0.2,0.99,0.03,0.999,0.05337218883238026,541.724012,0.9396315170521364,154.0,83.14166666666667
2930,q_learning,0.2,0.99,0.03,0.999,0.05331881664354788,1013.1230840000001,0.8635728263908303,488.0,41.025
2931,q_learning,0.2,0.99,0.03,0.999,0.05326549782690433,661.1167600000001,0.9830938292476754,40.0,82.86666666666666
2932,q_learning,0.2,0.99,0.03,0.999,0.05321223232907743,819.5381120000001,0.9359712230215828,178.0,67.03333333333333
2933,q_learning,0.2,0.99,0.03,0.999,0.053159020096748354,707.69878,0.9159460394327222,243.0,66.64166666666667
2934,q_learning,0.2,0.99,0.03,0.999,0.053105861076651606,1127.3529319999998,0.9476600985221675,170.0,50.69166666666667
2935,q_learning,0.2,0.99,0.03,0.999,0.053052755215574954,612.0052040000003,0.8013839056893901,775.0,41.05833333333333
2936,q_learning,0.2,0.99,0.03,0.999,0.05299970246035938,788.4592160000005,0.9487274068609369,139.0,70.28333333333333
2937,q_learning,0.2,0.99,0.03,0.999,0.05294670275789902,386.1373760000003,0.9878313776618861,28.0,89.1
2938,q_learning,0.2,0.99,0.03,0.999,0.05289375605514112,1025.5604039999996,0.8514717796381313,550.0,39.141666666666666
2939,q_learning,0.2,0.99,0.03,0.999,0.05284086229908598,762.1765759999998,0.9934583515045792,15.0,82.73333333333333
2940,q_learning,0.2,0.99,0.03,0.999,0.05278802143678689,1183.4946080000002,0.9440381558028617,176.0,59.55
2941,q_learning,0.2,0.99,0.03,0.999,0.05273523341535011,1003.974564,0.901840490797546,304.0,51.608333333333334
2942,q_learning,0.2,0.99,0.03,0.999,0.05268249818193475,933.189096,0.9569253620497586,116.0,73.96666666666667
2943,q_learning,0.2,0.99,0.03,0.999,0.05262981568375282,960.2597200000005,0.9377647442163571,191.0,59.63333333333333
2944,q_learning,0.2,0.99,0.03,0.999,0.052577185868069067,1011.8281840000001,0.9899366380916884,27.0,62.666666666666664
2945,q_learning,0.2,0.99,0.03,0.999,0.052524608682201,904.5108800000003,0.9122062663185379,269.0,49.21666666666667
2946,q_learning,0.2,0.99,0.03,0.999,0.0524720840735188,955.7227880000004,0.8260528380852733,665.0,27.991666666666667
2947,q_learning,0.2,0.99,0.03,0.999,0.05241961198944528,752.5511919999999,0.9054390330607892,266.0,60.35
2948,q_learning,0.2,0.99,0.03,0.999,0.05236719237745583,894.6848040000004,0.9312851007598282,208.0,55.708333333333336
2949,q_learning,0.2,0.99,0.03,0.999,0.05231482518507838,847.9512039999998,0.8765432098765432,420.0,50.05833333333333
2950,q_learning,0.2,0.99,0.03,0.999,0.0522625103598933,582.7940600000004,0.8935073857780831,310.0,69.15833333333333
2951,q_learning,0.2,0.99,0.03,0.999,0.0522102478495334,870.3058439999996,0.8636237897648686,493.0,40.025
2952,q_learning,0.2,0.99,0.03,0.999,0.052158037601683874,768.8951320000002,0.9684684684684685,77.0,82.475
2953,q_learning,0.2,0.99,0.03,0.999,0.052105879564082185,981.6224159999999,0.8976700251889169,325.0,54.36666666666667
2954,q_learning,0.2,0.99,0.03,0.999,0.052053773684518106,864.304296,0.8645976380115353,493.0,47.31666666666667
2955,q_learning,0.2,0.99,0.03,0.999,0.052001719910833584,742.7030280000001,0.902997642303806,288.0,52.40833333333333
2956,q_learning,0.2,0.99,0.03,0.999,0.051949718190922756,598.9893840000001,0.9920106524633822,18.0,93.65
2957,q_learning,0.2,0.99,0.03,0.999,0.05189776847273183,1106.0950240000004,0.9132143937103114,287.0,55.11666666666667
2958,q_learning,0.2,0.99,0.03,0.999,0.0518458707042591,939.8630559999999,0.9066585588324719,307.0,58.35
2959,q_learning,0.2,0.99,0.03,0.999,0.05179402483355484,700.0465200000001,0.9701140385371608,76.0,74.5
2960,q_learning,0.2,0.99,0.03,0.999,0.051742230808721285,648.897428,0.9162979351032449,227.0,65.925
2961,q_learning,0.2,0.99,0.03,0.999,0.051690488577912565,734.3875800000003,0.9278504672897196,193.0,68.375
2962,q_learning,0.2,0.99,0.03,0.999,0.05163879808933465,297.3989480000003,1.0,0.0,105.04166666666667
2963,q_learning,0.2,0.99,0.03,0.999,0.05158715929124531,780.6079560000002,0.8861003861003861,354.0,59.325
2964,q_learning,0.2,0.99,0.03,0.999,0.051535572131954074,659.9403240000003,0.9890254609306409,25.0,87.39166666666667
2965,q_learning,0.2,0.99,0.03,0.999,0.051484036559822116,761.698816,0.8163758389261745,684.0,31.0
2966,q_learning,0.2,0.99,0.03,0.999,0.051432552523262294,580.5929439999999,0.9818664307828394,41.0,83.36666666666666
2967,q_learning,0.2,0.99,0.03,0.999,0.051381119970739034,382.19369600000016,0.7266038169694182,1189.0,23.85
2968,q_learning,0.2,0.99,0.03,0.999,0.051329738850768296,844.4984239999995,0.9123835805450156,254.0,62.53333333333333
2969,q_learning,0.2,0.99,0.03,0.999,0.05127840911191753,886.204308,0.8282713596366733,605.0,34.90833333333333
2970,q_learning,0.2,0.99,0.03,0.999,0.05122713070280561,866.1710920000005,0.9591584158415841,99.0,72.74166666666666
2971,q_learning,0.2,0.99,0.03,0.999,0.051175903572102804,858.0105840000002,0.96580547112462,90.0,71.75
2972,q_learning,0.2,0.99,0.03,0.999,0.0511247276685307,482.60134000000005,1.0,0.0,86.29166666666667
2973,q_learning,0.2,0.99,0.03,0.999,0.05107360294086217,947.0600720000001,0.8888888888888888,386.0,40.85
2974,q_learning,0.2,0.99,0.03,0.999,0.051022529337921306,786.1535640000003,0.8593327321911632,468.0,45.475
2975,q_learning,0.2,0.99,0.03,0.999,0.05097150680858339,909.4403720000009,0.9857482185273159,36.0,68.84166666666667
2976,q_learning,0.2,0.99,0.03,0.999,0.0509205353017748,943.2195280000003,0.9087523277467412,294.0,43.416666666666664
2977,q_learning,0.2,0.99,0.03,0.999,0.050869614766473024,773.3543600000002,0.9170305676855895,247.0,59.43333333333333
2978,q_learning,0.2,0.99,0.03,0.999,0.050818745151706556,677.4952360000002,0.9857308137292711,37.0,75.99166666666666
2979,q_learning,0.2,0.99,0.03,0.999,0.05076792640655484,598.6364760000006,0.9933582399335824,16.0,85.525
2980,q_learning,0.2,0.99,0.03,0.999,0.050717158480148294,770.1360480000002,0.9082211197732105,259.0,59.81666666666667
2981,q_learning,0.2,0.99,0.03,0.999,0.05066644132166814,720.5285840000005,0.8655316191799861,387.0,54.266666666666666
2982,q_learning,0.2,0.99,0.03,0.999,0.05061577488034648,817.396864,1.0,0.0,78.7
2983,q_learning,0.2,0.99,0.03,0.999,0.05056515910546613,660.6551320000002,0.8165680473372781,620.0,44.49166666666667
2984,q_learning,0.2,0.99,0.03,0.999,0.05051459394636066,814.9040240000003,0.9379157427937915,168.0,64.48333333333333
2985,q_learning,0.2,0.99,0.03,0.999,0.0504640793524143,901.9521439999999,0.9468870911009497,151.0,60.55
2986,q_learning,0.2,0.99,0.03,0.999,0.05041361527306189,694.1318039999998,0.8346108490566038,561.0,49.225
2987,q_learning,0.2,0.99,0.03,0.999,0.05036320165778883,930.2549560000001,0.872163807415606,462.0,47.291666666666664
2988,q_learning,0.2,0.99,0.03,0.999,0.050312838456131034,479.9586120000002,0.9684864624944518,71.0,87.675
2989,q_learning,0.2,0.99,0.03,0.999,0.05026252561767491,399.99238800000023,0.9433814916048419,145.0,81.94166666666666
2990,q_learning,0.2,0.99,0.03,0.999,0.05021226309205723,551.2342720000003,0.9618041446566437,94.0,81.53333333333333
2991,q_learning,0.2,0.99,0.03,0.999,0.050162050828965174,931.5767160000001,0.8472222222222222,550.0,35.05833333333333
2992,q_learning,0.2,0.99,0.03,0.999,0.05011188877813621,560.754452,0.9991621281943862,2.0,87.275
2993,q_learning,0.2,0.99,0.03,0.999,0.05006177688935807,641.3566040000004,0.9311663479923518,180.0,70.04166666666667
2994,q_learning,0.2,0.99,0.03,0.999,0.05001171511246871,482.11002800000017,1.0,0.0,95.125
2995,q_learning,0.2,0.99,0.03,0.999,0.04996170339735625,646.0989839999999,0.7986330178759201,766.0,31.65
2996,q_learning,0.2,0.99,0.03,0.999,0.049911741693958886,509.38542,0.9875749785775493,29.0,84.30833333333334
2997,q_learning,0.2,0.99,0.03,0.999,0.04986182995226493,533.1747880000001,0.7342876314023709,1188.0,14.025
2998,q_learning,0.2,0.99,0.03,0.999,0.049811968122312665,751.4678080000003,0.7907949790794979,850.0,21.9
2999,q_learning,0.2,0.99,0.03,0.999,0.04976215615419035,624.4480120000002,0.9027967257844475,285.0,52.025
0,sarsa,0.2,0.95,0.03,0.992,1.0,-7.652695999999775,0.8827859569648924,414.0,71.01666666666667
1,sarsa,0.2,0.95,0.03,0.992,0.992,-403.74637999999965,0.9570209973753281,131.0,88.60833333333333
2,sarsa,0.2,0.95,0.03,0.992,0.9840639999999999,578.4793719999999,0.8258856216716832,752.0,45.09166666666667
3,sarsa,0.2,0.95,0.03,0.992,0.976191488,1232.2800279999994,0.8766910623198049,556.0,43.94166666666667
4,sarsa,0.2,0.95,0.03,0.992,0.968381956096,126.94999200000017,0.9554317548746518,144.0,86.6
5,sarsa,0.2,0.95,0.03,0.992,0.960634900447232,-634.1146839999999,0.9641791044776119,84.0,101.85833333333333
6,sarsa,0.2,0.95,0.03,0.992,0.9529498212436541,127.80134800000035,0.8548340548340548,503.0,64.85833333333333
7,sarsa,0.2,0.95,0.03,0.992,0.9453262226737049,263.04764000000034,0.8044243338360986,778.0,51.43333333333333
8,sarsa,0.2,0.95,0.03,0.992,0.9377636128923152,-440.3862799999996,1.0,0.0,101.95
9,sarsa,0.2,0.95,0.03,0.992,0.9302615039891767,167.19357999999994,0.7442739604180565,1150.0,38.458333333333336
10,sarsa,0.2,0.95,0.03,0.992,0.9228194119572632,289.72793200000007,0.9556067083196317,135.0,74.04166666666667
11,sarsa,0.2,0.95,0.03,0.992,0.9154368566616051,-391.85022399999986,0.9509851033157136,102.0,83.6
12,sarsa,0.2,0.95,0.03,0.992,0.9081133618083123,-261.43182799999977,0.8399258343634116,518.0,75.65833333333333
13,sarsa,0.2,0.95,0.03,0.992,0.9008484549138458,-178.49112399999987,1.0,0.0,97.45833333333333
14,sarsa,0.2,0.95,0.03,0.992,0.893641667274535,84.02501200000006,0.9659359190556492,101.0,80.04166666666667
15,sarsa,0.2,0.95,0.03,0.992,0.8864925339363388,124.52613200000023,0.9481587415087593,145.0,79.14166666666667
16,sarsa,0.2,0.95,0.03,0.992,0.879400593664848,366.62978,0.9618263473053892,102.0,86.925
17,sarsa,0.2,0.95,0.03,0.992,0.8723653889155293,145.60643600000017,0.8809896648919512,380.0,61.125
18,sarsa,0.2,0.95,0.03,0.992,0.865386465804205,-267.0727520000001,1.0,0.0,102.5
19,sarsa,0.2,0.95,0.03,0.992,0.8584633740777714,2.7137200000001798,0.9795748228428511,49.0,87.05
20,sarsa,0.2,0.95,0.03,0.992,0.8515956670851492,256.7461080000001,0.9530995106035889,115.0,74.875
21,sarsa,0.2,0.95,0.03,0.992,0.8447829017484679,255.10927200000043,0.992722602739726,17.0,83.26666666666667
22,sarsa,0.2,0.95,0.03,0.992,0.8380246385344802,-112.88981999999993,0.8239559164733179,607.0,67.89166666666667
23,sarsa,0.2,0.95,0.03,0.992,0.8313204414262044,183.24306000000024,0.870945945945946,382.0,75.39166666666667
24,sarsa,0.2,0.95,0.03,0.992,0.8246698778947947,-458.3964239999996,0.8644255633542667,367.0,84.41666666666667
25,sarsa,0.2,0.95,0.03,0.992,0.8180725188716363,-54.26216799999983,1.0,0.0,99.56666666666666
26,sarsa,0.2,0.95,0.03,0.992,0.8115279387206633,-184.42091999999963,0.6602745696230116,1559.0,23.85
27,sarsa,0.2,0.95,0.03,0.992,0.805035715210898,463.8201880000003,0.969061876247505,93.0,73.725
28,sarsa,0.2,0.95,0.03,0.992,0.7985954294892108,123.92285200000012,0.8917174614557188,302.0,75.45833333333333
29,sarsa,0.2,0.95,0.03,0.992,0.792206666053297,41.571272000000285,0.9210128495842782,209.0,69.21666666666667
30,sarsa,0.2,0.95,0.03,0.992,0.7858690127248708,-73.96157999999981,0.7269917582417582,795.0,56.50833333333333
31,sarsa,0.2,0.95,0.03,0.992,0.7795820606230718,523.5429120000001,0.8553133514986376,531.0,52.55
32,sarsa,0.2,0.95,0.03,0.992,0.7733454041380872,102.54090000000028,0.7603007518796993,797.0,39.825
33,sarsa,0.2,0.95,0.03,0.992,0.7671586409049824,501.68848800000023,0.7765326301911668,1017.0,32.8
34,sarsa,0.2,0.95,0.03,0.992,0.7610213717777425,382.9252280000002,0.9305343511450381,182.0,75.20833333333333
35,sarsa,0.2,0.95,0.03,0.992,0.7549332008035207,-9.425363999999924,0.8538178848509596,358.0,65.20833333333333
36,sarsa,0.2,0.95,0.03,0.992,0.7488937351970925,674.4575880000003,0.9267254484645789,241.0,69.64166666666667
37,sarsa,0.2,0.95,0.03,0.992,0.7429025853155157,98.75558800000015,0.93265465935787,172.0,79.00833333333334
38,sarsa,0.2,0.95,0.03,0.992,0.7369593646329916,-173.09004399999992,0.6548295454545454,1458.0,29.308333333333334
39,sarsa,0.2,0.95,0.03,0.992,0.7310636897159276,446.1931440000001,0.9795064826432455,49.0,81.03333333333333
40,sarsa,0.2,0.95,0.03,0.992,0.7252151801982002,20.417076000000193,0.9832041343669251,39.0,95.74166666666666
41,sarsa,0.2,0.95,0.03,0.992,0.7194134587566147,-423.16682799999984,0.6076891277387351,1898.0,11.891666666666667
42,sarsa,0.2,0.95,0.03,0.992,0.7136581510865617,168.81290000000018,0.9518174133558749,114.0,84.95833333333333
43,sarsa,0.2,0.95,0.03,0.992,0.7079488858778692,-175.13605999999987,0.638564634673584,1672.0,16.791666666666668
44,sarsa,0.2,0.95,0.03,0.992,0.7022852947908462,295.17407600000024,0.7875034406826315,772.0,39.80833333333333
45,sarsa,0.2,0.95,0.03,0.992,0.6966670124325195,64.69039200000009,1.0,0.0,89.46666666666667
46,sarsa,0.2,0.95,0.03,0.992,0.6910936763330593,261.70427199999995,0.9874529485570891,30.0,87.3
47,sarsa,0.2,0.95,0.03,0.992,0.6855649269223948,625.3204440000002,0.876659678546471,353.0,56.225
48,sarsa,0.2,0.95,0.03,0.992,0.6800804075070157,-43.3145279999998,0.6737226277372262,1341.0,30.883333333333333
49,sarsa,0.2,0.95,0.03,0.992,0.6746397642469595,327.72058000000015,0.7836981566820277,751.0,49.59166666666667
50,sarsa,0.2,0.95,0.03,0.992,0.6692426461329839,546.462528,0.9720734506503443,73.0,73.51666666666667
51,sarsa,0.2,0.95,0.03,0.992,0.6638887049639199,388.7627600000003,0.9006109979633401,244.0,58.2
52,sarsa,0.2,0.95,0.03,0.992,0.6585775953242086,644.7212040000002,0.8951798010711554,274.0,49.791666666666664
53,sarsa,0.2,0.95,0.03,0.992,0.653308974561615,-21.607575999999817,0.7981039325842697,575.0,52.7
54,sarsa,0.2,0.95,0.03,0.992,0.648082502765122,569.1902160000004,0.842032967032967,460.0,51.4
55,sarsa,0.2,0.95,0.03,0.992,0.642897842743001,-84.58515599999977,0.6863647991813763,1226.0,33.475
56,sarsa,0.2,0.95,0.03,0.992,0.6377546600010571,425.8263760000003,0.79312257348863,746.0,42.083333333333336
57,sarsa,0.2,0.95,0.03,0.992,0.6326526227210486,507.2801240000002,0.9126827340971948,221.0,65.54166666666667
58,sarsa,0.2,0.95,0.03,0.992,0.6275914017392802,-282.8264919999999,0.9154034229828851,173.0,84.125
59,sarsa,0.2,0.95,0.03,0.992,0.622570670525366,235.95103600000027,0.7486631016042781,799.0,30.658333333333335
60,sarsa,0.2,0.95,0.03,0.992,0.617590105161163,-308.48418799999985,0.6342869342442357,1713.0,17.225
61,sarsa,0.2,0.95,0.03,0.992,0.6126493843198737,613.3853039999999,0.8960641956438671,272.0,51.43333333333333
62,sarsa,0.2,0.95,0.03,0.992,0.6077481892453147,-38.41337999999992,0.6638676844783715,1321.0,23.891666666666666
63,sarsa,0.2,0.95,0.03,0.992,0.6028862037313522,532.6635400000001,0.880199075719872,337.0,62.05833333333333
64,sarsa,0.2,0.95,0.03,0.992,0.5980631141015014,433.0346400000002,0.749637906062487,1210.0,22.833333333333332
65,sarsa,0.2,0.95,0.03,0.992,0.5932786091886894,43.96754000000017,0.7162944582299421,1029.0,28.125
66,sarsa,0.2,0.95,0.03,0.992,0.5885323803151798,-675.639376,0.561137875659555,1913.0,14.033333333333333
67,sarsa,0.2,0.95,0.03,0.992,0.5838241212726584,245.4407480000001,0.7950980392156862,627.0,40.458333333333336
68,sarsa,0.2,0.95,0.03,0.992,0.5791535283024771,31.842140000000022,0.7133189787757613,932.0,47.09166666666667
69,sarsa,0.2,0.95,0.03,0.992,0.5745203000760573,-510.4206359999997,0.6077194752774975,1555.0,28.625
70,sarsa,0.2,0.95,0.03,0.992,0.5699241376754488,356.677076,0.7751651254953765,851.0,46.99166666666667
71,sarsa,0.2,0.95,0.03,0.992,0.5653647445740452,-616.4549839999996,0.5709717097170972,1744.0,13.383333333333333
72,sarsa,0.2,0.95,0.03,0.992,0.5608418266174529,279.7754320000002,0.766470971950424,716.0,37.916666666666664
73,sarsa,0.2,0.95,0.03,0.992,0.5563550920045133,360.3904560000002,0.8728636932055023,305.0,61.65
74,sarsa,0.2,0.95,0.03,0.992,0.5519042512684771,25.8824680000003,0.6925826630920465,1032.0,32.525
75,sarsa,0.2,0.95,0.03,0.992,0.5474890172583293,313.376568,0.8322425077506028,487.0,65.83333333333333
76,sarsa,0.2,0.95,0.03,0.992,0.5431091051202627,122.03152800000012,0.8198935734752354,440.0,47.11666666666667
77,sarsa,0.2,0.95,0.03,0.992,0.5387642322793006,-105.63995599999981,0.663904998619166,1217.0,21.908333333333335
78,sarsa,0.2,0.95,0.03,0.992,0.5344541184210662,-383.32503599999984,0.6113793827419693,1851.0,12.491666666666667
79,sarsa,0.2,0.95,0.03,0.992,0.5301784854736976,-298.2758359999998,0.6444618599791013,1361.0,24.991666666666667
80,sarsa,0.2,0.95,0.03,0.992,0.525937057589908,423.52881200000024,0.7924594785059902,589.0,40.55833333333333
81,sarsa,0.2,0.95,0.03,0.992,0.5217295611291888,-1031.7605959999999,0.5298176441596846,1908.0,21.258333333333333
82,sarsa,0.2,0.95,0.03,0.992,0.5175557246401552,644.0124840000002,0.8871672626142233,284.0,48.625
83,sarsa,0.2,0.95,0.03,0.992,0.513415278843034,-786.0770320000003,0.5461760461760462,1887.0,18.566666666666666
84,sarsa,0.2,0.95,0.03,0.992,0.5093079566122897,-297.9638319999999,0.6495006242197253,1123.0,35.13333333333333
85,sarsa,0.2,0.95,0.03,0.992,0.5052334929593914,-298.55458799999997,0.6341341341341341,1462.0,18.058333333333334
86,sarsa,0.2,0.95,0.03,0.992,0.5011916250157162,-25.94576799999993,0.7539731051344744,805.0,42.733333333333334
87,sarsa,0.2,0.95,0.03,0.992,0.49718209201559055,-980.9715399999993,0.5365338960696386,1757.0,16.791666666666668
88,sarsa,0.2,0.95,0.03,0.992,0.4932046352794658,54.85182800000003,0.685049410264584,988.0,28.375
89,sarsa,0.2,0.95,0.03,0.992,0.48925899819723007,-22.622319999999867,0.6605248464544947,1216.0,16.5
90,sarsa,0.2,0.95,0.03,0.992,0.4853449262116522,48.37760000000024,0.6806578301423662,1301.0,24.166666666666668
91,sarsa,0.2,0.95,0.03,0.992,0.481462166801959,-448.5890759999997,0.5837663944568177,1682.0,14.241666666666667
92,sarsa,0.2,0.95,0.03,0.992,0.4776104694675433,329.26766800000007,0.8711511132164851,272.0,46.90833333333333
93,sarsa,0.2,0.95,0.03,0.992,0.47378958571180296,98.37466800000007,0.7413793103448276,825.0,38.825
94,sarsa,0.2,0.95,0.03,0.992,0.46999926902610856,182.2685720000002,0.7143290831815422,941.0,39.891666666666666
95,sarsa,0.2,0.95,0.03,0.992,0.46623927487389966,351.0523640000001,0.8044562687063519,588.0,38.708333333333336
96,sarsa,0.2,0.95,0.03,0.992,0.4625093606749085,-153.92462399999977,0.6642402183803457,1107.0,32.45
97,sarsa,0.2,0.95,0.03,0.992,0.4588092857895092,-124.84357599999996,0.6814766416203855,975.0,31.033333333333335
98,sarsa,0.2,0.95,0.03,0.992,0.45513881150319313,523.0975320000002,0.8710538016896399,290.0,48.291666666666664
99,sarsa,0.2,0.95,0.03,0.992,0.4514977010111676,254.48331600000014,0.8370830100853375,420.0,41.708333333333336
100,sarsa,0.2,0.95,0.03,0.992,0.44788571940307825,209.8235720000002,0.7602118003025718,634.0,31.308333333333334
101,sarsa,0.2,0.95,0.03,0.992,0.4443026336478536,123.18646400000016,0.7129109863672815,716.0,26.033333333333335
102,sarsa,0.2,0.95,0.03,0.992,0.4407482125786708,-752.6668799999997,0.5445466491458607,1733.0,11.833333333333334
103,sarsa,0.2,0.95,0.03,0.992,0.4372222268780414,-719.2511079999998,0.537322453913569,1531.0,15.225
104,sarsa,0.2,0.95,0.03,0.992,0.4337244490630171,-843.716008,0.52692013268691,1854.0,8.516666666666667
105,sarsa,0.2,0.95,0.03,0.992,0.43025465347051295,237.1814520000002,0.8468586387434555,351.0,56.925
106,sarsa,0.2,0.95,0.03,0.992,0.42681261624274885,-1403.1251360000006,0.4827884823554882,2389.0,6.033333333333333
107,sarsa,0.2,0.95,0.03,0.992,0.42339811531280686,-131.4979760000001,0.7065390749601276,920.0,30.116666666666667
108,sarsa,0.2,0.95,0.03,0.992,0.4200109303903044,107.6054280000002,0.7046979865771812,836.0,32.108333333333334
109,sarsa,0.2,0.95,0.03,0.992,0.41665084294718197,-157.71053199999983,0.6733224222585925,998.0,21.075
110,sarsa,0.2,0.95,0.03,0.992,0.4133176362036045,165.1979920000002,0.7160110420979986,823.0,29.333333333333332
111,sarsa,0.2,0.95,0.03,0.992,0.41001109511397565,-283.43682799999993,0.6388276079420108,1146.0,24.958333333333332
112,sarsa,0.2,0.95,0.03,0.992,0.40673100635306386,-483.309576,0.573502722323049,1410.0,20.183333333333334
113,sarsa,0.2,0.95,0.03,0.992,0.40347715830223935,77.50726000000014,0.708001516875237,770.0,26.525
114,sarsa,0.2,0.95,0.03,0.992,0.4002493410358214,-149.60267599999983,0.6434971490632636,1313.0,20.908333333333335
115,sarsa,0.2,0.95,0.03,0.992,0.39704734630753485,-164.96388399999992,0.6246065808297568,1312.0,19.041666666666668
116,sarsa,0.2,0.95,0.03,0.992,0.39387096753707457,85.66356400000018,0.7744018230155716,594.0,45.708333333333336
117,sarsa,0.2,0.95,0.03,0.992,0.39071999979677796,-1205.8992120000003,0.503770124312207,2435.0,5.691666666666666
118,sarsa,0.2,0.95,0.03,0.992,0.38759423979840374,-257.69365599999975,0.6594672426205903,946.0,34.45
119,sarsa,0.2,0.95,0.03,0.992,0.3844934858800165,-165.76478399999996,0.6537102473498233,980.0,27.016666666666666
120,sarsa,0.2,0.95,0.03,0.992,0.38141753799297634,27.758776000000097,0.7531669865642995,643.0,39.46666666666667
121,sarsa,0.2,0.95,0.03,0.992,0.37836619768903257,244.53967200000008,0.7537707390648567,653.0,23.2
122,sarsa,0.2,0.95,0.03,0.992,0.3753392681075203,74.11958800000019,0.691013126893302,918.0,28.975
123,sarsa,0.2,0.95,0.03,0.992,0.37233655396266013,42.79217600000015,0.7131782945736435,777.0,25.866666666666667
124,sarsa,0.2,0.95,0.03,0.992,0.36935786153095884,209.05394000000007,0.7522007042253521,563.0,32.84166666666667
125,sarsa,0.2,0.95,0.03,0.992,0.3664029986387112,196.5231360000002,0.7376081825334382,667.0,28.166666666666668
126,sarsa,0.2,0.95,0.03,0.992,0.36347177464960145,-479.0460800000002,0.6011904761904762,1273.0,21.166666666666668
127,sarsa,0.2,0.95,0.03,0.992,0.36056400045240466,-723.4593879999998,0.546758767268863,1706.0,16.858333333333334
128,sarsa,0.2,0.95,0.03,0.992,0.3576794884487854,438.7185200000002,0.8157076205287714,474.0,36.53333333333333
129,sarsa,0.2,0.95,0.03,0.992,0.35481805254119514,583.4097,0.8644688644688645,296.0,41.925
130,sarsa,0.2,0.95,0.03,0.992,0.35197950812086554,275.46391200000016,0.7837354781054513,484.0,36.233333333333334
131,sarsa,0.2,0.95,0.03,0.992,0.34916367205589866,167.03816400000017,0.7267230955259976,678.0,27.875
132,sarsa,0.2,0.95,0.03,0.992,0.3463703626794514,-247.3289559999999,0.6214710252600297,1019.0,27.191666666666666
133,sarsa,0.2,0.95,0.03,0.992,0.34359939977801585,-396.3900719999998,0.609860248447205,1005.0,17.9
134,sarsa,0.2,0.95,0.03,0.992,0.3408506045797917,138.07140000000015,0.7073750991276765,738.0,26.883333333333333
135,sarsa,0.2,0.95,0.03,0.992,0.3381237997431534,-394.376832,0.6089403973509934,1181.0,19.866666666666667
136,sarsa,0.2,0.95,0.03,0.992,0.3354188093452081,-606.0186800000004,0.5692361353331008,1235.0,16.033333333333335
137,sarsa,0.2,0.95,0.03,0.992,0.3327354588704465,-398.12963200000013,0.5923076923076923,1166.0,13.233333333333333
138,sarsa,0.2,0.95,0.03,0.992,0.3300735751994829,38.783152000000285,0.672514619883041,784.0,17.766666666666666
139,sarsa,0.2,0.95,0.03,0.992,0.32743298659788705,-435.8425919999997,0.5927240461401952,1377.0,14.4
140,sarsa,0.2,0.95,0.03,0.992,0.32481352270510394,-526.1073759999999,0.5892399658411615,1443.0,19.866666666666667
141,sarsa,0.2,0.95,0.03,0.992,0.3222150145234631,254.7983480000003,0.7440406408753419,655.0,24.941666666666666
142,sarsa,0.2,0.95,0.03,0.992,0.3196372944072754,1.742252000000093,0.6879120879120879,852.0,31.575
143,sarsa,0.2,0.95,0.03,0.992,0.3170801960520172,-161.40169599999996,0.6415176624509377,822.0,18.033333333333335
144,sarsa,0.2,0.95,0.03,0.992,0.31454355448360105,-1796.370484,0.45660881174899864,2849.0,7.341666666666667
145,sarsa,0.2,0.95,0.03,0.992,0.3120272060477322,-876.9625359999998,0.5419564209550302,1976.0,13.116666666666667
146,sarsa,0.2,0.95,0.03,0.992,0.3095309883993504,-383.1099560000001,0.5900641025641026,1279.0,16.575
147,sarsa,0.2,0.95,0.03,0.992,0.3070547404921556,-567.8918239999994,0.5677719604421175,1486.0,20.966666666666665
148,sarsa,0.2,0.95,0.03,0.992,0.30459830256821835,-292.330312,0.6020053991515619,1032.0,23.816666666666666
149,sarsa,0.2,0.95,0.03,0.992,0.30216151614767256,-251.15035199999994,0.6564855216184053,866.0,21.183333333333334
150,sarsa,0.2,0.95,0.03,0.992,0.2997442240184912,-245.05252,0.6102407336645014,1020.0,16.616666666666667
151,sarsa,0.2,0.95,0.03,0.992,0.29734627022634325,-252.9184879999999,0.6308851224105462,1176.0,23.3
152,sarsa,0.2,0.95,0.03,0.992,0.2949675000645325,-846.8610760000001,0.511816340310601,1446.0,15.608333333333333
153,sarsa,0.2,0.95,0.03,0.992,0.29260776006401623,-961.7707519999997,0.5098425196850394,1992.0,8.9
154,sarsa,0.2,0.95,0.03,0.992,0.29026689798350414,-500.0242839999997,0.5842264358340203,1513.0,15.258333333333333
155,sarsa,0.2,0.95,0.03,0.992,0.2879447627996361,-21.09743199999992,0.6714372716199757,1079.0,19.266666666666666
156,sarsa,0.2,0.95,0.03,0.992,0.28564120469723897,104.39671600000011,0.7036637931034483,825.0,19.841666666666665
157,sarsa,0.2,0.95,0.03,0.992,0.2833560750596611,-75.58380399999989,0.7319540229885058,583.0,39.59166666666667
158,sarsa,0.2,0.95,0.03,0.992,0.28108922645918377,151.85569200000015,0.725925925925926,629.0,20.808333333333334
159,sarsa,0.2,0.95,0.03,0.992,0.2788405126475103,-1427.8792599999992,0.48211575980923477,2389.0,11.625
160,sarsa,0.2,0.95,0.03,0.992,0.2766097885463302,-9.544075999999912,0.6803846153846154,831.0,30.058333333333334
161,sarsa,0.2,0.95,0.03,0.992,0.2743969102379596,-540.4583600000003,0.5317394888705689,1136.0,9.083333333333334
162,sarsa,0.2,0.95,0.03,0.992,0.27220173495605593,-232.87330799999998,0.6477234961781323,1060.0,16.225
163,sarsa,0.2,0.95,0.03,0.992,0.27002412107640744,-104.25579599999993,0.6440116038126813,859.0,19.075
164,sarsa,0.2,0.95,0.03,0.992,0.2678639281077962,-85.42403599999987,0.6749895963379109,781.0,18.658333333333335
165,sarsa,0.2,0.95,0.03,0.992,0.2657210166829338,50.12695200000017,0.6844692005242464,963.0,20.05
166,sarsa,0.2,0.95,0.03,0.992,0.26359524854947036,-410.5978399999998,0.6206896551724138,1298.0,15.5
167,sarsa,0.2,0.95,0.03,0.992,0.2614864865610746,-316.8654559999999,0.6003842459173871,1248.0,12.183333333333334
168,sarsa,0.2,0.95,0.03,0.992,0.259394594668586,-379.3016799999998,0.6172950329144224,1279.0,18.5
169,sarsa,0.2,0.95,0.03,0.992,0.2573194379112373,-791.5418720000001,0.5406576599541167,1802.0,11.233333333333333
170,sarsa,0.2,0.95,0.03,0.992,0.2552608824079474,-941.1197600000003,0.5023016517736257,1838.0,7.0
171,sarsa,0.2,0.95,0.03,0.992,0.2532187953486838,-679.3643039999998,0.5180065478355765,1325.0,16.966666666666665
172,sarsa,0.2,0.95,0.03,0.992,0.25119304498589434,128.65426400000004,0.7234539089848308,711.0,30.766666666666666
173,sarsa,0.2,0.95,0.03,0.992,0.2491835006260072,-344.20841999999993,0.6205321150228433,1412.0,14.208333333333334
174,sarsa,0.2,0.95,0.03,0.992,0.24719003262099912,-293.40106399999996,0.6140776699029126,1113.0,24.033333333333335
175,sarsa,0.2,0.95,0.03,0.992,0.24521251236003114,-170.44100799999998,0.6323886639676113,908.0,21.9
176,sarsa,0.2,0.95,0.03,0.992,0.2432508122611509,-415.156092,0.5867396202124235,1284.0,16.108333333333334
177,sarsa,0.2,0.95,0.03,0.992,0.24130480576306168,-206.72109999999975,0.6141663000439948,877.0,11.458333333333334
178,sarsa,0.2,0.95,0.03,0.992,0.2393743673169572,-1195.8731359999997,0.48247078464106846,2170.0,8.533333333333333
179,sarsa,0.2,0.95,0.03,0.992,0.23745937237842152,-327.36791600000004,0.592026825633383,1095.0,13.491666666666667
180,sarsa,0.2,0.95,0.03,0.992,0.23555969739939414,-539.4894119999999,0.5394786550812241,1219.0,7.775
181,sarsa,0.2,0.95,0.03,0.992,0.23367521982019898,-68.60203199999994,0.6582278481012658,729.0,13.233333333333333
182,sarsa,0.2,0.95,0.03,0.992,0.2318058180616374,-901.615728,0.4970651013874066,1885.0,16.266666666666666
183,sarsa,0.2,0.95,0.03,0.992,0.2299513715171443,-298.73024,0.5986842105263158,1037.0,11.333333333333334
184,sarsa,0.2,0.95,0.03,0.992,0.22811176054500715,-29.522315999999808,0.6546762589928058,1104.0,16.825
185,sarsa,0.2,0.95,0.03,0.992,0.22628686646064708,-694.8660239999997,0.5432960893854749,1635.0,16.283333333333335
186,sarsa,0.2,0.95,0.03,0.992,0.22447657152896192,-589.7315439999999,0.5437322387117146,1445.0,15.383333333333333
187,sarsa,0.2,0.95,0.03,0.992,0.2226807589567302,106.33284000000009,0.7056056448451588,751.0,22.866666666666667
188,sarsa,0.2,0.95,0.03,0.992,0.22089931288507636,40.93581200000004,0.682998324958124,757.0,18.058333333333334
189,sarsa,0.2,0.95,0.03,0.992,0.21913211838199576,-107.12104799999983,0.6432775011317338,788.0,23.15
190,sarsa,0.2,0.95,0.03,0.992,0.2173790614349398,81.016224,0.7027027027027027,682.0,30.45
191,sarsa,0.2,0.95,0.03,0.992,0.21564002894346027,-352.32565199999976,0.5808336579664979,1076.0,15.775
192,sarsa,0.2,0.95,0.03,0.992,0.21391490871191257,-115.89343199999983,0.6458852867830424,994.0,19.483333333333334
193,sarsa,0.2,0.95,0.03,0.992,0.2122035894422173,-501.001632,0.5805785123966942,1218.0,21.533333333333335
194,sarsa,0.2,0.95,0.03,0.992,0.21050596072667954,-246.87248799999983,0.603298969072165,962.0,17.016666666666666
195,sarsa,0.2,0.95,0.03,0.992,0.20882191304086611,-808.7431639999999,0.4958786679854929,1529.0,15.658333333333333
196,sarsa,0.2,0.95,0.03,0.992,0.20715133773653918,-178.19186,0.6478129713423831,934.0,16.375
197,sarsa,0.2,0.95,0.03,0.992,0.20549412703464687,-780.3322439999997,0.5290358432898027,1695.0,15.175
198,sarsa,0.2,0.95,0.03,0.992,0.2038501740183697,-805.4889159999999,0.5266240681576145,1778.0,18.541666666666668
199,sarsa,0.2,0.95,0.03,0.992,0.20221937262622272,-607.898524,0.534805890227577,1390.0,13.258333333333333
200,sarsa,0.2,0.95,0.03,0.992,0.20060161764521295,-240.38973199999992,0.611392898946547,996.0,17.208333333333332
201,sarsa,0.2,0.95,0.03,0.992,0.19899680470405123,-1148.945056,0.4917864476386037,1980.0,16.316666666666666
202,sarsa,0.2,0.95,0.03,0.992,0.19740483026641883,68.94916800000009,0.6902877697841726,861.0,14.066666666666666
203,sarsa,0.2,0.95,0.03,0.992,0.19582559162428748,-283.6424799999997,0.6027260638297872,1195.0,15.166666666666666
204,sarsa,0.2,0.95,0.03,0.992,0.19425898689129317,-47.946015999999815,0.6612599019238024,898.0,20.366666666666667
205,sarsa,0.2,0.95,0.03,0.992,0.19270491499616282,-362.737988,0.5956416464891041,1002.0,11.808333333333334
206,sarsa,0.2,0.95,0.03,0.992,0.1911632756761935,-45.03479999999999,0.6736842105263158,868.0,15.833333333333334
207,sarsa,0.2,0.95,0.03,0.992,0.18963396947078398,-45.170775999999954,0.6602316602316602,792.0,21.866666666666667
208,sarsa,0.2,0.95,0.03,0.992,0.1881168977150177,-358.83096400000005,0.5818414322250639,981.0,17.508333333333333
209,sarsa,0.2,0.95,0.03,0.992,0.18661196253329757,-553.1916559999997,0.542220744680851,1377.0,6.283333333333333
210,sarsa,0.2,0.95,0.03,0.992,0.18511906683303117,-174.90452799999983,0.6214099216710183,870.0,13.766666666666667
211,sarsa,0.2,0.95,0.03,0.992,0.18363811429836693,-425.6474599999996,0.5749764225086451,1352.0,20.491666666666667
212,sarsa,0.2,0.95,0.03,0.992,0.18216900938397998,-55.86604799999999,0.6500383729854182,912.0,16.1
213,sarsa,0.2,0.95,0.03,0.992,0.18071165730890815,-1227.7597079999998,0.4858641130870953,2255.0,6.225
214,sarsa,0.2,0.95,0.03,0.992,0.17926596405043688,-275.57634400000006,0.5982905982905983,1175.0,12.05
215,sarsa,0.2,0.95,0.03,0.992,0.17783183633803337,-300.61340000000007,0.5927620632279534,979.0,18.666666666666668
216,sarsa,0.2,0.95,0.03,0.992,0.1764091816473291,-262.5652279999999,0.5939066718087158,1053.0,12.725
217,sarsa,0.2,0.95,0.03,0.992,0.17499790819415048,-245.29935999999987,0.6040763226366002,913.0,14.5
218,sarsa,0.2,0.95,0.03,0.992,0.17359792492859727,-761.2924999999997,0.5331960885229027,1814.0,12.708333333333334
219,sarsa,0.2,0.95,0.03,0.992,0.1722091415291685,100.69132400000022,0.6922442244224423,746.0,19.241666666666667
220,sarsa,0.2,0.95,0.03,0.992,0.17083146839693514,-209.1436759999999,0.6391752577319587,840.0,19.708333333333332
221,sarsa,0.2,0.95,0.03,0.992,0.16946481664975965,-112.55420399999996,0.6478296478296478,860.0,13.425
222,sarsa,0.2,0.95,0.03,0.992,0.16810909811656158,99.39090000000009,0.6923076923076923,808.0,15.841666666666667
223,sarsa,0.2,0.95,0.03,0.992,0.1667642253316291,-434.47781599999996,0.5685160427807486,1291.0,11.616666666666667
224,sarsa,0.2,0.95,0.03,0.992,0.16543011152897605,-225.69470800000005,0.6081560283687943,1105.0,12.475
225,sarsa,0.2,0.95,0.03,0.992,0.16410667063674425,-124.8314399999999,0.6385782747603834,905.0,14.666666666666666
226,sarsa,0.2,0.95,0.03,0.992,0.1627938172716503,-3.1427999999999576,0.6639004149377593,810.0,19.216666666666665
227,sarsa,0.2,0.95,0.03,0.992,0.16149146673347708,-495.33837200000005,0.5790754257907542,1557.0,11.441666666666666
228,sarsa,0.2,0.95,0.03,0.992,0.16019953499960926,-623.8992040000002,0.5460860272508683,1699.0,11.341666666666667
229,sarsa,0.2,0.95,0.03,0.992,0.1589179387196124,279.857872,0.7350058800470404,676.0,21.75
230,sarsa,0.2,0.95,0.03,0.992,0.1576465952098555,-64.98109199999996,0.6529334212261042,1053.0,13.775
231,sarsa,0.2,0.95,0.03,0.992,0.15638542244817666,111.50258800000013,0.6830324909747293,878.0,16.108333333333334
232,sarsa,0.2,0.95,0.03,0.992,0.15513433906859123,-301.95657999999986,0.6040061633281972,1285.0,9.541666666666666
233,sarsa,0.2,0.95,0.03,0.992,0.1538932643560425,-1146.3081040000002,0.48719632304661853,2343.0,8.216666666666667
234,sarsa,0.2,0.95,0.03,0.992,0.15266211824119416,216.62164000000007,0.7083333333333334,686.0,14.083333333333334
235,sarsa,0.2,0.95,0.03,0.992,0.1514408212952646,342.5644640000002,0.7572815533980582,525.0,17.7
236,sarsa,0.2,0.95,0.03,0.992,0.15022929472490248,-90.85883199999986,0.6356421356421357,1010.0,11.566666666666666
237,sarsa,0.2,0.95,0.03,0.992,0.14902746036710326,-3.706111999999962,0.6553316540722083,821.0,10.9
238,sarsa,0.2,0.95,0.03,0.992,0.14783524068416645,328.652996,0.7541514783313082,607.0,15.091666666666667
239,sarsa,0.2,0.95,0.03,0.992,0.1466525587586931,-214.28552799999986,0.6102479338842975,1179.0,10.85
240,sarsa,0.2,0.95,0.03,0.992,0.14547933828862356,-818.8274959999999,0.5230408747721947,1832.0,9.283333333333333
241,sarsa,0.2,0.95,0.03,0.992,0.14431550358231457,-1108.47082,0.5066580756013745,2297.0,7.541666666666667
242,sarsa,0.2,0.95,0.03,0.992,0.14316097955365606,320.45014000000015,0.7301349325337332,720.0,26.308333333333334
243,sarsa,0.2,0.95,0.03,0.992,0.1420156917172268,100.2963360000001,0.6808431952662722,863.0,18.133333333333333
244,sarsa,0.2,0.95,0.03,0.992,0.14087956618348899,-185.01065999999986,0.622354694485842,1267.0,13.041666666666666
245,sarsa,0.2,0.95,0.03,0.992,0.13975252965402107,-2.683327999999996,0.6622976098689283,876.0,8.766666666666667
246,sarsa,0.2,0.95,0.03,0.992,0.1386345094167889,-121.03669599999992,0.6254589963280294,918.0,10.95
247,sarsa,0.2,0.95,0.03,0.992,0.1375254333414546,132.56741200000016,0.678695652173913,739.0,14.725
248,sarsa,0.2,0.95,0.03,0.992,0.13642522987472297,-7.318715999999921,0.6594488188976378,865.0,17.491666666666667
249,sarsa,0.2,0.95,0.03,0.992,0.13533382803572516,194.75666800000005,0.7269890795631825,700.0,13.441666666666666
250,sarsa,0.2,0.95,0.03,0.992,0.13425115741143936,-572.9954560000003,0.5733395916451537,1818.0,10.033333333333333
251,sarsa,0.2,0.95,0.03,0.992,0.13317714815214785,-90.74512799999987,0.6414342629482072,990.0,13.833333333333334
252,sarsa,0.2,0.95,0.03,0.992,0.13211173096693068,-168.55994800000013,0.6185438705662726,1226.0,10.891666666666667
253,sarsa,0.2,0.95,0.03,0.992,0.13105483711919522,-159.1552399999999,0.6276595744680851,980.0,10.916666666666666
254,sarsa,0.2,0.95,0.03,0.992,0.13000639842224165,58.72802800000022,0.6857617268576173,757.0,17.275
255,sarsa,0.2,0.95,0.03,0.992,0.12896634723486372,-713.0721080000001,0.5262157022548221,1744.0,6.225
256,sarsa,0.2,0.95,0.03,0.992,0.1279346164569848,-88.79690399999986,0.6553546592489569,1239.0,19.816666666666666
257,sarsa,0.2,0.95,0.03,0.992,0.12691113952532893,-464.55020799999966,0.5687631658140234,1433.0,8.933333333333334
258,sarsa,0.2,0.95,0.03,0.992,0.1258958504091263,13.015884000000083,0.6571699905033238,1083.0,15.575
259,sarsa,0.2,0.95,0.03,0.992,0.1248886836058533,-420.63514799999984,0.5797936893203883,1385.0,11.725
260,sarsa,0.2,0.95,0.03,0.992,0.12388957413700646,-686.8671919999998,0.5645979232069548,1803.0,11.483333333333333
261,sarsa,0.2,0.95,0.03,0.992,0.12289845754391042,103.82249600000006,0.6872536136662286,714.0,11.133333333333333
262,sarsa,0.2,0.95,0.03,0.992,0.12191526988355914,-85.76439599999992,0.6411543287327478,858.0,11.158333333333333
263,sarsa,0.2,0.95,0.03,0.992,0.12093994772449065,-346.9683760000001,0.585603112840467,1065.0,9.45
264,sarsa,0.2,0.95,0.03,0.992,0.11997242814269474,398.3654040000002,0.786697247706422,465.0,24.058333333333334
265,sarsa,0.2,0.95,0.03,0.992,0.11901264871755317,-2.0217359999998905,0.6734287987271281,821.0,17.0
266,sarsa,0.2,0.95,0.03,0.992,0.11806054752781274,-265.15123999999986,0.6028871391076116,1513.0,10.083333333333334
267,sarsa,0.2,0.95,0.03,0.992,0.11711606314759024,33.09261200000024,0.6753536857781087,872.0,15.558333333333334
268,sarsa,0.2,0.95,0.03,0.992,0.11617913464240952,69.05087200000011,0.6798732171156894,808.0,13.35
269,sarsa,0.2,0.95,0.03,0.992,0.11524970156527024,136.04794400000011,0.7043618739903069,732.0,14.616666666666667
270,sarsa,0.2,0.95,0.03,0.992,0.11432770395274808,-644.4197919999999,0.5495336526342324,1787.0,8.566666666666666
271,sarsa,0.2,0.95,0.03,0.992,0.1134130823211261,-363.07766,0.5729657027572294,1270.0,11.791666666666666
272,sarsa,0.2,0.95,0.03,0.992,0.11250577766255708,-452.40430800000007,0.560365235035509,1300.0,10.808333333333334
273,sarsa,0.2,0.95,0.03,0.992,0.11160573144125663,205.4392360000001,0.7119148936170213,677.0,18.758333333333333
274,sarsa,0.2,0.95,0.03,0.992,0.11071288558972657,-470.9110959999999,0.5773845230953809,1409.0,13.45
275,sarsa,0.2,0.95,0.03,0.992,0.10982718250500877,-108.82648799999986,0.6345528455284553,899.0,15.35
276,sarsa,0.2,0.95,0.03,0.992,0.10894856504496869,258.21850000000006,0.7225305216426193,750.0,18.125
277,sarsa,0.2,0.95,0.03,0.992,0.10807697652460894,129.3265840000002,0.6881761978361669,807.0,14.116666666666667
278,sarsa,0.2,0.95,0.03,0.992,0.10721236071241207,222.79850000000005,0.7161125319693095,777.0,21.958333333333332
279,sarsa,0.2,0.95,0.03,0.992,0.10635466182671277,-202.07733599999983,0.6076493339063171,913.0,12.283333333333333
280,sarsa,0.2,0.95,0.03,0.992,0.10550382453209907,-83.68871999999995,0.63808,1131.0,13.166666666666666
281,sarsa,0.2,0.95,0.03,0.992,0.10465979393584228,-154.26640399999997,0.5965828191741813,850.0,10.508333333333333
282,sarsa,0.2,0.95,0.03,0.992,0.10382251558435554,-134.37488400000007,0.6239027683997299,1114.0,12.341666666666667
283,sarsa,0.2,0.95,0.03,0.992,0.10299193545968069,410.2681000000002,0.7810026385224275,498.0,16.458333333333332
284,sarsa,0.2,0.95,0.03,0.992,0.10216799997600325,475.2997880000001,0.7829354553492485,491.0,19.441666666666666
285,sarsa,0.2,0.95,0.03,0.992,0.10135065597619522,66.71807200000009,0.6819742489270386,741.0,14.183333333333334
286,sarsa,0.2,0.95,0.03,0.992,0.10053985072838566,-598.7738760000002,0.5766227972339951,1898.0,9.241666666666667
287,sarsa,0.2,0.95,0.03,0.992,0.09973553192255857,288.4453920000001,0.7480657640232108,521.0,19.766666666666666
288,sarsa,0.2,0.95,0.03,0.992,0.0989376476671781,227.6405160000001,0.7393472348141432,575.0,20.525
289,sarsa,0.2,0.95,0.03,0.992,0.09814614648584068,-18.269727999999937,0.6616161616161617,938.0,14.6
290,sarsa,0.2,0.95,0.03,0.992,0.09736097731395395,-52.67722400000005,0.6485072329947676,1142.0,13.883333333333333
291,sarsa,0.2,0.95,0.03,0.992,0.09658208949544232,434.44571200000007,0.7743499338915822,512.0,17.433333333333334
292,sarsa,0.2,0.95,0.03,0.992,0.09580943277947877,270.874472,0.7352713178294573,683.0,18.35
293,sarsa,0.2,0.95,0.03,0.992,0.09504295731724295,312.06847200000016,0.7842227378190255,465.0,24.983333333333334
294,sarsa,0.2,0.95,0.03,0.992,0.094282613658705,20.214244000000154,0.6694980694980694,856.0,14.825
295,sarsa,0.2,0.95,0.03,0.992,0.09352835274943536,96.00260400000009,0.6733046286329386,1214.0,14.075
296,sarsa,0.2,0.95,0.03,0.992,0.09278012592743988,309.315128,0.7150395778364116,756.0,14.983333333333333
297,sarsa,0.2,0.95,0.03,0.992,0.09203788492002035,135.50160800000015,0.6966242875931609,692.0,18.983333333333334
298,sarsa,0.2,0.95,0.03,0.992,0.09130158184066019,24.033888000000143,0.6762656758012077,697.0,15.9
299,sarsa,0.2,0.95,0.03,0.992,0.09057116918593491,64.36206800000015,0.6614173228346457,817.0,10.525
300,sarsa,0.2,0.95,0.03,0.992,0.08984659983244743,173.4415920000001,0.6942333482342423,684.0,13.516666666666667
301,sarsa,0.2,0.95,0.03,0.992,0.08912782703378785,-71.37077999999995,0.6470358814352574,905.0,16.625
302,sarsa,0.2,0.95,0.03,0.992,0.08841480441751755,-10.249743999999955,0.6605293440736478,885.0,18.3
303,sarsa,0.2,0.95,0.03,0.992,0.08770748598217741,-151.73521599999992,0.633307573415765,949.0,14.1
304,sarsa,0.2,0.95,0.03,0.992,0.08700582609431999,306.84223199999997,0.7632789627770807,566.0,17.183333333333334
305,sarsa,0.2,0.95,0.03,0.992,0.08630977948556542,-152.3742799999999,0.63787023977433,1027.0,13.083333333333334
306,sarsa,0.2,0.95,0.03,0.992,0.0856193012496809,-176.93858799999998,0.6156028368794326,1084.0,10.558333333333334
307,sarsa,0.2,0.95,0.03,0.992,0.08493434683968346,-255.6322959999998,0.6097704532077692,1326.0,10.116666666666667
308,sarsa,0.2,0.95,0.03,0.992,0.08425487206496599,-212.32861599999987,0.620754716981132,1206.0,19.116666666666667
309,sarsa,0.2,0.95,0.03,0.992,0.08358083308844626,48.49236400000001,0.6950207468879668,735.0,15.408333333333333
310,sarsa,0.2,0.95,0.03,0.992,0.08291218642373868,183.11209600000018,0.7084459459459459,863.0,13.633333333333333
311,sarsa,0.2,0.95,0.03,0.992,0.08224888893234877,147.69326399999997,0.7054108216432866,735.0,16.866666666666667
312,sarsa,0.2,0.95,0.03,0.992,0.08159089782088999,428.64465600000005,0.7961696306429549,447.0,21.583333333333332
313,sarsa,0.2,0.95,0.03,0.992,0.08093817063832287,200.34546000000017,0.709113100081367,715.0,15.291666666666666
314,sarsa,0.2,0.95,0.03,0.992,0.08029066527321628,179.02899600000006,0.7005388760585065,778.0,16.758333333333333
315,sarsa,0.2,0.95,0.03,0.992,0.07964833995103054,160.82440000000003,0.7059538274605103,726.0,19.166666666666668
316,sarsa,0.2,0.95,0.03,0.992,0.07901115323142231,208.72686800000022,0.6954976303317536,771.0,17.741666666666667
317,sarsa,0.2,0.95,0.03,0.992,0.07837906400557093,-180.04641999999984,0.6407185628742516,1260.0,13.375
318,sarsa,0.2,0.95,0.03,0.992,0.07775203149352636,-71.74607599999993,0.6323155216284987,1156.0,12.158333333333333
319,sarsa,0.2,0.95,0.03,0.992,0.07713001524157814,263.5584640000002,0.733203125,683.0,19.366666666666667
320,sarsa,0.2,0.95,0.03,0.992,0.07651297511964553,56.81657200000009,0.6858152894387981,711.0,16.475
321,sarsa,0.2,0.95,0.03,0.992,0.07590087131868836,448.34598400000004,0.7733160621761658,525.0,16.2
322,sarsa,0.2,0.95,0.03,0.992,0.07529366434813885,-201.80541199999996,0.6213708470517809,1265.0,11.941666666666666
323,sarsa,0.2,0.95,0.03,0.992,0.07469131503335374,184.87226400000014,0.6929133858267716,858.0,16.45
324,sarsa,0.2,0.95,0.03,0.992,0.0740937845130869,277.554736,0.7371984765129074,621.0,17.3
325,sarsa,0.2,0.95,0.03,0.992,0.07350103423698222,96.08117600000017,0.6732070365358592,966.0,17.216666666666665
326,sarsa,0.2,0.95,0.03,0.992,0.07291302596308635,139.6891040000001,0.6846676737160121,835.0,16.366666666666667
327,sarsa,0.2,0.95,0.03,0.992,0.07232972175538166,330.52588000000026,0.7605150214592274,558.0,17.75
328,sarsa,0.2,0.95,0.03,0.992,0.07175108398133861,216.0142600000004,0.6956521739130435,875.0,20.291666666666668
329,sarsa,0.2,0.95,0.03,0.992,0.0711770753094879,-249.50091199999972,0.6181771369721936,1483.0,13.4
330,sarsa,0.2,0.95,0.03,0.992,0.070607658707012,39.95931599999999,0.6797971918876755,821.0,14.425
331,sarsa,0.2,0.95,0.03,0.992,0.0700427974373559,-84.02852399999998,0.6317542561065878,995.0,14.091666666666667
332,sarsa,0.2,0.95,0.03,0.992,0.06948245505785705,41.486328000000164,0.6646923330042778,1019.0,12.483333333333333
333,sarsa,0.2,0.95,0.03,0.992,0.0689265954173942,303.3917080000002,0.7629596809924679,535.0,16.275
334,sarsa,0.2,0.95,0.03,0.992,0.06837518265405504,-73.88674399999992,0.6577017114914425,840.0,12.05
335,sarsa,0.2,0.95,0.03,0.992,0.0678281811928226,-53.900907999999966,0.6456096020214782,1122.0,13.725
336,sarsa,0.2,0.95,0.03,0.992,0.06728555574328002,193.60131200000015,0.7081260364842454,704.0,14.1
337,sarsa,0.2,0.95,0.03,0.992,0.06674727129733378,259.1834280000002,0.7246108228317272,743.0,12.691666666666666
338,sarsa,0.2,0.95,0.03,0.992,0.0662132931269551,308.84118000000007,0.7531034482758621,537.0,16.708333333333332
339,sarsa,0.2,0.95,0.03,0.992,0.06568358678193946,287.95890800000006,0.7511715089034676,531.0,16.275
340,sarsa,0.2,0.95,0.03,0.992,0.06515811808768394,125.79668400000027,0.6947909024211298,832.0,13.908333333333333
341,sarsa,0.2,0.95,0.03,0.992,0.06463685314298248,320.0152800000001,0.7376453488372093,722.0,15.666666666666666
342,sarsa,0.2,0.95,0.03,0.992,0.06411975831783862,257.0821600000002,0.7346509671993272,631.0,18.0
343,sarsa,0.2,0.95,0.03,0.992,0.0636068002512959,174.90326000000005,0.7204946996466431,791.0,14.875
344,sarsa,0.2,0.95,0.03,0.992,0.06309794584928555,98.30889200000013,0.6824769433465085,964.0,14.141666666666667
345,sarsa,0.2,0.95,0.03,0.992,0.06259316228249126,248.4843640000002,0.7059221658206429,869.0,17.908333333333335
346,sarsa,0.2,0.95,0.03,0.992,0.062092416984231326,-328.756524,0.5973318812959434,1479.0,11.591666666666667
347,sarsa,0.2,0.95,0.03,0.992,0.06159567764835747,46.327532000000055,0.6681952178185392,1013.0,13.641666666666667
348,sarsa,0.2,0.95,0.03,0.992,0.06110291222717061,-627.6540759999997,0.5604656688049418,1850.0,11.325
349,sarsa,0.2,0.95,0.03,0.992,0.06061408892935325,-2.713727999999998,0.668705035971223,921.0,11.266666666666667
350,sarsa,0.2,0.95,0.03,0.992,0.06012917621791842,-288.8678159999999,0.6118047673098751,1368.0,10.783333333333333
351,sarsa,0.2,0.95,0.03,0.992,0.05964814280817508,32.08380800000006,0.6709657124882038,1046.0,13.566666666666666
352,sarsa,0.2,0.95,0.03,0.992,0.05917095766570967,441.72834400000016,0.7616448326055313,655.0,13.783333333333333
353,sarsa,0.2,0.95,0.03,0.992,0.058697590004383994,56.0449880000002,0.6662001399580126,954.0,13.608333333333333
354,sarsa,0.2,0.95,0.03,0.992,0.058228009284348924,165.73005200000006,0.7167522165188988,607.0,16.725
355,sarsa,0.2,0.95,0.03,0.992,0.05776218521007413,-256.1457399999999,0.6053395240858966,1360.0,10.291666666666666
356,sarsa,0.2,0.95,0.03,0.992,0.05730008772839354,143.1643280000001,0.6807249912861624,916.0,14.15
357,sarsa,0.2,0.95,0.03,0.992,0.05684168702656639,250.59361200000018,0.7362120564343737,617.0,20.141666666666666
358,sarsa,0.2,0.95,0.03,0.992,0.056386953530353855,300.5049439999999,0.7346053772766695,612.0,15.866666666666667
359,sarsa,0.2,0.95,0.03,0.992,0.05593585790211102,398.63817200000005,0.7611319184352893,574.0,14.808333333333334
360,sarsa,0.2,0.95,0.03,0.992,0.05548837103889414,51.87281600000026,0.68496079828938,884.0,20.466666666666665
361,sarsa,0.2,0.95,0.03,0.992,0.055044464070582985,357.2344520000001,0.7873737373737374,421.0,14.225
362,sarsa,0.2,0.95,0.03,0.992,0.05460410835801832,189.3389000000001,0.7129629629629629,651.0,13.958333333333334
363,sarsa,0.2,0.95,0.03,0.992,0.054167275491154174,-31.689463999999813,0.6443606660383286,1132.0,14.383333333333333
364,sarsa,0.2,0.95,0.03,0.992,0.05373393728722494,-134.2821039999998,0.6414059980651403,1112.0,18.116666666666667
365,sarsa,0.2,0.95,0.03,0.992,0.05330406578892714,41.17955600000013,0.684060042887777,884.0,13.925
366,sarsa,0.2,0.95,0.03,0.992,0.05287763326261572,474.325908,0.7934735938170889,481.0,13.358333333333333
367,sarsa,0.2,0.95,0.03,0.992,0.052454612196514795,142.9189680000003,0.7016430171769977,799.0,14.483333333333333
368,sarsa,0.2,0.95,0.03,0.992,0.05203497529894268,-278.2017519999997,0.6072887213320767,1250.0,12.65
369,sarsa,0.2,0.95,0.03,0.992,0.05161869549655113,499.33444399999996,0.7794561933534743,511.0,14.408333333333333
370,sarsa,0.2,0.95,0.03,0.992,0.051205745932578726,464.4971720000001,0.8002699055330634,444.0,15.225
371,sarsa,0.2,0.95,0.03,0.992,0.050796099965118094,335.979704,0.7532251352476071,593.0,15.116666666666667
372,sarsa,0.2,0.95,0.03,0.992,0.05038973116539715,-264.93358800000004,0.6,1348.0,9.308333333333334
373,sarsa,0.2,0.95,0.03,0.992,0.04998661331607397,340.149576,0.7103892123812443,945.0,9.716666666666667
374,sarsa,0.2,0.95,0.03,0.992,0.04958672040954538,394.29408400000005,0.7823225199811942,463.0,15.158333333333333
375,sarsa,0.2,0.95,0.03,0.992,0.049190026646269015,-219.52256399999982,0.6118760757314974,1353.0,11.675
376,sarsa,0.2,0.95,0.03,0.992,0.048796506433098866,286.9488680000003,0.7432483834157474,675.0,13.025
377,sarsa,0.2,0.95,0.03,0.992,0.048406134381634075,386.96995600000014,0.7588898525585429,556.0,14.758333333333333
378,sarsa,0.2,0.95,0.03,0.992,0.048018885306581,254.99019600000017,0.7421166306695465,597.0,16.758333333333333
379,sarsa,0.2,0.95,0.03,0.992,0.04763473422412835,208.8465560000002,0.7070938215102975,768.0,12.675
380,sarsa,0.2,0.95,0.03,0.992,0.04725365635033533,78.22317600000025,0.6856106408706167,780.0,13.05
381,sarsa,0.2,0.95,0.03,0.992,0.04687562709953264,308.1082520000003,0.7347029924073247,594.0,11.308333333333334
382,sarsa,0.2,0.95,0.03,0.992,0.04650062208273638,14.523432000000106,0.6617012936103489,863.0,12.183333333333334
383,sarsa,0.2,0.95,0.03,0.992,0.046128617106074486,23.210032000000076,0.6690997566909975,816.0,10.933333333333334
384,sarsa,0.2,0.95,0.03,0.992,0.045759588169225894,65.77540800000006,0.6692245557350566,819.0,12.733333333333333
385,sarsa,0.2,0.95,0.03,0.992,0.045393511463872084,-115.32531199999995,0.6348275862068965,1059.0,14.233333333333333
386,sarsa,0.2,0.95,0.03,0.992,0.04503036337216111,118.70911600000008,0.703770197486535,660.0,15.675
387,sarsa,0.2,0.95,0.03,0.992,0.04467012046518382,-2.401543999999973,0.6547034378541745,914.0,9.55
388,sarsa,0.2,0.95,0.03,0.992,0.04431275950146235,-94.17939599999994,0.6420289855072464,988.0,10.741666666666667
389,sarsa,0.2,0.95,0.03,0.992,0.04395825742545065,-58.241991999999904,0.6513504033672396,994.0,10.65
390,sarsa,0.2,0.95,0.03,0.992,0.04360659136604705,218.37872800000002,0.7171247357293868,669.0,14.983333333333333
391,sarsa,0.2,0.95,0.03,0.992,0.04325773863511867,-649.7666320000003,0.530334418467002,1587.0,7.816666666666666
392,sarsa,0.2,0.95,0.03,0.992,0.04291167672603772,-38.87584800000002,0.6536377708978328,895.0,12.35
393,sarsa,0.2,0.95,0.03,0.992,0.04256838331222942,197.48570400000006,0.7274328489652135,619.0,15.116666666666667
394,sarsa,0.2,0.95,0.03,0.992,0.04222783624573158,250.25862000000015,0.7086784299603889,809.0,13.708333333333334
395,sarsa,0.2,0.95,0.03,0.992,0.04189001355576573,-93.55353999999994,0.6404657933042213,988.0,10.708333333333334
396,sarsa,0.2,0.95,0.03,0.992,0.0415548934473196,-312.36711599999967,0.5852384062704115,1270.0,9.325
397,sarsa,0.2,0.95,0.03,0.992,0.04122245429974104,-15.780163999999946,0.6516956920256646,760.0,9.175
398,sarsa,0.2,0.95,0.03,0.992,0.04089267466534312,-285.28794399999987,0.598895745371874,1235.0,10.383333333333333
399,sarsa,0.2,0.95,0.03,0.992,0.04056553326802037,392.9438000000001,0.7573677836092046,601.0,15.416666666666666
400,sarsa,0.2,0.95,0.03,0.992,0.04024100900187621,20.52784800000015,0.6492194674012856,1146.0,10.15
401,sarsa,0.2,0.95,0.03,0.992,0.0399190809298612,-239.81182399999975,0.614454094292804,1243.0,10.133333333333333
402,sarsa,0.2,0.95,0.03,0.992,0.03959972828242231,-700.3623279999995,0.5538083538083538,1816.0,9.183333333333334
403,sarsa,0.2,0.95,0.03,0.992,0.03928293045616293,-394.3146479999998,0.5831180017226529,1452.0,11.516666666666667
404,sarsa,0.2,0.95,0.03,0.992,0.03896866701251363,-335.145616,0.5898644667059517,1392.0,11.2
405,sarsa,0.2,0.95,0.03,0.992,0.038656917676413514,180.3288080000001,0.6999151103565365,707.0,14.5
406,sarsa,0.2,0.95,0.03,0.992,0.038347662335002204,-130.721712,0.6229029905178701,1034.0,15.066666666666666
407,sarsa,0.2,0.95,0.03,0.992,0.03804088103632219,152.03024800000006,0.7088372093023256,626.0,16.816666666666666
408,sarsa,0.2,0.95,0.03,0.992,0.037736553988031614,254.6187080000001,0.7286746987951808,563.0,18.358333333333334
409,sarsa,0.2,0.95,0.03,0.992,0.03743466155612736,339.34978800000016,0.7525544202576633,557.0,12.775
410,sarsa,0.2,0.95,0.03,0.992,0.03713518426367834,175.448948,0.7077352472089314,733.0,21.191666666666666
411,sarsa,0.2,0.95,0.03,0.992,0.036838102789568915,161.816488,0.703898379325449,676.0,15.483333333333333
412,sarsa,0.2,0.95,0.03,0.992,0.03654339796725236,-237.15495599999977,0.5949146638801811,1163.0,11.491666666666667
413,sarsa,0.2,0.95,0.03,0.992,0.036251050783514344,197.24481200000014,0.7066182405165456,727.0,14.308333333333334
414,sarsa,0.2,0.95,0.03,0.992,0.035961042377246226,238.07677200000012,0.7185251798561151,626.0,11.891666666666667
415,sarsa,0.2,0.95,0.03,0.992,0.03567335403822826,373.39826400000015,0.7486315789473684,597.0,13.95
416,sarsa,0.2,0.95,0.03,0.992,0.03538796720592243,-106.19655599999999,0.6416424720033181,864.0,13.158333333333333
417,sarsa,0.2,0.95,0.03,0.992,0.03510486346827505,-30.262463999999945,0.6344226579520698,839.0,11.466666666666667
418,sarsa,0.2,0.95,0.03,0.992,0.03482402456052885,172.47410800000011,0.685042735042735,737.0,12.108333333333333
419,sarsa,0.2,0.95,0.03,0.992,0.03454543236404462,50.70253600000004,0.6794924273434302,783.0,13.55
420,sarsa,0.2,0.95,0.03,0.992,0.03426906890513226,180.72054800000015,0.7101859337105901,717.0,15.358333333333333
421,sarsa,0.2,0.95,0.03,0.992,0.0339949163538912,90.28296400000016,0.678173719376392,867.0,9.991666666666667
422,sarsa,0.2,0.95,0.03,0.992,0.03372295702306007,396.24602800000014,0.796875,455.0,13.108333333333333
423,sarsa,0.2,0.95,0.03,0.992,0.033453173366875595,70.61616400000014,0.6824433656957929,785.0,14.158333333333333
424,sarsa,0.2,0.95,0.03,0.992,0.03318554797994059,-202.6975039999999,0.620899854862119,1306.0,11.966666666666667
425,sarsa,0.2,0.95,0.03,0.992,0.032920063596101064,436.75012400000014,0.7822847682119205,526.0,13.408333333333333
426,sarsa,0.2,0.95,0.03,0.992,0.032656703087332255,146.67456000000013,0.7164296998420221,718.0,16.333333333333332
427,sarsa,0.2,0.95,0.03,0.992,0.0323954494626336,297.8282479999999,0.7160751565762005,816.0,15.15
428,sarsa,0.2,0.95,0.03,0.992,0.032136285866932526,237.48793200000028,0.7448246725813266,604.0,16.975
429,sarsa,0.2,0.95,0.03,0.992,0.03187919557999706,554.7399760000001,0.8307349665924276,380.0,19.716666666666665
430,sarsa,0.2,0.95,0.03,0.992,0.03162416201535709,-142.3500359999999,0.6437346437346437,1015.0,13.741666666666667
431,sarsa,0.2,0.95,0.03,0.992,0.03137116871923423,44.794360000000154,0.6647398843930635,986.0,13.416666666666666
432,sarsa,0.2,0.95,0.03,0.992,0.031120199369480357,-340.7644679999996,0.5864990434544958,1513.0,11.141666666666667
433,sarsa,0.2,0.95,0.03,0.992,0.030871237774524517,185.57158799999996,0.7127805771873569,627.0,23.108333333333334
434,sarsa,0.2,0.95,0.03,0.992,0.030624267872328317,-189.66394799999992,0.6089862606758262,1053.0,12.558333333333334
435,sarsa,0.2,0.95,0.03,0.992,0.030379273729349694,359.49752,0.7781644193127447,510.0,22.666666666666668
436,sarsa,0.2,0.95,0.03,0.992,0.030136239539514893,259.27236400000004,0.7129745515227367,688.0,15.408333333333333
437,sarsa,0.2,0.95,0.03,0.992,0.03,107.02793200000013,0.7040498442367601,665.0,16.141666666666666
438,sarsa,0.2,0.95,0.03,0.992,0.03,85.72720800000016,0.691246226821906,716.0,16.483333333333334
439,sarsa,0.2,0.95,0.03,0.992,0.03,116.5033480000001,0.6730769230769231,884.0,15.358333333333333
440,sarsa,0.2,0.95,0.03,0.992,0.03,388.77214400000037,0.7642147117296223,593.0,19.116666666666667
441,sarsa,0.2,0.95,0.03,0.992,0.03,499.24113199999994,0.8168249660786974,405.0,24.091666666666665
442,sarsa,0.2,0.95,0.03,0.992,0.03,456.8183839999999,0.7891936144085141,515.0,16.2
443,sarsa,0.2,0.95,0.03,0.992,0.03,492.1317839999999,0.7839300582847627,519.0,17.45
444,sarsa,0.2,0.95,0.03,0.992,0.03,282.9593200000002,0.7315623907724572,768.0,16.416666666666668
445,sarsa,0.2,0.95,0.03,0.992,0.03,-127.63074399999988,0.6355624675997926,1406.0,12.883333333333333
446,sarsa,0.2,0.95,0.03,0.992,0.03,297.72373200000027,0.7741796200345423,523.0,19.891666666666666
447,sarsa,0.2,0.95,0.03,0.992,0.03,674.5916840000001,0.8255959849435383,417.0,17.658333333333335
448,sarsa,0.2,0.95,0.03,0.992,0.03,203.82356000000027,0.6933465085638999,931.0,12.583333333333334
449,sarsa,0.2,0.95,0.03,0.992,0.03,347.234796,0.7497223250647909,676.0,14.675
450,sarsa,0.2,0.95,0.03,0.992,0.03,141.35770000000014,0.6880584890333062,768.0,16.458333333333332
451,sarsa,0.2,0.95,0.03,0.992,0.03,393.60779199999996,0.7701836821870995,538.0,16.433333333333334
452,sarsa,0.2,0.95,0.03,0.992,0.03,91.00825600000015,0.6601307189542484,1092.0,11.633333333333333
453,sarsa,0.2,0.95,0.03,0.992,0.03,373.4620960000003,0.7496147919876733,650.0,16.966666666666665
454,sarsa,0.2,0.95,0.03,0.992,0.03,535.8673640000001,0.7984745082296266,502.0,18.325
455,sarsa,0.2,0.95,0.03,0.992,0.03,288.95621200000005,0.729483282674772,623.0,15.558333333333334
456,sarsa,0.2,0.95,0.03,0.992,0.03,415.7956760000002,0.7791199309749784,512.0,18.675
457,sarsa,0.2,0.95,0.03,0.992,0.03,377.2810920000003,0.779510022271715,495.0,18.725
458,sarsa,0.2,0.95,0.03,0.992,0.03,229.146604,0.7158165452207458,663.0,18.241666666666667
459,sarsa,0.2,0.95,0.03,0.992,0.03,253.8045000000001,0.7196491228070175,799.0,18.958333333333332
460,sarsa,0.2,0.95,0.03,0.992,0.03,174.91789599999998,0.7231132075471698,587.0,18.216666666666665
461,sarsa,0.2,0.95,0.03,0.992,0.03,318.87136399999997,0.7861136999068034,459.0,16.658333333333335
462,sarsa,0.2,0.95,0.03,0.992,0.03,516.0395640000004,0.7916839916839917,501.0,17.858333333333334
463,sarsa,0.2,0.95,0.03,0.992,0.03,231.7577600000002,0.7153787299158378,744.0,13.833333333333334
464,sarsa,0.2,0.95,0.03,0.992,0.03,266.98622400000016,0.7306791569086651,690.0,15.7
465,sarsa,0.2,0.95,0.03,0.992,0.03,42.278160000000106,0.6708602516150969,968.0,13.833333333333334
466,sarsa,0.2,0.95,0.03,0.992,0.03,165.62228800000003,0.694633730834753,717.0,17.566666666666666
467,sarsa,0.2,0.95,0.03,0.992,0.03,-31.136611999999957,0.6370786516853932,969.0,11.108333333333333
468,sarsa,0.2,0.95,0.03,0.992,0.03,606.5864040000004,0.8097759674134419,467.0,17.825
469,sarsa,0.2,0.95,0.03,0.992,0.03,465.48193600000013,0.7894273127753304,478.0,23.133333333333333
470,sarsa,0.2,0.95,0.03,0.992,0.03,-79.7012319999998,0.6462480857580398,924.0,13.233333333333333
471,sarsa,0.2,0.95,0.03,0.992,0.03,380.0785879999998,0.7766771724448447,496.0,17.775
472,sarsa,0.2,0.95,0.03,0.992,0.03,360.4707920000002,0.745334370139969,655.0,21.85
473,sarsa,0.2,0.95,0.03,0.992,0.03,178.41236800000019,0.7145091904575674,730.0,16.566666666666666
474,sarsa,0.2,0.95,0.03,0.992,0.03,272.22395200000017,0.7392363931762794,642.0,17.766666666666666
475,sarsa,0.2,0.95,0.03,0.992,0.03,590.6859880000002,0.8379133674895203,348.0,24.858333333333334
476,sarsa,0.2,0.95,0.03,0.992,0.03,497.57364800000016,0.8060035842293907,433.0,21.4
477,sarsa,0.2,0.95,0.03,0.992,0.03,428.1313080000004,0.7622406639004149,573.0,20.441666666666666
478,sarsa,0.2,0.95,0.03,0.992,0.03,421.5226600000002,0.7704280155642024,531.0,15.291666666666666
479,sarsa,0.2,0.95,0.03,0.992,0.03,286.272836,0.7613132209405501,538.0,17.925
480,sarsa,0.2,0.95,0.03,0.992,0.03,557.3258800000003,0.8461883408071749,343.0,21.083333333333332
481,sarsa,0.2,0.95,0.03,0.992,0.03,489.82717600000007,0.799061767005473,514.0,20.55
482,sarsa,0.2,0.95,0.03,0.992,0.03,260.729564,0.7271983640081799,667.0,16.241666666666667
483,sarsa,0.2,0.95,0.03,0.992,0.03,366.70858000000027,0.7413010590015129,684.0,18.791666666666668
484,sarsa,0.2,0.95,0.03,0.992,0.03,347.8555280000002,0.7446226046147829,653.0,16.65
485,sarsa,0.2,0.95,0.03,0.992,0.03,81.3430400000003,0.6671373102717967,943.0,14.5
486,sarsa,0.2,0.95,0.03,0.992,0.03,195.58382399999996,0.684304932735426,1056.0,14.033333333333333
487,sarsa,0.2,0.95,0.03,0.992,0.03,18.12513200000009,0.6572700296735905,924.0,16.141666666666666
488,sarsa,0.2,0.95,0.03,0.992,0.03,-38.27351199999977,0.6276626787277502,1276.0,17.15
489,sarsa,0.2,0.95,0.03,0.992,0.03,183.68894,0.6988339364696421,749.0,14.708333333333334
490,sarsa,0.2,0.95,0.03,0.992,0.03,147.14194400000005,0.6895575221238938,877.0,17.116666666666667
491,sarsa,0.2,0.95,0.03,0.992,0.03,226.1238840000001,0.7094594594594594,688.0,18.075
492,sarsa,0.2,0.95,0.03,0.992,0.03,70.30805200000017,0.6624605678233438,963.0,14.225
493,sarsa,0.2,0.95,0.03,0.992,0.03,238.38208400000008,0.7163070392642377,802.0,15.158333333333333
494,sarsa,0.2,0.95,0.03,0.992,0.03,378.3433559999999,0.7795484727755644,498.0,17.675
495,sarsa,0.2,0.95,0.03,0.992,0.03,420.6128440000001,0.7550321199143469,572.0,18.575
496,sarsa,0.2,0.95,0.03,0.992,0.03,457.9575520000002,0.7726209048361935,583.0,16.1
497,sarsa,0.2,0.95,0.03,0.992,0.03,49.79077200000019,0.6613036303630363,821.0,14.391666666666667
498,sarsa,0.2,0.95,0.03,0.992,0.03,269.28954,0.738126941855304,590.0,14.291666666666666
499,sarsa,0.2,0.95,0.03,0.992,0.03,-124.04257599999993,0.630280217482225,884.0,10.7
500,sarsa,0.2,0.95,0.03,0.992,0.03,288.0069880000002,0.7528709232889297,538.0,13.608333333333333
501,sarsa,0.2,0.95,0.03,0.992,0.03,167.77714799999998,0.700583819849875,718.0,12.441666666666666
502,sarsa,0.2,0.95,0.03,0.992,0.03,186.95412000000027,0.7080205452390359,739.0,14.75
503,sarsa,0.2,0.95,0.03,0.992,0.03,180.3606120000001,0.7140468227424749,684.0,13.058333333333334
504,sarsa,0.2,0.95,0.03,0.992,0.03,277.428532,0.7224742268041238,673.0,14.058333333333334
505,sarsa,0.2,0.95,0.03,0.992,0.03,21.99696400000005,0.6509408235614944,1280.0,13.325
506,sarsa,0.2,0.95,0.03,0.992,0.03,83.15015200000009,0.6856492027334852,690.0,15.683333333333334
507,sarsa,0.2,0.95,0.03,0.992,0.03,213.79554000000013,0.7130144605116796,774.0,12.625
508,sarsa,0.2,0.95,0.03,0.992,0.03,44.342431999999995,0.6700942587832048,770.0,15.1
509,sarsa,0.2,0.95,0.03,0.992,0.03,-375.71526799999947,0.5720793140407289,1597.0,9.475
510,sarsa,0.2,0.95,0.03,0.992,0.03,365.44898400000017,0.7502191060473269,570.0,24.283333333333335
511,sarsa,0.2,0.95,0.03,0.992,0.03,347.6788200000003,0.7337584695097649,668.0,14.958333333333334
512,sarsa,0.2,0.95,0.03,0.992,0.03,276.8246120000001,0.7129666800481734,715.0,18.891666666666666
513,sarsa,0.2,0.95,0.03,0.992,0.03,120.40513600000003,0.703757225433526,615.0,13.966666666666667
514,sarsa,0.2,0.95,0.03,0.992,0.03,379.7285119999999,0.7730263157894737,483.0,13.266666666666667
515,sarsa,0.2,0.95,0.03,0.992,0.03,348.3728640000001,0.7441679626749611,658.0,16.033333333333335
516,sarsa,0.2,0.95,0.03,0.992,0.03,418.663744,0.7661126874746655,577.0,17.533333333333335
517,sarsa,0.2,0.95,0.03,0.992,0.03,178.73014000000012,0.6920821114369502,735.0,13.875
518,sarsa,0.2,0.95,0.03,0.992,0.03,-74.28144399999994,0.6173657100809419,1040.0,10.175
519,sarsa,0.2,0.95,0.03,0.992,0.03,-12.095899999999979,0.6332032635686413,1034.0,8.958333333333334
520,sarsa,0.2,0.95,0.03,0.992,0.03,372.3408560000001,0.755056179775281,545.0,17.8
521,sarsa,0.2,0.95,0.03,0.992,0.03,-81.10475999999977,0.6287809349220899,1215.0,11.583333333333334
522,sarsa,0.2,0.95,0.03,0.992,0.03,118.71472000000007,0.6786703601108033,812.0,13.5
523,sarsa,0.2,0.95,0.03,0.992,0.03,98.47926000000004,0.6824769433465085,723.0,11.541666666666666
524,sarsa,0.2,0.95,0.03,0.992,0.03,-232.10801199999992,0.5831873905429071,1190.0,9.858333333333333
525,sarsa,0.2,0.95,0.03,0.992,0.03,-9.794131999999902,0.6665217391304348,767.0,16.691666666666666
526,sarsa,0.2,0.95,0.03,0.992,0.03,276.1921320000001,0.7194127243066885,688.0,14.891666666666667
527,sarsa,0.2,0.95,0.03,0.992,0.03,-66.47339599999991,0.6414616497829233,991.0,13.241666666666667
528,sarsa,0.2,0.95,0.03,0.992,0.03,359.1704640000001,0.7572278911564626,571.0,17.7
529,sarsa,0.2,0.95,0.03,0.992,0.03,144.14391200000006,0.6777016742770168,847.0,17.016666666666666
530,sarsa,0.2,0.95,0.03,0.992,0.03,55.90369600000003,0.6610356224752112,923.0,12.8
531,sarsa,0.2,0.95,0.03,0.992,0.03,211.08744800000017,0.6995359628770301,777.0,13.483333333333333
532,sarsa,0.2,0.95,0.03,0.992,0.03,383.1971360000001,0.7734307824591573,527.0,15.633333333333333
533,sarsa,0.2,0.95,0.03,0.992,0.03,320.29172400000004,0.7441117764471058,641.0,13.408333333333333
534,sarsa,0.2,0.95,0.03,0.992,0.03,307.22102800000016,0.7203418803418803,818.0,13.525
535,sarsa,0.2,0.95,0.03,0.992,0.03,496.83629200000007,0.7833200319233838,543.0,17.058333333333334
536,sarsa,0.2,0.95,0.03,0.992,0.03,130.58457600000006,0.7004848936963819,803.0,15.966666666666667
537,sarsa,0.2,0.95,0.03,0.992,0.03,344.8281800000002,0.7453580901856764,672.0,16.291666666666668
538,sarsa,0.2,0.95,0.03,0.992,0.03,180.6164440000001,0.7096370463078848,696.0,11.908333333333333
539,sarsa,0.2,0.95,0.03,0.992,0.03,278.3029080000001,0.7549307595467898,584.0,14.608333333333333
540,sarsa,0.2,0.95,0.03,0.992,0.03,321.7684120000001,0.7637759710930443,523.0,19.791666666666668
541,sarsa,0.2,0.95,0.03,0.992,0.03,398.035776,0.7702888583218707,501.0,18.466666666666665
542,sarsa,0.2,0.95,0.03,0.992,0.03,-254.19709200000005,0.5985130111524164,1188.0,9.608333333333333
543,sarsa,0.2,0.95,0.03,0.992,0.03,286.04816400000016,0.705860939206407,808.0,14.991666666666667
544,sarsa,0.2,0.95,0.03,0.992,0.03,143.68934000000013,0.6844305120167189,604.0,10.541666666666666
545,sarsa,0.2,0.95,0.03,0.992,0.03,89.97397600000014,0.6821493624772313,698.0,15.55
546,sarsa,0.2,0.95,0.03,0.992,0.03,193.1846640000003,0.6977195536147501,623.0,10.616666666666667
547,sarsa,0.2,0.95,0.03,0.992,0.03,8.171772000000146,0.6611764705882353,720.0,11.475
548,sarsa,0.2,0.95,0.03,0.992,0.03,158.98058800000015,0.7046710195881467,588.0,14.441666666666666
549,sarsa,0.2,0.95,0.03,0.992,0.03,-111.11163599999998,0.6330532212885154,917.0,11.241666666666667
550,sarsa,0.2,0.95,0.03,0.992,0.03,207.39102000000014,0.7037985488689714,694.0,15.375
551,sarsa,0.2,0.95,0.03,0.992,0.03,-201.40788399999988,0.5872681281618887,979.0,10.258333333333333
552,sarsa,0.2,0.95,0.03,0.992,0.03,151.25162400000013,0.7080161218092252,652.0,12.783333333333333
553,sarsa,0.2,0.95,0.03,0.992,0.03,199.9958880000001,0.7093980077955825,671.0,20.05
554,sarsa,0.2,0.95,0.03,0.992,0.03,152.07580000000004,0.7,636.0,21.233333333333334
555,sarsa,0.2,0.95,0.03,0.992,0.03,113.08702000000002,0.6907698851552531,727.0,20.375
556,sarsa,0.2,0.95,0.03,0.992,0.03,101.02395599999997,0.6768211920529801,732.0,13.925
557,sarsa,0.2,0.95,0.03,0.992,0.03,-414.6803839999997,0.5744924220760652,1488.0,12.133333333333333
558,sarsa,0.2,0.95,0.03,0.992,0.03,-391.0516159999999,0.5727061941040079,1290.0,8.7
559,sarsa,0.2,0.95,0.03,0.992,0.03,-15.676127999999856,0.647507858105074,785.0,11.266666666666667
560,sarsa,0.2,0.95,0.03,0.992,0.03,-174.0461559999999,0.6092150170648464,916.0,13.158333333333333
561,sarsa,0.2,0.95,0.03,0.992,0.03,214.61322800000016,0.7014440433212996,827.0,13.941666666666666
562,sarsa,0.2,0.95,0.03,0.992,0.03,213.09164400000014,0.6730769230769231,1054.0,11.908333333333333
563,sarsa,0.2,0.95,0.03,0.992,0.03,221.2140960000002,0.7144019528071603,702.0,17.8
564,sarsa,0.2,0.95,0.03,0.992,0.03,26.71555200000009,0.6577150659990897,752.0,13.6
565,sarsa,0.2,0.95,0.03,0.992,0.03,9.930344000000058,0.6518095238095238,914.0,13.783333333333333
566,sarsa,0.2,0.95,0.03,0.992,0.03,19.916344000000105,0.6604914933837429,898.0,13.783333333333333
567,sarsa,0.2,0.95,0.03,0.992,0.03,483.03951199999995,0.8157763354967549,369.0,16.183333333333334
568,sarsa,0.2,0.95,0.03,0.992,0.03,132.66681200000014,0.6690028671551449,1039.0,11.808333333333334
569,sarsa,0.2,0.95,0.03,0.992,0.03,-453.9869679999997,0.5635921256359212,1973.0,6.35
570,sarsa,0.2,0.95,0.03,0.992,0.03,-144.24591999999996,0.6145760336370008,1100.0,12.333333333333334
571,sarsa,0.2,0.95,0.03,0.992,0.03,269.70280400000024,0.7364990689013036,566.0,12.825
572,sarsa,0.2,0.95,0.03,0.992,0.03,-53.47061999999989,0.6475,846.0,11.291666666666666
573,sarsa,0.2,0.95,0.03,0.992,0.03,124.05233200000018,0.684727129956812,803.0,11.141666666666667
574,sarsa,0.2,0.95,0.03,0.992,0.03,194.9518000000002,0.7013435700575815,778.0,15.416666666666666
575,sarsa,0.2,0.95,0.03,0.992,0.03,362.4816159999999,0.7492407809110629,578.0,12.966666666666667
576,sarsa,0.2,0.95,0.03,0.992,0.03,267.8050560000003,0.7466042154566744,541.0,14.133333333333333
577,sarsa,0.2,0.95,0.03,0.992,0.03,216.6664320000001,0.6874409820585458,993.0,12.6
578,sarsa,0.2,0.95,0.03,0.992,0.03,479.4764760000002,0.7954648526077097,451.0,22.841666666666665
579,sarsa,0.2,0.95,0.03,0.992,0.03,-32.00225999999991,0.6598837209302325,819.0,12.208333333333334
580,sarsa,0.2,0.95,0.03,0.992,0.03,326.8324560000001,0.742808072133963,599.0,15.383333333333333
581,sarsa,0.2,0.95,0.03,0.992,0.03,171.78963200000007,0.7121146330872775,663.0,17.6
582,sarsa,0.2,0.95,0.03,0.992,0.03,390.2578240000001,0.7686159023979806,550.0,16.533333333333335
583,sarsa,0.2,0.95,0.03,0.992,0.03,-187.3426839999999,0.6176786673831274,1423.0,9.425
584,sarsa,0.2,0.95,0.03,0.992,0.03,507.72930399999996,0.7731921110299489,621.0,15.95
585,sarsa,0.2,0.95,0.03,0.992,0.03,647.3387440000004,0.8429473684210527,373.0,18.783333333333335
586,sarsa,0.2,0.95,0.03,0.992,0.03,273.6265960000003,0.756,549.0,20.925
587,sarsa,0.2,0.95,0.03,0.992,0.03,257.03111200000006,0.7206335239771228,635.0,13.683333333333334
588,sarsa,0.2,0.95,0.03,0.992,0.03,276.0724120000002,0.7306155075939249,674.0,16.808333333333334
589,sarsa,0.2,0.95,0.03,0.992,0.03,282.41800800000016,0.7217175887696119,674.0,15.65
590,sarsa,0.2,0.95,0.03,0.992,0.03,-25.212759999999975,0.631680618158403,1144.0,14.916666666666666
591,sarsa,0.2,0.95,0.03,0.992,0.03,290.2096400000001,0.7477436823104693,559.0,17.416666666666668
592,sarsa,0.2,0.95,0.03,0.992,0.03,70.9303480000001,0.6632508833922262,953.0,14.108333333333333
593,sarsa,0.2,0.95,0.03,0.992,0.03,417.366712,0.7660790852787042,491.0,14.516666666666667
594,sarsa,0.2,0.95,0.03,0.992,0.03,407.9714800000001,0.7613117476131175,575.0,16.083333333333332
595,sarsa,0.2,0.95,0.03,0.992,0.03,445.28204000000005,0.7815875998121183,465.0,14.916666666666666
596,sarsa,0.2,0.95,0.03,0.992,0.03,5.78260400000012,0.6591150442477877,963.0,11.575
597,sarsa,0.2,0.95,0.03,0.992,0.03,105.7230920000001,0.6638166894664843,983.0,13.725
598,sarsa,0.2,0.95,0.03,0.992,0.03,200.63938400000012,0.7078968573730863,725.0,12.45
599,sarsa,0.2,0.95,0.03,0.992,0.03,471.21009200000026,0.7609034267912772,614.0,17.475
600,sarsa,0.2,0.95,0.03,0.992,0.03,186.0820400000001,0.6864349011588275,920.0,17.416666666666668
601,sarsa,0.2,0.95,0.03,0.992,0.03,363.8757239999999,0.7558035714285715,547.0,16.741666666666667
602,sarsa,0.2,0.95,0.03,0.992,0.03,310.69966800000003,0.7273456295108259,680.0,16.358333333333334
603,sarsa,0.2,0.95,0.03,0.992,0.03,334.55413599999997,0.7572135201978566,589.0,17.716666666666665
604,sarsa,0.2,0.95,0.03,0.992,0.03,527.2210999999999,0.803475935828877,441.0,19.375
605,sarsa,0.2,0.95,0.03,0.992,0.03,374.074068,0.7595044852627082,563.0,16.358333333333334
606,sarsa,0.2,0.95,0.03,0.992,0.03,442.6658800000002,0.7767527675276753,484.0,20.466666666666665
607,sarsa,0.2,0.95,0.03,0.992,0.03,175.31229200000007,0.7005775211017325,674.0,12.058333333333334
608,sarsa,0.2,0.95,0.03,0.992,0.03,412.75620799999996,0.7641589180050719,558.0,13.566666666666666
609,sarsa,0.2,0.95,0.03,0.992,0.03,251.17367999999988,0.7276102088167054,587.0,15.666666666666666
610,sarsa,0.2,0.95,0.03,0.992,0.03,185.3929200000001,0.6956339210747271,725.0,10.583333333333334
611,sarsa,0.2,0.95,0.03,0.992,0.03,143.92768,0.6910268270120259,668.0,14.833333333333334
612,sarsa,0.2,0.95,0.03,0.992,0.03,84.19220000000007,0.6697530864197531,749.0,12.916666666666666
613,sarsa,0.2,0.95,0.03,0.992,0.03,132.95529600000003,0.6772445820433437,834.0,12.8
614,sarsa,0.2,0.95,0.03,0.992,0.03,-32.300563999999966,0.6477551020408163,863.0,13.341666666666667
615,sarsa,0.2,0.95,0.03,0.992,0.03,223.4417720000001,0.7142290923503766,721.0,15.641666666666667
616,sarsa,0.2,0.95,0.03,0.992,0.03,409.0213120000002,0.757684630738523,607.0,17.433333333333334
617,sarsa,0.2,0.95,0.03,0.992,0.03,318.4015160000004,0.7152777777777778,861.0,11.508333333333333
618,sarsa,0.2,0.95,0.03,0.992,0.03,254.66527200000021,0.7197477335435554,711.0,12.516666666666667
619,sarsa,0.2,0.95,0.03,0.992,0.03,-153.6187719999999,0.6145610278372591,1260.0,7.275
620,sarsa,0.2,0.95,0.03,0.992,0.03,74.6486840000002,0.6690972222222222,953.0,12.241666666666667
621,sarsa,0.2,0.95,0.03,0.992,0.03,270.60256,0.7316129032258064,624.0,18.833333333333332
622,sarsa,0.2,0.95,0.03,0.992,0.03,24.749240000000054,0.6569940476190477,922.0,15.75
623,sarsa,0.2,0.95,0.03,0.992,0.03,401.260264,0.7482828282828283,623.0,17.283333333333335
624,sarsa,0.2,0.95,0.03,0.992,0.03,415.1274640000003,0.7453686887032328,701.0,16.45
625,sarsa,0.2,0.95,0.03,0.992,0.03,274.65674799999994,0.7387273493468184,620.0,18.275
626,sarsa,0.2,0.95,0.03,0.992,0.03,381.8239640000001,0.7490879610863397,619.0,17.075
627,sarsa,0.2,0.95,0.03,0.992,0.03,372.75632400000006,0.7622252131000449,530.0,15.491666666666667
628,sarsa,0.2,0.95,0.03,0.992,0.03,205.35261600000004,0.7047054464616525,797.0,11.716666666666667
629,sarsa,0.2,0.95,0.03,0.992,0.03,236.2425479999999,0.7141722905915046,720.0,16.191666666666666
630,sarsa,0.2,0.95,0.03,0.992,0.03,499.8143799999999,0.8208516886930984,366.0,15.875
631,sarsa,0.2,0.95,0.03,0.992,0.03,607.3728679999998,0.8222320247022497,403.0,18.025
632,sarsa,0.2,0.95,0.03,0.992,0.03,695.0640920000004,0.8627362736273627,305.0,20.808333333333334
633,sarsa,0.2,0.95,0.03,0.992,0.03,173.48617200000012,0.6895424836601307,855.0,11.475
634,sarsa,0.2,0.95,0.03,0.992,0.03,353.63537599999995,0.75355871886121,554.0,13.466666666666667
635,sarsa,0.2,0.95,0.03,0.992,0.03,271.5346240000001,0.7352452202826267,637.0,17.366666666666667
636,sarsa,0.2,0.95,0.03,0.992,0.03,535.0419479999999,0.812235294117647,399.0,15.775
637,sarsa,0.2,0.95,0.03,0.992,0.03,355.5654319999999,0.7531827515400411,601.0,16.35
638,sarsa,0.2,0.95,0.03,0.992,0.03,491.63326400000034,0.7997438087105039,469.0,17.7
639,sarsa,0.2,0.95,0.03,0.992,0.03,579.771672,0.7620481927710844,711.0,18.35
640,sarsa,0.2,0.95,0.03,0.992,0.03,151.41633200000018,0.6880861410211879,898.0,10.308333333333334
641,sarsa,0.2,0.95,0.03,0.992,0.03,260.6607680000001,0.726934215970211,660.0,15.733333333333333
642,sarsa,0.2,0.95,0.03,0.992,0.03,398.02082399999983,0.7592367032074706,593.0,13.616666666666667
643,sarsa,0.2,0.95,0.03,0.992,0.03,449.93666799999994,0.7526585269791256,628.0,14.275
644,sarsa,0.2,0.95,0.03,0.992,0.03,333.8816680000002,0.7272061515928231,745.0,13.858333333333333
645,sarsa,0.2,0.95,0.03,0.992,0.03,383.99262400000003,0.7550931946250542,565.0,16.533333333333335
646,sarsa,0.2,0.95,0.03,0.992,0.03,543.9395040000002,0.8076923076923077,450.0,18.033333333333335
647,sarsa,0.2,0.95,0.03,0.992,0.03,491.9398680000001,0.8121628249141736,383.0,20.841666666666665
648,sarsa,0.2,0.95,0.03,0.992,0.03,552.908712,0.8159509202453987,390.0,16.183333333333334
649,sarsa,0.2,0.95,0.03,0.992,0.03,361.2238480000001,0.7545871559633027,535.0,18.483333333333334
650,sarsa,0.2,0.95,0.03,0.992,0.03,375.4131920000001,0.7504215851602024,592.0,16.85
651,sarsa,0.2,0.95,0.03,0.992,0.03,336.8721080000002,0.7403885903265812,628.0,16.275
652,sarsa,0.2,0.95,0.03,0.992,0.03,447.56956399999996,0.759126700071582,673.0,15.408333333333333
653,sarsa,0.2,0.95,0.03,0.992,0.03,357.92699200000004,0.7576837416481069,544.0,16.433333333333334
654,sarsa,0.2,0.95,0.03,0.992,0.03,200.059596,0.6985973315087239,881.0,10.508333333333333
655,sarsa,0.2,0.95,0.03,0.992,0.03,197.3682240000001,0.7012844036697248,814.0,17.366666666666667
656,sarsa,0.2,0.95,0.03,0.992,0.03,396.923988,0.7645211930926217,600.0,18.191666666666666
657,sarsa,0.2,0.95,0.03,0.992,0.03,138.11596400000008,0.6643792888334373,1076.0,12.075
658,sarsa,0.2,0.95,0.03,0.992,0.03,338.0544360000001,0.7528187337380746,570.0,18.758333333333333
659,sarsa,0.2,0.95,0.03,0.992,0.03,355.65355999999986,0.7393422655298416,642.0,15.083333333333334
660,sarsa,0.2,0.95,0.03,0.992,0.03,231.02456800000004,0.6950704225352112,866.0,13.65
661,sarsa,0.2,0.95,0.03,0.992,0.03,285.829224,0.7110552763819096,805.0,16.116666666666667
662,sarsa,0.2,0.95,0.03,0.992,0.03,410.17551600000013,0.7704918032786885,560.0,17.341666666666665
663,sarsa,0.2,0.95,0.03,0.992,0.03,356.2994880000002,0.7480604328297265,617.0,17.566666666666666
664,sarsa,0.2,0.95,0.03,0.992,0.03,203.29233600000003,0.7004249291784702,846.0,16.466666666666665
665,sarsa,0.2,0.95,0.03,0.992,0.03,424.97593600000005,0.7461752433936022,730.0,14.8
666,sarsa,0.2,0.95,0.03,0.992,0.03,391.173016,0.7340585146286571,709.0,11.716666666666667
667,sarsa,0.2,0.95,0.03,0.992,0.03,541.7432959999999,0.8167420814479638,405.0,16.966666666666665
668,sarsa,0.2,0.95,0.03,0.992,0.03,186.93046800000008,0.6990998714102015,702.0,14.691666666666666
669,sarsa,0.2,0.95,0.03,0.992,0.03,347.7024440000001,0.7475461327051433,643.0,16.075
670,sarsa,0.2,0.95,0.03,0.992,0.03,606.985548,0.8451162790697675,333.0,14.941666666666666
671,sarsa,0.2,0.95,0.03,0.992,0.03,325.20524,0.7334953422438234,658.0,15.75
672,sarsa,0.2,0.95,0.03,0.992,0.03,191.71809200000024,0.7104309303262183,719.0,15.808333333333334
673,sarsa,0.2,0.95,0.03,0.992,0.03,331.8707480000001,0.728978978978979,722.0,14.941666666666666
674,sarsa,0.2,0.95,0.03,0.992,0.03,288.88220800000005,0.7161753590325018,751.0,11.9
675,sarsa,0.2,0.95,0.03,0.992,0.03,319.9311200000001,0.7644466209598433,481.0,18.5
676,sarsa,0.2,0.95,0.03,0.992,0.03,303.70962400000013,0.7307098765432098,698.0,18.616666666666667
677,sarsa,0.2,0.95,0.03,0.992,0.03,386.2836559999999,0.7783959202596198,478.0,17.883333333333333
678,sarsa,0.2,0.95,0.03,0.992,0.03,402.493344,0.7621621621621621,572.0,15.033333333333333
679,sarsa,0.2,0.95,0.03,0.992,0.03,352.00974799999966,0.7770842621489077,500.0,15.358333333333333
680,sarsa,0.2,0.95,0.03,0.992,0.03,270.3164440000002,0.7304241435562806,661.0,20.241666666666667
681,sarsa,0.2,0.95,0.03,0.992,0.03,370.5432040000003,0.7782526115859449,467.0,16.158333333333335
682,sarsa,0.2,0.95,0.03,0.992,0.03,110.82834000000005,0.6888960828747167,961.0,15.958333333333334
683,sarsa,0.2,0.95,0.03,0.992,0.03,402.648148,0.7169049098819142,911.0,12.025
684,sarsa,0.2,0.95,0.03,0.992,0.03,542.92392,0.762423417290674,698.0,20.166666666666668
685,sarsa,0.2,0.95,0.03,0.992,0.03,211.53013200000012,0.707618667730355,733.0,18.225
686,sarsa,0.2,0.95,0.03,0.992,0.03,531.6049480000003,0.8143041792330892,431.0,21.191666666666666
687,sarsa,0.2,0.95,0.03,0.992,0.03,393.103696,0.7681837515950659,545.0,16.966666666666665
688,sarsa,0.2,0.95,0.03,0.992,0.03,444.93107999999984,0.8024062933826932,427.0,17.75
689,sarsa,0.2,0.95,0.03,0.992,0.03,513.4367160000003,0.7875924404272802,517.0,14.841666666666667
690,sarsa,0.2,0.95,0.03,0.992,0.03,274.7813800000001,0.725287356321839,717.0,17.125
691,sarsa,0.2,0.95,0.03,0.992,0.03,388.15230800000006,0.7703804347826086,507.0,15.858333333333333
692,sarsa,0.2,0.95,0.03,0.992,0.03,48.49677200000002,0.6470781352593565,1075.0,11.058333333333334
693,sarsa,0.2,0.95,0.03,0.992,0.03,306.1495600000001,0.7417631344612645,580.0,19.25
694,sarsa,0.2,0.95,0.03,0.992,0.03,161.475988,0.6936152570480929,739.0,19.858333333333334
695,sarsa,0.2,0.95,0.03,0.992,0.03,231.656104,0.7096640398175031,700.0,15.95
696,sarsa,0.2,0.95,0.03,0.992,0.03,-364.43357599999973,0.5778575372722253,1529.0,11.116666666666667
697,sarsa,0.2,0.95,0.03,0.992,0.03,300.450432,0.7427007299270073,564.0,15.933333333333334
698,sarsa,0.2,0.95,0.03,0.992,0.03,535.0556480000001,0.7623436471362739,722.0,16.4
699,sarsa,0.2,0.95,0.03,0.992,0.03,395.718352,0.7500977708251858,639.0,15.266666666666667
700,sarsa,0.2,0.95,0.03,0.992,0.03,173.777384,0.7099303135888502,666.0,10.783333333333333
701,sarsa,0.2,0.95,0.03,0.992,0.03,328.1057200000002,0.76775956284153,510.0,21.416666666666668
702,sarsa,0.2,0.95,0.03,0.992,0.03,207.17385599999994,0.7006861063464837,698.0,11.633333333333333
703,sarsa,0.2,0.95,0.03,0.992,0.03,162.99206800000007,0.6925465838509317,693.0,12.191666666666666
704,sarsa,0.2,0.95,0.03,0.992,0.03,489.13911200000035,0.742613463295766,845.0,16.183333333333334
705,sarsa,0.2,0.95,0.03,0.992,0.03,216.17820800000013,0.7210031347962382,623.0,17.733333333333334
706,sarsa,0.2,0.95,0.03,0.992,0.03,32.85312400000013,0.6643688065489013,779.0,12.991666666666667
707,sarsa,0.2,0.95,0.03,0.992,0.03,388.96576399999987,0.7432835820895523,602.0,16.658333333333335
708,sarsa,0.2,0.95,0.03,0.992,0.03,202.79126400000007,0.6914460285132383,909.0,11.866666666666667
709,sarsa,0.2,0.95,0.03,0.992,0.03,380.65360000000004,0.7408048463868455,599.0,14.166666666666666
710,sarsa,0.2,0.95,0.03,0.992,0.03,158.98183600000016,0.672289156626506,952.0,12.508333333333333
711,sarsa,0.2,0.95,0.03,0.992,0.03,247.40905600000005,0.7091277890466532,717.0,14.133333333333333
712,sarsa,0.2,0.95,0.03,0.992,0.03,-85.18318400000011,0.6344765342960289,1215.0,11.3
713,sarsa,0.2,0.95,0.03,0.992,0.03,268.046484,0.737378640776699,541.0,13.491666666666667
714,sarsa,0.2,0.95,0.03,0.992,0.03,358.7915320000002,0.7491289198606271,504.0,11.975
715,sarsa,0.2,0.95,0.03,0.992,0.03,372.43585200000007,0.7482931269913519,553.0,14.641666666666667
716,sarsa,0.2,0.95,0.03,0.992,0.03,537.4502319999999,0.7962368058742543,444.0,15.516666666666667
717,sarsa,0.2,0.95,0.03,0.992,0.03,310.25872800000013,0.7387083157450401,619.0,18.316666666666666
718,sarsa,0.2,0.95,0.03,0.992,0.03,398.89746400000024,0.7709393799167052,495.0,19.783333333333335
719,sarsa,0.2,0.95,0.03,0.992,0.03,362.8450959999999,0.7393637408968954,680.0,12.383333333333333
720,sarsa,0.2,0.95,0.03,0.992,0.03,167.411764,0.6971020246129417,763.0,17.491666666666667
721,sarsa,0.2,0.95,0.03,0.992,0.03,526.971992,0.8220250521920668,341.0,20.183333333333334
722,sarsa,0.2,0.95,0.03,0.992,0.03,490.6383400000002,0.7899686520376176,536.0,18.458333333333332
723,sarsa,0.2,0.95,0.03,0.992,0.03,471.0968320000001,0.7987804878048781,462.0,19.266666666666666
724,sarsa,0.2,0.95,0.03,0.992,0.03,529.0494600000001,0.803812180381218,422.0,18.625
725,sarsa,0.2,0.95,0.03,0.992,0.03,241.55997200000007,0.6996280223186608,969.0,11.891666666666667
726,sarsa,0.2,0.95,0.03,0.992,0.03,-36.07303999999999,0.635755258126195,1143.0,10.5
727,sarsa,0.2,0.95,0.03,0.992,0.03,247.564364,0.705439330543933,704.0,14.575
728,sarsa,0.2,0.95,0.03,0.992,0.03,257.0432440000002,0.7255075022065314,622.0,16.075
729,sarsa,0.2,0.95,0.03,0.992,0.03,382.48863200000056,0.7294480895407178,701.0,13.016666666666667
730,sarsa,0.2,0.95,0.03,0.992,0.03,20.19965600000005,0.6534195933456562,750.0,11.216666666666667
731,sarsa,0.2,0.95,0.03,0.992,0.03,289.56566000000004,0.7344604674291397,534.0,15.708333333333334
732,sarsa,0.2,0.95,0.03,0.992,0.03,256.72864799999996,0.7250203086921202,677.0,13.483333333333333
733,sarsa,0.2,0.95,0.03,0.992,0.03,-316.1196639999999,0.6001827735892163,1750.0,6.466666666666667
734,sarsa,0.2,0.95,0.03,0.992,0.03,436.46243999999984,0.7564052029956642,618.0,14.083333333333334
735,sarsa,0.2,0.95,0.03,0.992,0.03,259.00872400000014,0.7389056441189142,606.0,15.491666666666667
736,sarsa,0.2,0.95,0.03,0.992,0.03,238.36512000000022,0.7241379310344828,640.0,11.833333333333334
737,sarsa,0.2,0.95,0.03,0.992,0.03,292.1527200000001,0.7245313773431132,676.0,16.0
738,sarsa,0.2,0.95,0.03,0.992,0.03,303.89207600000003,0.7310891089108911,679.0,16.175
739,sarsa,0.2,0.95,0.03,0.992,0.03,289.5996000000001,0.7430997876857749,605.0,17.5
740,sarsa,0.2,0.95,0.03,0.992,0.03,169.41071600000004,0.6922489499809087,806.0,13.175
741,sarsa,0.2,0.95,0.03,0.992,0.03,206.58040400000013,0.7153641207815276,641.0,16.158333333333335
742,sarsa,0.2,0.95,0.03,0.992,0.03,411.328136,0.7703056768558952,526.0,14.383333333333333
743,sarsa,0.2,0.95,0.03,0.992,0.03,265.16677200000015,0.7093114241001565,743.0,15.225
744,sarsa,0.2,0.95,0.03,0.992,0.03,273.07725200000004,0.7054415118931248,904.0,13.391666666666667
745,sarsa,0.2,0.95,0.03,0.992,0.03,511.13781199999966,0.7743132887899035,608.0,15.558333333333334
746,sarsa,0.2,0.95,0.03,0.992,0.03,31.650324000000165,0.6389521640091116,1268.0,9.658333333333333
747,sarsa,0.2,0.95,0.03,0.992,0.03,499.59019600000016,0.7898489932885906,501.0,17.591666666666665
748,sarsa,0.2,0.95,0.03,0.992,0.03,310.3891,0.7243308030363563,690.0,13.541666666666666
749,sarsa,0.2,0.95,0.03,0.992,0.03,425.12789600000013,0.7539745627980922,619.0,16.55
750,sarsa,0.2,0.95,0.03,0.992,0.03,296.8226960000001,0.7273790951638065,699.0,14.883333333333333
751,sarsa,0.2,0.95,0.03,0.992,0.03,410.19875199999996,0.7404523544679273,700.0,13.6
752,sarsa,0.2,0.95,0.03,0.992,0.03,215.62877600000013,0.6968325791855203,804.0,14.716666666666667
753,sarsa,0.2,0.95,0.03,0.992,0.03,371.4417360000001,0.7678571428571429,533.0,18.55
754,sarsa,0.2,0.95,0.03,0.992,0.03,523.348912,0.7783825816485226,570.0,14.933333333333334
755,sarsa,0.2,0.95,0.03,0.992,0.03,413.63591200000013,0.7638190954773869,611.0,14.516666666666667
756,sarsa,0.2,0.95,0.03,0.992,0.03,315.789768,0.7442474537910223,678.0,15.316666666666666
757,sarsa,0.2,0.95,0.03,0.992,0.03,-12.829619999999887,0.6677177769018526,843.0,15.875
758,sarsa,0.2,0.95,0.03,0.992,0.03,157.02345200000008,0.6942148760330579,740.0,13.808333333333334
759,sarsa,0.2,0.95,0.03,0.992,0.03,394.07517999999993,0.768141592920354,524.0,21.708333333333332
760,sarsa,0.2,0.95,0.03,0.992,0.03,267.14779999999996,0.7315716272600834,579.0,17.916666666666668
761,sarsa,0.2,0.95,0.03,0.992,0.03,337.89103200000017,0.723148765843896,830.0,15.516666666666667
762,sarsa,0.2,0.95,0.03,0.992,0.03,286.5977400000001,0.7243047158403869,684.0,12.208333333333334
763,sarsa,0.2,0.95,0.03,0.992,0.03,331.7564000000001,0.758443779392903,565.0,16.666666666666668
764,sarsa,0.2,0.95,0.03,0.992,0.03,182.24640400000007,0.6991576413959085,750.0,13.658333333333333
765,sarsa,0.2,0.95,0.03,0.992,0.03,179.72482800000006,0.7101005684302579,663.0,15.608333333333333
766,sarsa,0.2,0.95,0.03,0.992,0.03,154.46191200000004,0.6921504497138184,753.0,17.85
767,sarsa,0.2,0.95,0.03,0.992,0.03,391.794812,0.7644351464435146,563.0,18.475
768,sarsa,0.2,0.95,0.03,0.992,0.03,678.5083679999999,0.8117171717171717,466.0,18.233333333333334
769,sarsa,0.2,0.95,0.03,0.992,0.03,332.45922400000006,0.7582575394925802,505.0,19.45
770,sarsa,0.2,0.95,0.03,0.992,0.03,199.92657999999997,0.695583596214511,772.0,13.791666666666666
771,sarsa,0.2,0.95,0.03,0.992,0.03,580.7234520000002,0.8451178451178452,322.0,18.808333333333334
772,sarsa,0.2,0.95,0.03,0.992,0.03,488.28212799999983,0.8072390572390572,458.0,16.233333333333334
773,sarsa,0.2,0.95,0.03,0.992,0.03,381.4796720000001,0.761723700887199,564.0,19.183333333333334
774,sarsa,0.2,0.95,0.03,0.992,0.03,377.2643880000001,0.7270341207349081,832.0,15.691666666666666
775,sarsa,0.2,0.95,0.03,0.992,0.03,109.58565199999997,0.6778447626224566,855.0,14.225
776,sarsa,0.2,0.95,0.03,0.992,0.03,294.09550800000005,0.732470334412082,744.0,13.358333333333333
777,sarsa,0.2,0.95,0.03,0.992,0.03,245.89932799999988,0.7218794494542002,586.0,12.066666666666666
778,sarsa,0.2,0.95,0.03,0.992,0.03,141.29593999999994,0.7051448335495029,682.0,16.408333333333335
779,sarsa,0.2,0.95,0.03,0.992,0.03,302.2896080000002,0.7446898895497026,601.0,19.816666666666666
780,sarsa,0.2,0.95,0.03,0.992,0.03,481.8185559999999,0.7854846118511714,467.0,16.008333333333333
781,sarsa,0.2,0.95,0.03,0.992,0.03,473.62873999999994,0.7723174030658251,505.0,16.791666666666668
782,sarsa,0.2,0.95,0.03,0.992,0.03,418.860908,0.7691622103386809,518.0,16.275
783,sarsa,0.2,0.95,0.03,0.992,0.03,314.89186800000004,0.7002326354270522,902.0,13.441666666666666
784,sarsa,0.2,0.95,0.03,0.992,0.03,157.33680400000003,0.6721431179262505,898.0,11.158333333333333
785,sarsa,0.2,0.95,0.03,0.992,0.03,225.7184960000002,0.6871306631648063,953.0,11.966666666666667
786,sarsa,0.2,0.95,0.03,0.992,0.03,242.1464400000001,0.7032583397982932,765.0,9.916666666666666
787,sarsa,0.2,0.95,0.03,0.992,0.03,382.0911520000002,0.7577768560763168,584.0,17.766666666666666
788,sarsa,0.2,0.95,0.03,0.992,0.03,177.70730800000007,0.6903454956409428,959.0,12.941666666666666
789,sarsa,0.2,0.95,0.03,0.992,0.03,124.30514000000011,0.6876384581302614,705.0,10.958333333333334
790,sarsa,0.2,0.95,0.03,0.992,0.03,306.2249080000001,0.700919238345371,911.0,7.941666666666666
791,sarsa,0.2,0.95,0.03,0.992,0.03,23.11703200000015,0.6672785681505278,725.0,11.35
792,sarsa,0.2,0.95,0.03,0.992,0.03,273.0784280000001,0.7398373983739838,480.0,14.775
793,sarsa,0.2,0.95,0.03,0.992,0.03,6.5701960000000765,0.6509505703422053,918.0,10.925
794,sarsa,0.2,0.95,0.03,0.992,0.03,-98.33535599999996,0.6260869565217392,860.0,13.158333333333333
795,sarsa,0.2,0.95,0.03,0.992,0.03,195.2947000000001,0.6980920314253648,807.0,11.041666666666666
796,sarsa,0.2,0.95,0.03,0.992,0.03,149.797232,0.6967289719626168,649.0,13.433333333333334
797,sarsa,0.2,0.95,0.03,0.992,0.03,57.449816000000105,0.6692982456140351,754.0,10.883333333333333
798,sarsa,0.2,0.95,0.03,0.992,0.03,-5.406483999999892,0.6407322654462243,785.0,9.008333333333333
799,sarsa,0.2,0.95,0.03,0.992,0.03,235.34158000000016,0.7043512043512044,761.0,10.875
800,sarsa,0.2,0.95,0.03,0.992,0.03,185.4519560000002,0.6761310452418097,1038.0,12.258333333333333
801,sarsa,0.2,0.95,0.03,0.992,0.03,-7.200583999999978,0.6375404530744336,784.0,7.55
802,sarsa,0.2,0.95,0.03,0.992,0.03,268.33492800000016,0.7221214868540344,613.0,17.9
803,sarsa,0.2,0.95,0.03,0.992,0.03,269.02908,0.7116244411326379,774.0,11.083333333333334
804,sarsa,0.2,0.95,0.03,0.992,0.03,131.25389199999992,0.6928857715430862,613.0,13.725
805,sarsa,0.2,0.95,0.03,0.992,0.03,123.15424800000005,0.6702974444909929,787.0,10.983333333333333
806,sarsa,0.2,0.95,0.03,0.992,0.03,91.26349200000008,0.6759388038942976,699.0,16.225
807,sarsa,0.2,0.95,0.03,0.992,0.03,-74.73591999999985,0.6372480889506602,1044.0,9.833333333333334
808,sarsa,0.2,0.95,0.03,0.992,0.03,145.07495600000004,0.6890243902439024,765.0,14.341666666666667
809,sarsa,0.2,0.95,0.03,0.992,0.03,-94.05131999999993,0.6275425141713905,1117.0,14.416666666666666
810,sarsa,0.2,0.95,0.03,0.992,0.03,226.1183440000001,0.7388026607538802,589.0,18.783333333333335
811,sarsa,0.2,0.95,0.03,0.992,0.03,350.3287080000001,0.7424593967517401,666.0,16.691666666666666
812,sarsa,0.2,0.95,0.03,0.992,0.03,558.2594480000004,0.7994350282485876,497.0,15.983333333333333
813,sarsa,0.2,0.95,0.03,0.992,0.03,629.95786,0.8384925975773889,360.0,21.125
814,sarsa,0.2,0.95,0.03,0.992,0.03,503.0956399999999,0.7815397017331721,542.0,14.916666666666666
815,sarsa,0.2,0.95,0.03,0.992,0.03,572.425132,0.8047151277013752,497.0,15.308333333333334
816,sarsa,0.2,0.95,0.03,0.992,0.03,726.6417240000001,0.8692779613025012,277.0,18.408333333333335
817,sarsa,0.2,0.95,0.03,0.992,0.03,638.3068280000003,0.8563078421821725,295.0,19.775
818,sarsa,0.2,0.95,0.03,0.992,0.03,881.0550640000008,0.8742880390561432,309.0,18.116666666666667
819,sarsa,0.2,0.95,0.03,0.992,0.03,627.3638880000002,0.7851384507535927,613.0,15.066666666666666
820,sarsa,0.2,0.95,0.03,0.992,0.03,512.3607760000002,0.7647702407002188,645.0,14.716666666666667
821,sarsa,0.2,0.95,0.03,0.992,0.03,610.5863640000002,0.8234536082474226,411.0,18.741666666666667
822,sarsa,0.2,0.95,0.03,0.992,0.03,559.3248479999999,0.8109090909090909,416.0,19.733333333333334
823,sarsa,0.2,0.95,0.03,0.992,0.03,663.5336279999998,0.829806393516434,378.0,19.775
824,sarsa,0.2,0.95,0.03,0.992,0.03,816.5698319999998,0.8753213367609255,291.0,22.833333333333332
825,sarsa,0.2,0.95,0.03,0.992,0.03,695.799364,0.8306079664570231,404.0,15.825
826,sarsa,0.2,0.95,0.03,0.992,0.03,671.332848,0.865007180469124,282.0,18.066666666666666
827,sarsa,0.2,0.95,0.03,0.992,0.03,714.5164879999999,0.8530826410144294,336.0,19.65
828,sarsa,0.2,0.95,0.03,0.992,0.03,615.1401999999998,0.8152709359605911,450.0,17.916666666666668
829,sarsa,0.2,0.95,0.03,0.992,0.03,625.6820440000002,0.8173570019723866,463.0,18.575
830,sarsa,0.2,0.95,0.03,0.992,0.03,561.3342000000002,0.827447474295932,386.0,17.916666666666668
831,sarsa,0.2,0.95,0.03,0.992,0.03,713.8433440000002,0.8492307692307692,343.0,18.366666666666667
832,sarsa,0.2,0.95,0.03,0.992,0.03,593.1644319999999,0.8127404873877726,438.0,19.266666666666666
833,sarsa,0.2,0.95,0.03,0.992,0.03,585.2624160000003,0.7774926686217009,607.0,16.3
834,sarsa,0.2,0.95,0.03,0.992,0.03,453.2187040000002,0.7730836236933798,521.0,13.866666666666667
835,sarsa,0.2,0.95,0.03,0.992,0.03,335.9387279999999,0.731990704879938,692.0,16.65
836,sarsa,0.2,0.95,0.03,0.992,0.03,436.117836,0.7546377318865943,701.0,16.675
837,sarsa,0.2,0.95,0.03,0.992,0.03,353.4977640000001,0.7358703843255463,701.0,16.658333333333335
838,sarsa,0.2,0.95,0.03,0.992,0.03,703.227012,0.8540909090909091,321.0,17.225
839,sarsa,0.2,0.95,0.03,0.992,0.03,567.0876160000001,0.8074912891986062,442.0,15.466666666666667
840,sarsa,0.2,0.95,0.03,0.992,0.03,572.5835320000001,0.8133037694013304,421.0,15.308333333333334
841,sarsa,0.2,0.95,0.03,0.992,0.03,645.4710600000001,0.8134648370497427,435.0,13.625
842,sarsa,0.2,0.95,0.03,0.992,0.03,339.4433440000002,0.7353303241690603,645.0,14.2
843,sarsa,0.2,0.95,0.03,0.992,0.03,169.15725599999996,0.6773362766740251,877.0,17.883333333333333
844,sarsa,0.2,0.95,0.03,0.992,0.03,444.483604,0.7638697845025217,515.0,13.658333333333333
845,sarsa,0.2,0.95,0.03,0.992,0.03,624.6667760000003,0.8297970479704797,369.0,18.883333333333333
846,sarsa,0.2,0.95,0.03,0.992,0.03,612.1214160000003,0.8388696083292018,325.0,19.216666666666665
847,sarsa,0.2,0.95,0.03,0.992,0.03,400.75623999999993,0.7387513079874434,749.0,14.5
848,sarsa,0.2,0.95,0.03,0.992,0.03,386.57129600000013,0.7296696315120712,851.0,12.8
849,sarsa,0.2,0.95,0.03,0.992,0.03,569.7930199999997,0.8202614379084967,385.0,16.208333333333332
850,sarsa,0.2,0.95,0.03,0.992,0.03,630.8898840000003,0.8160034231921267,430.0,15.575
851,sarsa,0.2,0.95,0.03,0.992,0.03,656.0372039999996,0.8084008843036109,520.0,17.825
852,sarsa,0.2,0.95,0.03,0.992,0.03,395.12111200000015,0.7615593834995467,526.0,15.35
853,sarsa,0.2,0.95,0.03,0.992,0.03,429.7038440000001,0.7677312318540025,560.0,16.491666666666667
854,sarsa,0.2,0.95,0.03,0.992,0.03,525.2276360000003,0.7576631806707537,672.0,17.091666666666665
855,sarsa,0.2,0.95,0.03,0.992,0.03,449.781692,0.7801539777587682,514.0,16.641666666666666
856,sarsa,0.2,0.95,0.03,0.992,0.03,521.8768119999999,0.8126126126126126,416.0,16.808333333333334
857,sarsa,0.2,0.95,0.03,0.992,0.03,580.412584,0.8291703835860839,383.0,18.283333333333335
858,sarsa,0.2,0.95,0.03,0.992,0.03,309.07945600000016,0.7229219143576826,770.0,16.633333333333333
859,sarsa,0.2,0.95,0.03,0.992,0.03,384.69535600000006,0.7725752508361204,476.0,15.175
860,sarsa,0.2,0.95,0.03,0.992,0.03,264.6358560000003,0.7277089164334266,681.0,15.8
861,sarsa,0.2,0.95,0.03,0.992,0.03,378.93439200000006,0.7469473684210526,601.0,13.516666666666667
862,sarsa,0.2,0.95,0.03,0.992,0.03,217.92880800000012,0.6951930080116533,837.0,14.816666666666666
863,sarsa,0.2,0.95,0.03,0.992,0.03,384.93036799999993,0.7477744807121661,680.0,16.566666666666666
864,sarsa,0.2,0.95,0.03,0.992,0.03,510.1514920000001,0.8049126121870571,413.0,19.558333333333334
865,sarsa,0.2,0.95,0.03,0.992,0.03,316.3930280000002,0.7289183222958058,614.0,12.691666666666666
866,sarsa,0.2,0.95,0.03,0.992,0.03,438.82660399999986,0.7603513174404015,573.0,14.075
867,sarsa,0.2,0.95,0.03,0.992,0.03,320.8081840000001,0.7113740959894806,878.0,12.45
868,sarsa,0.2,0.95,0.03,0.992,0.03,360.83394399999986,0.7412692452121667,689.0,16.283333333333335
869,sarsa,0.2,0.95,0.03,0.992,0.03,462.1044280000002,0.7727993655828708,573.0,16.391666666666666
870,sarsa,0.2,0.95,0.03,0.992,0.03,416.6948960000002,0.7668488160291439,512.0,17.8
871,sarsa,0.2,0.95,0.03,0.992,0.03,-21.843655999999857,0.6380769230769231,941.0,13.783333333333333
872,sarsa,0.2,0.95,0.03,0.992,0.03,498.7573520000002,0.7446808510638298,768.0,13.183333333333334
873,sarsa,0.2,0.95,0.03,0.992,0.03,285.8532400000002,0.7130368681109844,755.0,15.75
874,sarsa,0.2,0.95,0.03,0.992,0.03,553.6661519999997,0.8325011348161597,369.0,20.683333333333334
875,sarsa,0.2,0.95,0.03,0.992,0.03,221.91157600000017,0.7173033707865168,629.0,14.716666666666667
876,sarsa,0.2,0.95,0.03,0.992,0.03,-340.3524439999998,0.5789473684210527,1848.0,8.925
877,sarsa,0.2,0.95,0.03,0.992,0.03,487.57503600000024,0.7347657625924622,753.0,12.508333333333333
878,sarsa,0.2,0.95,0.03,0.992,0.03,222.12016400000013,0.6920971604515909,900.0,10.825
879,sarsa,0.2,0.95,0.03,0.992,0.03,268.24798800000013,0.7156443176414645,598.0,13.191666666666666
880,sarsa,0.2,0.95,0.03,0.992,0.03,-20.31041599999989,0.6349295774647887,1296.0,9.533333333333333
881,sarsa,0.2,0.95,0.03,0.992,0.03,255.58466800000014,0.7047986289631534,689.0,14.275
882,sarsa,0.2,0.95,0.03,0.992,0.03,345.408248,0.7294783663566519,669.0,15.15
883,sarsa,0.2,0.95,0.03,0.992,0.03,191.43218399999986,0.7162346521145976,624.0,11.616666666666667
884,sarsa,0.2,0.95,0.03,0.992,0.03,196.937556,0.7076233183856502,652.0,13.091666666666667
885,sarsa,0.2,0.95,0.03,0.992,0.03,418.2964320000001,0.7442572741194488,668.0,11.766666666666667
886,sarsa,0.2,0.95,0.03,0.992,0.03,99.87132000000014,0.6979125640015754,767.0,13.083333333333334
887,sarsa,0.2,0.95,0.03,0.992,0.03,132.28052800000012,0.68125,714.0,12.066666666666666
888,sarsa,0.2,0.95,0.03,0.992,0.03,255.53098000000003,0.7291761492944925,595.0,13.791666666666666
889,sarsa,0.2,0.95,0.03,0.992,0.03,201.51540000000014,0.7032,742.0,14.583333333333334
890,sarsa,0.2,0.95,0.03,0.992,0.03,423.04956400000015,0.7372477064220183,716.0,12.908333333333333
891,sarsa,0.2,0.95,0.03,0.992,0.03,154.28702800000016,0.6710526315789473,1050.0,11.858333333333333
892,sarsa,0.2,0.95,0.03,0.992,0.03,516.2433119999998,0.7916471140309713,444.0,16.6
893,sarsa,0.2,0.95,0.03,0.992,0.03,534.0347200000001,0.7921146953405018,464.0,14.333333333333334
894,sarsa,0.2,0.95,0.03,0.992,0.03,516.204848,0.7869991823385118,521.0,14.733333333333333
895,sarsa,0.2,0.95,0.03,0.992,0.03,319.5961520000001,0.7389255419415646,554.0,14.85
896,sarsa,0.2,0.95,0.03,0.992,0.03,376.4642999999999,0.7467792092403376,570.0,14.375
897,sarsa,0.2,0.95,0.03,0.992,0.03,270.2082320000002,0.7252851711026616,578.0,15.516666666666667
898,sarsa,0.2,0.95,0.03,0.992,0.03,-337.5340079999995,0.5904811715481172,1566.0,10.183333333333334
899,sarsa,0.2,0.95,0.03,0.992,0.03,493.175604,0.797474502185527,417.0,15.325
900,sarsa,0.2,0.95,0.03,0.992,0.03,369.8826200000001,0.7502187226596675,571.0,15.375
901,sarsa,0.2,0.95,0.03,0.992,0.03,570.4667320000001,0.8044982698961938,452.0,16.975
902,sarsa,0.2,0.95,0.03,0.992,0.03,417.8720200000002,0.7570867858700393,557.0,15.791666666666666
903,sarsa,0.2,0.95,0.03,0.992,0.03,363.48018399999995,0.7458487084870848,551.0,15.783333333333333
904,sarsa,0.2,0.95,0.03,0.992,0.03,414.8847960000003,0.7495798319327731,596.0,13.008333333333333
905,sarsa,0.2,0.95,0.03,0.992,0.03,365.65094800000014,0.7515527950310559,560.0,11.191666666666666
906,sarsa,0.2,0.95,0.03,0.992,0.03,67.69352400000011,0.6523793452581843,1030.0,10.491666666666667
907,sarsa,0.2,0.95,0.03,0.992,0.03,62.39652400000004,0.6544622425629291,1057.0,10.908333333333333
908,sarsa,0.2,0.95,0.03,0.992,0.03,176.72698000000017,0.6845483723062815,688.0,12.125
909,sarsa,0.2,0.95,0.03,0.992,0.03,498.4231120000001,0.7632202052091555,600.0,13.683333333333334
910,sarsa,0.2,0.95,0.03,0.992,0.03,257.7988560000001,0.7063095778483885,647.0,10.383333333333333
911,sarsa,0.2,0.95,0.03,0.992,0.03,342.98790799999995,0.7459943449575872,539.0,20.491666666666667
912,sarsa,0.2,0.95,0.03,0.992,0.03,399.94910799999985,0.7612149532710281,511.0,15.858333333333333
913,sarsa,0.2,0.95,0.03,0.992,0.03,515.2237519999998,0.7951153324287653,453.0,14.85
914,sarsa,0.2,0.95,0.03,0.992,0.03,225.56810800000005,0.7166199813258637,607.0,12.108333333333333
915,sarsa,0.2,0.95,0.03,0.992,0.03,471.01100400000007,0.7773904382470119,447.0,14.908333333333333
916,sarsa,0.2,0.95,0.03,0.992,0.03,347.691688,0.7398336414048059,563.0,13.816666666666666
917,sarsa,0.2,0.95,0.03,0.992,0.03,409.29375200000027,0.7544853635505193,520.0,11.516666666666667
918,sarsa,0.2,0.95,0.03,0.992,0.03,324.52177200000006,0.743499338915822,582.0,17.308333333333334
919,sarsa,0.2,0.95,0.03,0.992,0.03,350.84628,0.7606159589360709,513.0,18.583333333333332
920,sarsa,0.2,0.95,0.03,0.992,0.03,318.3963799999999,0.7389010989010989,594.0,12.541666666666666
921,sarsa,0.2,0.95,0.03,0.992,0.03,252.56951999999998,0.7137268847795164,805.0,16.0
922,sarsa,0.2,0.95,0.03,0.992,0.03,-26.568015999999993,0.6414342629482072,1080.0,9.533333333333333
923,sarsa,0.2,0.95,0.03,0.992,0.03,-76.10221999999999,0.6259911894273128,849.0,9.625
924,sarsa,0.2,0.95,0.03,0.992,0.03,-53.32591999999991,0.6163890139576768,852.0,9.833333333333334
925,sarsa,0.2,0.95,0.03,0.992,0.03,-316.0928759999999,0.5884867483613565,1444.0,10.491666666666667
926,sarsa,0.2,0.95,0.03,0.992,0.03,159.29404000000022,0.6830374008311296,839.0,14.083333333333334
927,sarsa,0.2,0.95,0.03,0.992,0.03,14.019228000000119,0.6385964912280702,721.0,13.108333333333333
928,sarsa,0.2,0.95,0.03,0.992,0.03,135.7174639999999,0.6724565756823822,924.0,10.616666666666667
929,sarsa,0.2,0.95,0.03,0.992,0.03,-230.97902800000003,0.5902943516308672,1030.0,8.975
930,sarsa,0.2,0.95,0.03,0.992,0.03,309.162484,0.7413461538461539,538.0,14.325
931,sarsa,0.2,0.95,0.03,0.992,0.03,27.105000000000153,0.6511627906976745,825.0,12.083333333333334
932,sarsa,0.2,0.95,0.03,0.992,0.03,221.73801600000013,0.7157338034376377,645.0,14.633333333333333
933,sarsa,0.2,0.95,0.03,0.992,0.03,427.8859119999999,0.7487824675324676,619.0,12.85
934,sarsa,0.2,0.95,0.03,0.992,0.03,338.19277200000005,0.7429467084639498,574.0,21.058333333333334
935,sarsa,0.2,0.95,0.03,0.992,0.03,-16.98837199999992,0.6450197455024134,809.0,13.108333333333333
936,sarsa,0.2,0.95,0.03,0.992,0.03,480.6784799999998,0.8045112781954887,416.0,23.166666666666668
937,sarsa,0.2,0.95,0.03,0.992,0.03,81.754524,0.6662112932604736,733.0,14.241666666666667
938,sarsa,0.2,0.95,0.03,0.992,0.03,180.56242400000025,0.717057761732852,627.0,19.45
939,sarsa,0.2,0.95,0.03,0.992,0.03,146.38496000000006,0.6900473933649289,654.0,16.333333333333332
940,sarsa,0.2,0.95,0.03,0.992,0.03,344.470752,0.7408854166666666,597.0,14.433333333333334
941,sarsa,0.2,0.95,0.03,0.992,0.03,196.31074000000007,0.7065868263473054,637.0,13.458333333333334
942,sarsa,0.2,0.95,0.03,0.992,0.03,-63.524615999999945,0.6310826103357223,978.0,9.95
943,sarsa,0.2,0.95,0.03,0.992,0.03,115.1894840000001,0.6814946619217082,895.0,12.241666666666667
944,sarsa,0.2,0.95,0.03,0.992,0.03,451.3547520000001,0.7568843430369787,618.0,16.1
945,sarsa,0.2,0.95,0.03,0.992,0.03,40.080764000000045,0.6536002224075619,1246.0,10.408333333333333
946,sarsa,0.2,0.95,0.03,0.992,0.03,142.1792000000001,0.680946006247211,715.0,11.666666666666666
947,sarsa,0.2,0.95,0.03,0.992,0.03,245.216992,0.7155555555555555,640.0,13.933333333333334
948,sarsa,0.2,0.95,0.03,0.992,0.03,13.316459999999982,0.6597890875745072,742.0,12.375
949,sarsa,0.2,0.95,0.03,0.992,0.03,424.5881560000004,0.7663216560509554,587.0,18.508333333333333
950,sarsa,0.2,0.95,0.03,0.992,0.03,224.4836560000001,0.6895734597156398,917.0,15.383333333333333
951,sarsa,0.2,0.95,0.03,0.992,0.03,580.8096720000002,0.855012853470437,282.0,22.516666666666666
952,sarsa,0.2,0.95,0.03,0.992,0.03,578.95562,0.8031173092698933,480.0,21.625
953,sarsa,0.2,0.95,0.03,0.992,0.03,420.34500399999996,0.7358426585283147,779.0,11.575
954,sarsa,0.2,0.95,0.03,0.992,0.03,303.07550000000003,0.7212681638044914,633.0,16.875
955,sarsa,0.2,0.95,0.03,0.992,0.03,530.7659280000001,0.8069259962049335,407.0,21.65
956,sarsa,0.2,0.95,0.03,0.992,0.03,427.0426280000001,0.7950664136622391,432.0,20.191666666666666
957,sarsa,0.2,0.95,0.03,0.992,0.03,42.63836400000013,0.6564102564102564,938.0,12.908333333333333
958,sarsa,0.2,0.95,0.03,0.992,0.03,212.85179200000005,0.7128932210899424,648.0,18.1
959,sarsa,0.2,0.95,0.03,0.992,0.03,113.21802400000009,0.6841107318923019,833.0,17.783333333333335
960,sarsa,0.2,0.95,0.03,0.992,0.03,377.56876,0.779027902790279,491.0,21.75
961,sarsa,0.2,0.95,0.03,0.992,0.03,474.33682400000004,0.7891466445733223,509.0,15.283333333333333
962,sarsa,0.2,0.95,0.03,0.992,0.03,445.04244399999993,0.8028169014084507,420.0,21.075
963,sarsa,0.2,0.95,0.03,0.992,0.03,590.9465080000002,0.7901785714285714,564.0,17.941666666666666
964,sarsa,0.2,0.95,0.03,0.992,0.03,774.6227920000001,0.8135894699395233,524.0,19.35
965,sarsa,0.2,0.95,0.03,0.992,0.03,-298.4989479999999,0.5990365542646642,1415.0,13.808333333333334
966,sarsa,0.2,0.95,0.03,0.992,0.03,522.0026080000001,0.7933980582524272,532.0,24.283333333333335
967,sarsa,0.2,0.95,0.03,0.992,0.03,572.399784,0.8101052631578948,451.0,19.116666666666667
968,sarsa,0.2,0.95,0.03,0.992,0.03,535.9924160000002,0.7940711462450593,521.0,21.3
969,sarsa,0.2,0.95,0.03,0.992,0.03,214.2764520000001,0.6991008349389852,937.0,15.058333333333334
970,sarsa,0.2,0.95,0.03,0.992,0.03,578.9459680000006,0.8134206219312602,456.0,24.9
971,sarsa,0.2,0.95,0.03,0.992,0.03,350.4606520000002,0.7345070422535211,754.0,18.808333333333334
972,sarsa,0.2,0.95,0.03,0.992,0.03,500.69672,0.7538003965631196,745.0,15.166666666666666
973,sarsa,0.2,0.95,0.03,0.992,0.03,472.1189640000001,0.7906783187682064,503.0,22.491666666666667
974,sarsa,0.2,0.95,0.03,0.992,0.03,206.26029200000008,0.7063291139240506,812.0,22.058333333333334
975,sarsa,0.2,0.95,0.03,0.992,0.03,677.365872,0.8407376362112322,380.0,24.783333333333335
976,sarsa,0.2,0.95,0.03,0.992,0.03,484.3223479999999,0.8112244897959183,407.0,18.275
977,sarsa,0.2,0.95,0.03,0.992,0.03,476.8832600000003,0.7723332076894082,604.0,16.541666666666668
978,sarsa,0.2,0.95,0.03,0.992,0.03,411.10053600000003,0.7458983593437375,635.0,15.216666666666667
979,sarsa,0.2,0.95,0.03,0.992,0.03,326.1961120000001,0.7429028388644542,643.0,16.6
980,sarsa,0.2,0.95,0.03,0.992,0.03,571.2700560000002,0.8083447959651536,418.0,23.716666666666665
981,sarsa,0.2,0.95,0.03,0.992,0.03,625.4490200000002,0.8394014962593517,322.0,20.375
982,sarsa,0.2,0.95,0.03,0.992,0.03,746.5913360000001,0.8638914873713751,291.0,24.9
983,sarsa,0.2,0.95,0.03,0.992,0.03,563.1783079999999,0.7770320656226697,598.0,17.525
984,sarsa,0.2,0.95,0.03,0.992,0.03,479.64209600000027,0.772104607721046,549.0,21.966666666666665
985,sarsa,0.2,0.95,0.03,0.992,0.03,722.08456,0.8842857142857142,243.0,32.233333333333334
986,sarsa,0.2,0.95,0.03,0.992,0.03,108.63924799999995,0.6633260256811776,1075.0,15.566666666666666
987,sarsa,0.2,0.95,0.03,0.992,0.03,803.2596000000007,0.8771610555050046,270.0,24.166666666666668
988,sarsa,0.2,0.95,0.03,0.992,0.03,566.4022960000003,0.8231029482841953,366.0,21.55
989,sarsa,0.2,0.95,0.03,0.992,0.03,343.2371640000002,0.7465721040189125,536.0,16.241666666666667
990,sarsa,0.2,0.95,0.03,0.992,0.03,605.3011000000002,0.8346530041918957,355.0,24.375
991,sarsa,0.2,0.95,0.03,0.992,0.03,53.82808000000014,0.6506746626686657,1165.0,11.5
992,sarsa,0.2,0.95,0.03,0.992,0.03,687.8777760000004,0.8393186003683242,349.0,24.85
993,sarsa,0.2,0.95,0.03,0.992,0.03,622.4265120000001,0.8140138408304498,430.0,17.433333333333334
994,sarsa,0.2,0.95,0.03,0.992,0.03,408.8013800000001,0.7544982007197121,614.0,16.291666666666668
995,sarsa,0.2,0.95,0.03,0.992,0.03,529.4438440000001,0.7970948706309577,447.0,21.491666666666667
996,sarsa,0.2,0.95,0.03,0.992,0.03,455.5498600000002,0.7777310924369748,529.0,21.125
997,sarsa,0.2,0.95,0.03,0.992,0.03,594.9159160000002,0.8251057827926658,372.0,24.841666666666665
998,sarsa,0.2,0.95,0.03,0.992,0.03,191.043204,0.6900473933649289,981.0,14.491666666666667
999,sarsa,0.2,0.95,0.03,0.992,0.03,163.0438039999999,0.6801434626671014,981.0,13.241666666666667
1000,sarsa,0.2,0.95,0.03,0.992,0.03,759.0624640000001,0.877,246.0,27.7
1001,sarsa,0.2,0.95,0.03,0.992,0.03,402.11217199999993,0.7766519823788546,507.0,23.141666666666666
1002,sarsa,0.2,0.95,0.03,0.992,0.03,449.7358480000002,0.7372822299651568,754.0,18.483333333333334
1003,sarsa,0.2,0.95,0.03,0.992,0.03,415.34004000000016,0.7321056289089646,771.0,20.183333333333334
1004,sarsa,0.2,0.95,0.03,0.992,0.03,287.7887880000001,0.720679012345679,724.0,15.691666666666666
1005,sarsa,0.2,0.95,0.03,0.992,0.03,246.81220800000003,0.6907216494845361,1050.0,10.233333333333333
1006,sarsa,0.2,0.95,0.03,0.992,0.03,156.33570800000012,0.6692357096981374,1030.0,11.275
1007,sarsa,0.2,0.95,0.03,0.992,0.03,624.2294960000004,0.8143607705779334,424.0,17.383333333333333
1008,sarsa,0.2,0.95,0.03,0.992,0.03,322.9586120000001,0.710431654676259,805.0,13.891666666666667
1009,sarsa,0.2,0.95,0.03,0.992,0.03,621.926952,0.8169386854874283,415.0,18.183333333333334
1010,sarsa,0.2,0.95,0.03,0.992,0.03,518.2295520000001,0.7807881773399015,534.0,18.6
1011,sarsa,0.2,0.95,0.03,0.992,0.03,624.3922680000005,0.8361303060217177,332.0,19.275
1012,sarsa,0.2,0.95,0.03,0.992,0.03,607.8929200000005,0.8318924111431316,350.0,19.75
1013,sarsa,0.2,0.95,0.03,0.992,0.03,-113.67977599999985,0.6284065405578712,1159.0,11.533333333333333
1014,sarsa,0.2,0.95,0.03,0.992,0.03,472.9060639999999,0.7412086036189826,758.0,16.033333333333335
1015,sarsa,0.2,0.95,0.03,0.992,0.03,404.9994439999999,0.7472712006717045,602.0,18.991666666666667
1016,sarsa,0.2,0.95,0.03,0.992,0.03,235.59819200000015,0.7039497969730528,802.0,12.266666666666667
1017,sarsa,0.2,0.95,0.03,0.992,0.03,736.38436,0.8374558303886925,368.0,19.25
1018,sarsa,0.2,0.95,0.03,0.992,0.03,100.79920400000007,0.666102268879106,986.0,14.491666666666667
1019,sarsa,0.2,0.95,0.03,0.992,0.03,649.0543959999999,0.84765625,312.0,18.841666666666665
1020,sarsa,0.2,0.95,0.03,0.992,0.03,544.6319160000004,0.8037784456848432,457.0,18.175
1021,sarsa,0.2,0.95,0.03,0.992,0.03,351.0123120000001,0.7388888888888889,611.0,16.183333333333334
1022,sarsa,0.2,0.95,0.03,0.992,0.03,400.52051200000005,0.7322060558395596,681.0,14.1
1023,sarsa,0.2,0.95,0.03,0.992,0.03,437.1611640000003,0.7793776126335346,475.0,22.075
1024,sarsa,0.2,0.95,0.03,0.992,0.03,522.178464,0.775375595456211,613.0,14.366666666666667
1025,sarsa,0.2,0.95,0.03,0.992,0.03,480.8912319999999,0.7800415800415801,529.0,15.1
1026,sarsa,0.2,0.95,0.03,0.992,0.03,261.73058000000003,0.7308515190415062,629.0,14.625
1027,sarsa,0.2,0.95,0.03,0.992,0.03,321.76834800000006,0.7223451327433629,753.0,15.775
1028,sarsa,0.2,0.95,0.03,0.992,0.03,414.437176,0.7564721369021501,555.0,18.05
1029,sarsa,0.2,0.95,0.03,0.992,0.03,-25.58674000000001,0.6482014388489209,978.0,14.875
1030,sarsa,0.2,0.95,0.03,0.992,0.03,285.26829200000003,0.6932599724896836,892.0,15.391666666666667
1031,sarsa,0.2,0.95,0.03,0.992,0.03,443.32571999999993,0.7711060948081264,507.0,15.583333333333334
1032,sarsa,0.2,0.95,0.03,0.992,0.03,504.2060320000003,0.7755277897457993,521.0,17.6
1033,sarsa,0.2,0.95,0.03,0.992,0.03,393.20776800000027,0.7456846950517837,663.0,13.65
1034,sarsa,0.2,0.95,0.03,0.992,0.03,394.3100200000001,0.7675438596491229,530.0,18.291666666666668
1035,sarsa,0.2,0.95,0.03,0.992,0.03,367.2228480000003,0.7396544797107272,648.0,13.9
1036,sarsa,0.2,0.95,0.03,0.992,0.03,516.9780439999998,0.7995604395604395,456.0,16.908333333333335
1037,sarsa,0.2,0.95,0.03,0.992,0.03,461.3565280000002,0.7364657814096016,774.0,14.566666666666666
1038,sarsa,0.2,0.95,0.03,0.992,0.03,495.3213199999999,0.7536800785083415,753.0,14.75
1039,sarsa,0.2,0.95,0.03,0.992,0.03,535.638336,0.7664415215072876,657.0,14.8
1040,sarsa,0.2,0.95,0.03,0.992,0.03,620.154232,0.8361124344926155,344.0,17.183333333333334
1041,sarsa,0.2,0.95,0.03,0.992,0.03,628.2319280000002,0.8142452448401457,459.0,13.316666666666666
1042,sarsa,0.2,0.95,0.03,0.992,0.03,457.5300720000002,0.7520309477756286,641.0,17.516666666666666
1043,sarsa,0.2,0.95,0.03,0.992,0.03,526.1077280000003,0.7968680089485458,454.0,17.066666666666666
1044,sarsa,0.2,0.95,0.03,0.992,0.03,-51.44894399999983,0.6253429782988277,1502.0,9.133333333333333
1045,sarsa,0.2,0.95,0.03,0.992,0.03,597.7546279999999,0.8345498783454988,340.0,20.191666666666666
1046,sarsa,0.2,0.95,0.03,0.992,0.03,600.0986640000001,0.8101926163723917,473.0,13.116666666666667
1047,sarsa,0.2,0.95,0.03,0.992,0.03,442.2034919999998,0.7706078268109908,551.0,17.891666666666666
1048,sarsa,0.2,0.95,0.03,0.992,0.03,439.760124,0.7687224669603524,525.0,16.741666666666667
1049,sarsa,0.2,0.95,0.03,0.992,0.03,383.48544799999996,0.7574875207986689,583.0,12.65
1050,sarsa,0.2,0.95,0.03,0.992,0.03,282.6766120000002,0.7224952741020794,734.0,13.058333333333334
1051,sarsa,0.2,0.95,0.03,0.992,0.03,513.0393880000003,0.7911275415896488,452.0,16.941666666666666
1052,sarsa,0.2,0.95,0.03,0.992,0.03,332.8538520000001,0.7361702127659574,620.0,17.141666666666666
1053,sarsa,0.2,0.95,0.03,0.992,0.03,250.6445760000001,0.6746702739262767,962.0,10.966666666666667
1054,sarsa,0.2,0.95,0.03,0.992,0.03,434.26867200000027,0.7770646127513907,521.0,19.6
1055,sarsa,0.2,0.95,0.03,0.992,0.03,388.7759640000001,0.7531645569620253,546.0,17.908333333333335
1056,sarsa,0.2,0.95,0.03,0.992,0.03,481.3155400000001,0.7889908256880734,460.0,15.125
1057,sarsa,0.2,0.95,0.03,0.992,0.03,472.95288400000004,0.7747636662556514,548.0,14.325
1058,sarsa,0.2,0.95,0.03,0.992,0.03,489.44551600000017,0.7837837837837838,536.0,17.341666666666665
1059,sarsa,0.2,0.95,0.03,0.992,0.03,470.65932400000025,0.789332138054684,470.0,18.408333333333335
1060,sarsa,0.2,0.95,0.03,0.992,0.03,747.9638160000001,0.8681166126793152,285.0,21.716666666666665
1061,sarsa,0.2,0.95,0.03,0.992,0.03,457.45260400000024,0.7992408266554196,476.0,16.575
1062,sarsa,0.2,0.95,0.03,0.992,0.03,331.0757040000003,0.7565970854667192,618.0,21.966666666666665
1063,sarsa,0.2,0.95,0.03,0.992,0.03,431.6094480000003,0.7675941080196399,568.0,15.983333333333333
1064,sarsa,0.2,0.95,0.03,0.992,0.03,592.3810479999999,0.8413625304136253,326.0,20.983333333333334
1065,sarsa,0.2,0.95,0.03,0.992,0.03,180.66155999999998,0.6896799712333693,863.0,14.25
1066,sarsa,0.2,0.95,0.03,0.992,0.03,357.8284080000001,0.7393406593406593,593.0,15.65
1067,sarsa,0.2,0.95,0.03,0.992,0.03,260.0285240000003,0.7195174493752693,651.0,16.741666666666667
1068,sarsa,0.2,0.95,0.03,0.992,0.03,476.09133199999997,0.7729681978798587,514.0,17.391666666666666
1069,sarsa,0.2,0.95,0.03,0.992,0.03,524.8272840000001,0.8150753768844221,368.0,23.491666666666667
1070,sarsa,0.2,0.95,0.03,0.992,0.03,373.7410320000002,0.7352358303606817,668.0,18.016666666666666
1071,sarsa,0.2,0.95,0.03,0.992,0.03,390.6131080000003,0.749789029535865,593.0,15.858333333333333
1072,sarsa,0.2,0.95,0.03,0.992,0.03,541.1457760000002,0.7922977066205106,480.0,16.8
1073,sarsa,0.2,0.95,0.03,0.992,0.03,491.60176000000024,0.7741246797608882,529.0,21.333333333333332
1074,sarsa,0.2,0.95,0.03,0.992,0.03,293.51966400000015,0.7250620347394541,554.0,16.033333333333335
1075,sarsa,0.2,0.95,0.03,0.992,0.03,365.17111999999986,0.7516309412861137,533.0,11.0
1076,sarsa,0.2,0.95,0.03,0.992,0.03,-1.0419119999999182,0.6719474497681608,849.0,12.15
1077,sarsa,0.2,0.95,0.03,0.992,0.03,52.39671600000018,0.6513868613138686,1194.0,12.341666666666667
1078,sarsa,0.2,0.95,0.03,0.992,0.03,398.09667999999994,0.75,595.0,15.25
1079,sarsa,0.2,0.95,0.03,0.992,0.03,475.1198079999998,0.7593582887700535,630.0,20.233333333333334
1080,sarsa,0.2,0.95,0.03,0.992,0.03,239.0874680000001,0.686115992970123,893.0,11.775
1081,sarsa,0.2,0.95,0.03,0.992,0.03,408.4776079999998,0.7562526494277236,575.0,17.316666666666666
1082,sarsa,0.2,0.95,0.03,0.992,0.03,263.66690800000015,0.7005813953488372,824.0,12.941666666666666
1083,sarsa,0.2,0.95,0.03,0.992,0.03,693.4119120000003,0.8554652213188798,320.0,19.516666666666666
1084,sarsa,0.2,0.95,0.03,0.992,0.03,712.9257239999998,0.8743169398907104,253.0,20.908333333333335
1085,sarsa,0.2,0.95,0.03,0.992,0.03,597.5287840000002,0.818510158013544,402.0,14.533333333333333
1086,sarsa,0.2,0.95,0.03,0.992,0.03,475.30415200000033,0.7780678851174935,510.0,15.683333333333334
1087,sarsa,0.2,0.95,0.03,0.992,0.03,450.0164400000001,0.7915668423574509,435.0,14.083333333333334
1088,sarsa,0.2,0.95,0.03,0.992,0.03,474.0483640000002,0.7922136713444998,459.0,9.575
1089,sarsa,0.2,0.95,0.03,0.992,0.03,331.2530640000005,0.7473990844777362,607.0,13.116666666666667
1090,sarsa,0.2,0.95,0.03,0.992,0.03,352.7262760000001,0.7418300653594772,632.0,14.925
1091,sarsa,0.2,0.95,0.03,0.992,0.03,518.6449160000003,0.7885196374622356,490.0,16.925
1092,sarsa,0.2,0.95,0.03,0.992,0.03,294.47612000000004,0.7061170212765957,884.0,13.083333333333334
1093,sarsa,0.2,0.95,0.03,0.992,0.03,339.4722440000001,0.7585290208241028,545.0,17.325
1094,sarsa,0.2,0.95,0.03,0.992,0.03,407.4862360000001,0.7173629242819843,866.0,11.675
1095,sarsa,0.2,0.95,0.03,0.992,0.03,239.77616000000017,0.7095435684647303,770.0,14.666666666666666
1096,sarsa,0.2,0.95,0.03,0.992,0.03,337.4521920000001,0.7066717791411042,765.0,9.766666666666667
1097,sarsa,0.2,0.95,0.03,0.992,0.03,486.9551640000002,0.766390041493776,563.0,12.075
1098,sarsa,0.2,0.95,0.03,0.992,0.03,364.97284000000025,0.7509933774834437,564.0,14.083333333333334
1099,sarsa,0.2,0.95,0.03,0.992,0.03,777.2597960000004,0.8681429290387519,262.0,18.425
1100,sarsa,0.2,0.95,0.03,0.992,0.03,617.9148879999997,0.8232276119402985,379.0,14.65
1101,sarsa,0.2,0.95,0.03,0.992,0.03,520.0185600000001,0.7793874172185431,533.0,14.666666666666666
1102,sarsa,0.2,0.95,0.03,0.992,0.03,492.7096879999999,0.7650753768844221,561.0,16.316666666666666
1103,sarsa,0.2,0.95,0.03,0.992,0.03,841.5301000000002,0.8311258278145696,459.0,15.625
1104,sarsa,0.2,0.95,0.03,0.992,0.03,507.17869200000007,0.7805419813416259,494.0,8.725
1105,sarsa,0.2,0.95,0.03,0.992,0.03,641.2194359999997,0.8551020408163266,284.0,22.508333333333333
1106,sarsa,0.2,0.95,0.03,0.992,0.03,383.107076,0.7384672619047619,703.0,16.591666666666665
1107,sarsa,0.2,0.95,0.03,0.992,0.03,497.2502479999999,0.7786352558895208,545.0,15.15
1108,sarsa,0.2,0.95,0.03,0.992,0.03,237.38088000000005,0.6901595744680851,932.0,8.166666666666666
1109,sarsa,0.2,0.95,0.03,0.992,0.03,447.5115479999999,0.7596968345965225,539.0,13.275
1110,sarsa,0.2,0.95,0.03,0.992,0.03,358.34319600000015,0.7533234859675036,501.0,15.508333333333333
1111,sarsa,0.2,0.95,0.03,0.992,0.03,461.93446799999975,0.7644539614561028,550.0,14.691666666666666
1112,sarsa,0.2,0.95,0.03,0.992,0.03,378.0104920000001,0.7203791469194313,767.0,13.308333333333334
1113,sarsa,0.2,0.95,0.03,0.992,0.03,434.06059200000016,0.7529411764705882,672.0,17.2
1114,sarsa,0.2,0.95,0.03,0.992,0.03,430.5789080000001,0.7384555684904929,674.0,17.108333333333334
1115,sarsa,0.2,0.95,0.03,0.992,0.03,460.913684,0.7700087950747582,523.0,15.991666666666667
1116,sarsa,0.2,0.95,0.03,0.992,0.03,444.680164,0.7432935916542474,689.0,12.491666666666667
1117,sarsa,0.2,0.95,0.03,0.992,0.03,245.7703800000001,0.7237593324549846,629.0,16.708333333333332
1118,sarsa,0.2,0.95,0.03,0.992,0.03,235.45513600000007,0.6848809922896413,940.0,13.966666666666667
1119,sarsa,0.2,0.95,0.03,0.992,0.03,295.50255200000015,0.7142289348171701,719.0,14.016666666666667
1120,sarsa,0.2,0.95,0.03,0.992,0.03,293.42840800000016,0.7090977162111569,777.0,13.15
1121,sarsa,0.2,0.95,0.03,0.992,0.03,117.5194800000001,0.6746702739262767,962.0,11.916666666666666
1122,sarsa,0.2,0.95,0.03,0.992,0.03,262.5701440000001,0.738929889298893,566.0,17.533333333333335
1123,sarsa,0.2,0.95,0.03,0.992,0.03,223.08714400000002,0.6965029142381349,729.0,11.283333333333333
1124,sarsa,0.2,0.95,0.03,0.992,0.03,298.47667199999995,0.7291666666666666,598.0,13.766666666666667
1125,sarsa,0.2,0.95,0.03,0.992,0.03,25.88158799999991,0.6688524590163935,707.0,9.858333333333333
1126,sarsa,0.2,0.95,0.03,0.992,0.03,181.12179200000037,0.6898413769827877,919.0,10.6
1127,sarsa,0.2,0.95,0.03,0.992,0.03,127.37188400000005,0.6688834441722086,946.0,12.241666666666667
1128,sarsa,0.2,0.95,0.03,0.992,0.03,458.8100560000001,0.8250577367205543,303.0,24.55
1129,sarsa,0.2,0.95,0.03,0.992,0.03,287.79605200000003,0.7292948414576431,572.0,13.391666666666667
1130,sarsa,0.2,0.95,0.03,0.992,0.03,424.24641200000013,0.7935222672064778,408.0,22.641666666666666
1131,sarsa,0.2,0.95,0.03,0.992,0.03,259.942232,0.705564142194745,762.0,15.516666666666667
1132,sarsa,0.2,0.95,0.03,0.992,0.03,165.74980000000002,0.6819897084048028,927.0,13.75
1133,sarsa,0.2,0.95,0.03,0.992,0.03,109.87849599999998,0.6875495638382236,788.0,13.633333333333333
1134,sarsa,0.2,0.95,0.03,0.992,0.03,481.51703600000025,0.800907029478458,439.0,16.675
1135,sarsa,0.2,0.95,0.03,0.992,0.03,305.30627999999996,0.7202746657029273,774.0,12.75
1136,sarsa,0.2,0.95,0.03,0.992,0.03,214.92185600000002,0.723444976076555,578.0,14.966666666666667
1137,sarsa,0.2,0.95,0.03,0.992,0.03,150.80224000000013,0.696894848270995,859.0,11.166666666666666
1138,sarsa,0.2,0.95,0.03,0.992,0.03,320.2069880000001,0.7290916366546618,677.0,16.108333333333334
1139,sarsa,0.2,0.95,0.03,0.992,0.03,367.8353120000002,0.7341017488076311,669.0,21.0
1140,sarsa,0.2,0.95,0.03,0.992,0.03,78.22482000000025,0.6612068965517242,1179.0,14.958333333333334
1141,sarsa,0.2,0.95,0.03,0.992,0.03,360.3955520000001,0.7687673772011121,499.0,21.1
1142,sarsa,0.2,0.95,0.03,0.992,0.03,371.4965080000001,0.7561174551386624,598.0,17.108333333333334
1143,sarsa,0.2,0.95,0.03,0.992,0.03,372.3005360000001,0.7417316982534374,695.0,16.883333333333333
1144,sarsa,0.2,0.95,0.03,0.992,0.03,398.294448,0.7434885556432518,650.0,14.733333333333333
1145,sarsa,0.2,0.95,0.03,0.992,0.03,208.52193200000005,0.7127217818044546,761.0,12.808333333333334
1146,sarsa,0.2,0.95,0.03,0.992,0.03,400.041632,0.7275905912269549,857.0,12.6
1147,sarsa,0.2,0.95,0.03,0.992,0.03,681.45222,0.8279143536875495,434.0,20.375
1148,sarsa,0.2,0.95,0.03,0.992,0.03,288.27261599999997,0.7405660377358491,605.0,21.366666666666667
1149,sarsa,0.2,0.95,0.03,0.992,0.03,308.378592,0.7464846980976013,613.0,18.933333333333334
1150,sarsa,0.2,0.95,0.03,0.992,0.03,461.5767920000002,0.8033064857990674,464.0,22.833333333333332
1151,sarsa,0.2,0.95,0.03,0.992,0.03,215.03960799999987,0.7219934102141681,675.0,15.65
1152,sarsa,0.2,0.95,0.03,0.992,0.03,123.14670400000017,0.6828501571777855,908.0,14.7
1153,sarsa,0.2,0.95,0.03,0.992,0.03,380.9210320000003,0.7756794104099494,487.0,19.683333333333334
1154,sarsa,0.2,0.95,0.03,0.992,0.03,343.8661640000001,0.7511757161179992,582.0,18.325
1155,sarsa,0.2,0.95,0.03,0.992,0.03,284.0083680000001,0.742844561867019,584.0,17.4
1156,sarsa,0.2,0.95,0.03,0.992,0.03,190.03633200000024,0.6964632724446171,781.0,16.141666666666666
1157,sarsa,0.2,0.95,0.03,0.992,0.03,161.321864,0.6881170018281536,853.0,14.783333333333333
1158,sarsa,0.2,0.95,0.03,0.992,0.03,343.27217600000023,0.7706715395157606,502.0,18.466666666666665
1159,sarsa,0.2,0.95,0.03,0.992,0.03,254.3463639999998,0.7228260869565217,714.0,13.741666666666667
1160,sarsa,0.2,0.95,0.03,0.992,0.03,311.4380840000002,0.7120661157024794,871.0,15.991666666666667
1161,sarsa,0.2,0.95,0.03,0.992,0.03,352.6253480000001,0.7275064267352185,742.0,16.191666666666666
1162,sarsa,0.2,0.95,0.03,0.992,0.03,-20.190323999999915,0.6581632653061225,804.0,11.175
1163,sarsa,0.2,0.95,0.03,0.992,0.03,-112.63749199999984,0.6288659793814433,1008.0,11.275
1164,sarsa,0.2,0.95,0.03,0.992,0.03,-75.82146399999999,0.6398667935299714,757.0,9.383333333333333
1165,sarsa,0.2,0.95,0.03,0.992,0.03,5.716352000000015,0.6630901287553648,785.0,11.933333333333334
1166,sarsa,0.2,0.95,0.03,0.992,0.03,58.08130800000001,0.6703065938681226,785.0,17.108333333333334
1167,sarsa,0.2,0.95,0.03,0.992,0.03,-96.00921999999997,0.6281730425455846,1040.0,11.708333333333334
1168,sarsa,0.2,0.95,0.03,0.992,0.03,191.00302400000012,0.7119396360408344,649.0,13.2
1169,sarsa,0.2,0.95,0.03,0.992,0.03,55.19240400000001,0.6742222222222222,733.0,11.158333333333333
1170,sarsa,0.2,0.95,0.03,0.992,0.03,337.41968800000006,0.7471445450964946,642.0,16.316666666666666
1171,sarsa,0.2,0.95,0.03,0.992,0.03,25.361692000000097,0.6607142857142857,912.0,10.808333333333334
1172,sarsa,0.2,0.95,0.03,0.992,0.03,-149.8801719999999,0.5968294772922023,941.0,6.858333333333333
1173,sarsa,0.2,0.95,0.03,0.992,0.03,404.0046120000002,0.7669616519174042,553.0,18.891666666666666
1174,sarsa,0.2,0.95,0.03,0.992,0.03,470.0042200000001,0.7717391304347826,525.0,16.208333333333332
1175,sarsa,0.2,0.95,0.03,0.992,0.03,442.3585040000001,0.7774590163934426,543.0,19.283333333333335
1176,sarsa,0.2,0.95,0.03,0.992,0.03,461.3657119999998,0.7876867360796741,469.0,18.266666666666666
1177,sarsa,0.2,0.95,0.03,0.992,0.03,409.99411200000014,0.764505119453925,552.0,16.6
1178,sarsa,0.2,0.95,0.03,0.992,0.03,309.09183600000006,0.7328821656050956,671.0,18.341666666666665
1179,sarsa,0.2,0.95,0.03,0.992,0.03,402.8995359999999,0.758963282937365,558.0,17.3
1180,sarsa,0.2,0.95,0.03,0.992,0.03,433.969456,0.7483968313843833,667.0,17.466666666666665
1181,sarsa,0.2,0.95,0.03,0.992,0.03,284.92852400000004,0.7136581469648562,717.0,16.741666666666667
1182,sarsa,0.2,0.95,0.03,0.992,0.03,151.7650800000001,0.685640362225097,729.0,11.916666666666666
1183,sarsa,0.2,0.95,0.03,0.992,0.03,177.364268,0.7004950495049505,847.0,10.941666666666666
1184,sarsa,0.2,0.95,0.03,0.992,0.03,432.5390880000002,0.761925411968777,549.0,18.4
1185,sarsa,0.2,0.95,0.03,0.992,0.03,733.3283880000002,0.863063063063063,304.0,19.858333333333334
1186,sarsa,0.2,0.95,0.03,0.992,0.03,403.46300400000024,0.7345100864553314,737.0,21.575
1187,sarsa,0.2,0.95,0.03,0.992,0.03,316.73611200000005,0.7372685185185185,681.0,17.433333333333334
1188,sarsa,0.2,0.95,0.03,0.992,0.03,519.7822759999999,0.8018264840182648,434.0,24.925
1189,sarsa,0.2,0.95,0.03,0.992,0.03,258.7391400000003,0.7129629629629629,713.0,15.958333333333334
1190,sarsa,0.2,0.95,0.03,0.992,0.03,681.4031960000002,0.8447946513849093,325.0,17.175
1191,sarsa,0.2,0.95,0.03,0.992,0.03,681.7859119999998,0.8308237378210807,382.0,21.183333333333334
1192,sarsa,0.2,0.95,0.03,0.992,0.03,430.67132000000004,0.7324675324675325,721.0,19.75
1193,sarsa,0.2,0.95,0.03,0.992,0.03,350.51685200000014,0.7111111111111111,858.0,14.225
1194,sarsa,0.2,0.95,0.03,0.992,0.03,401.98516799999993,0.7683946488294314,554.0,15.733333333333333
1195,sarsa,0.2,0.95,0.03,0.992,0.03,330.46683200000007,0.6989109545163357,940.0,12.6
1196,sarsa,0.2,0.95,0.03,0.992,0.03,306.5479200000001,0.7233960814444871,720.0,14.333333333333334
1197,sarsa,0.2,0.95,0.03,0.992,0.03,508.6771800000002,0.8130495141138362,404.0,19.208333333333332
1198,sarsa,0.2,0.95,0.03,0.992,0.03,616.8560400000001,0.8189768255356362,414.0,18.25
1199,sarsa,0.2,0.95,0.03,0.992,0.03,252.01598400000017,0.708380308154829,776.0,13.7
1200,sarsa,0.2,0.95,0.03,0.992,0.03,369.0876320000001,0.7316692667706708,688.0,16.766666666666666
1201,sarsa,0.2,0.95,0.03,0.992,0.03,440.22514400000017,0.7771326485037964,499.0,19.616666666666667
1202,sarsa,0.2,0.95,0.03,0.992,0.03,490.55875200000025,0.7817021276595745,513.0,22.766666666666666
1203,sarsa,0.2,0.95,0.03,0.992,0.03,464.055488,0.7817258883248731,473.0,18.4
1204,sarsa,0.2,0.95,0.03,0.992,0.03,562.9397720000002,0.8283283283283284,343.0,21.475
1205,sarsa,0.2,0.95,0.03,0.992,0.03,564.6316680000001,0.7931760741364785,491.0,16.358333333333334
1206,sarsa,0.2,0.95,0.03,0.992,0.03,222.24642000000014,0.7043580683156655,753.0,14.125
1207,sarsa,0.2,0.95,0.03,0.992,0.03,760.7245760000002,0.8463553033609778,352.0,19.3
1208,sarsa,0.2,0.95,0.03,0.992,0.03,471.4200960000002,0.7438894792773645,723.0,15.3
1209,sarsa,0.2,0.95,0.03,0.992,0.03,493.51048799999995,0.7925124041497519,460.0,17.983333333333334
1210,sarsa,0.2,0.95,0.03,0.992,0.03,589.0912559999998,0.8131335390039665,424.0,17.883333333333333
1211,sarsa,0.2,0.95,0.03,0.992,0.03,462.9924440000001,0.7892356399819086,466.0,21.075
1212,sarsa,0.2,0.95,0.03,0.992,0.03,807.436344,0.8635986733001658,329.0,16.283333333333335
1213,sarsa,0.2,0.95,0.03,0.992,0.03,611.0467400000001,0.8125791473195441,444.0,19.291666666666668
1214,sarsa,0.2,0.95,0.03,0.992,0.03,301.4562400000002,0.7050359712230215,861.0,16.166666666666668
1215,sarsa,0.2,0.95,0.03,0.992,0.03,640.9150000000002,0.8599056603773585,297.0,27.083333333333332
1216,sarsa,0.2,0.95,0.03,0.992,0.03,534.3879040000003,0.7711864406779662,567.0,17.2
1217,sarsa,0.2,0.95,0.03,0.992,0.03,597.9527280000002,0.7852929610696028,546.0,16.65
1218,sarsa,0.2,0.95,0.03,0.992,0.03,633.463532,0.8374941121055111,345.0,20.308333333333334
1219,sarsa,0.2,0.95,0.03,0.992,0.03,858.9132800000003,0.8977756743965926,216.0,19.833333333333332
1220,sarsa,0.2,0.95,0.03,0.992,0.03,193.90828400000012,0.6855495251017639,927.0,13.908333333333333
1221,sarsa,0.2,0.95,0.03,0.992,0.03,551.5412280000002,0.7995575221238939,453.0,18.941666666666666
1222,sarsa,0.2,0.95,0.03,0.992,0.03,789.0064400000002,0.8997995991983968,200.0,24.083333333333332
1223,sarsa,0.2,0.95,0.03,0.992,0.03,334.7801360000002,0.7045165394402035,929.0,16.05
1224,sarsa,0.2,0.95,0.03,0.992,0.03,719.315304,0.8384808013355592,387.0,16.783333333333335
1225,sarsa,0.2,0.95,0.03,0.992,0.03,736.016512,0.8616874135546335,300.0,20.766666666666666
1226,sarsa,0.2,0.95,0.03,0.992,0.03,808.4105959999999,0.8940397350993378,224.0,20.925
1227,sarsa,0.2,0.95,0.03,0.992,0.03,237.20444400000014,0.7000342817963662,875.0,15.241666666666667
1228,sarsa,0.2,0.95,0.03,0.992,0.03,404.1619680000002,0.7478197674418605,694.0,21.566666666666666
1229,sarsa,0.2,0.95,0.03,0.992,0.03,631.3177520000003,0.8377153218495014,358.0,18.183333333333334
1230,sarsa,0.2,0.95,0.03,0.992,0.03,653.6060520000001,0.8503464203233256,324.0,20.058333333333334
1231,sarsa,0.2,0.95,0.03,0.992,0.03,664.6582239999997,0.8481848184818482,322.0,21.533333333333335
1232,sarsa,0.2,0.95,0.03,0.992,0.03,-212.67331599999991,0.6046679499518768,1643.0,7.241666666666666
1233,sarsa,0.2,0.95,0.03,0.992,0.03,796.7103200000001,0.8872289156626506,234.0,18.5
1234,sarsa,0.2,0.95,0.03,0.992,0.03,582.8524200000003,0.8145454545454546,408.0,20.791666666666668
1235,sarsa,0.2,0.95,0.03,0.992,0.03,474.28773199999966,0.7750771604938271,583.0,15.725
1236,sarsa,0.2,0.95,0.03,0.992,0.03,667.0959160000002,0.8235294117647058,414.0,19.008333333333333
1237,sarsa,0.2,0.95,0.03,0.992,0.03,756.8736240000001,0.8911230995586071,222.0,18.616666666666667
1238,sarsa,0.2,0.95,0.03,0.992,0.03,491.7149559999999,0.7716194968553459,581.0,16.841666666666665
1239,sarsa,0.2,0.95,0.03,0.992,0.03,592.2745079999999,0.8102475032566218,437.0,14.608333333333333
1240,sarsa,0.2,0.95,0.03,0.992,0.03,684.4663440000002,0.8418254319893664,357.0,14.616666666666667
1241,sarsa,0.2,0.95,0.03,0.992,0.03,438.33756400000016,0.7664408130729374,586.0,14.575
1242,sarsa,0.2,0.95,0.03,0.992,0.03,587.5571320000001,0.798677139313766,487.0,15.308333333333334
1243,sarsa,0.2,0.95,0.03,0.992,0.03,261.3952680000002,0.7018319646241314,944.0,13.025
1244,sarsa,0.2,0.95,0.03,0.992,0.03,147.0998840000001,0.6845183133271776,1025.0,13.075
1245,sarsa,0.2,0.95,0.03,0.992,0.03,745.869384,0.8706774040738986,273.0,15.783333333333333
1246,sarsa,0.2,0.95,0.03,0.992,0.03,437.7620400000001,0.7609264101606276,640.0,16.583333333333332
1247,sarsa,0.2,0.95,0.03,0.992,0.03,427.038696,0.756596060943887,655.0,16.55
1248,sarsa,0.2,0.95,0.03,0.992,0.03,440.079456,0.7628205128205128,592.0,14.133333333333333
1249,sarsa,0.2,0.95,0.03,0.992,0.03,520.577352,0.7786131996658312,530.0,16.516666666666666
1250,sarsa,0.2,0.95,0.03,0.992,0.03,350.3100960000002,0.7206703910614525,750.0,18.633333333333333
1251,sarsa,0.2,0.95,0.03,0.992,0.03,96.44700800000011,0.6546925566343043,1067.0,14.4
1252,sarsa,0.2,0.95,0.03,0.992,0.03,606.7687199999998,0.7837541163556532,591.0,16.0
1253,sarsa,0.2,0.95,0.03,0.992,0.03,398.6098079999997,0.7410785091197463,653.0,11.9
1254,sarsa,0.2,0.95,0.03,0.992,0.03,629.767468,0.8481800766283525,317.0,18.441666666666666
1255,sarsa,0.2,0.95,0.03,0.992,0.03,399.03223999999994,0.7530285267682688,632.0,16.166666666666668
1256,sarsa,0.2,0.95,0.03,0.992,0.03,569.9708040000003,0.801336302895323,446.0,17.825
1257,sarsa,0.2,0.95,0.03,0.992,0.03,535.8673640000002,0.7551611734878667,676.0,15.825
1258,sarsa,0.2,0.95,0.03,0.992,0.03,516.7125440000003,0.7922077922077922,480.0,19.2
1259,sarsa,0.2,0.95,0.03,0.992,0.03,704.4186640000004,0.8422548555187115,333.0,21.45
1260,sarsa,0.2,0.95,0.03,0.992,0.03,829.0065200000003,0.8784602076124568,281.0,21.416666666666668
1261,sarsa,0.2,0.95,0.03,0.992,0.03,597.3264840000004,0.8463414634146341,315.0,20.158333333333335
1262,sarsa,0.2,0.95,0.03,0.992,0.03,284.189012,0.7230419977298524,732.0,17.225
1263,sarsa,0.2,0.95,0.03,0.992,0.03,455.3897840000003,0.7334010840108401,787.0,13.283333333333333
1264,sarsa,0.2,0.95,0.03,0.992,0.03,556.372196,0.7958579881656804,483.0,16.758333333333333
1265,sarsa,0.2,0.95,0.03,0.992,0.03,499.4825520000001,0.7627443464929091,619.0,14.85
1266,sarsa,0.2,0.95,0.03,0.992,0.03,507.1051919999999,0.8073613766730402,403.0,17.683333333333334
1267,sarsa,0.2,0.95,0.03,0.992,0.03,195.55280000000016,0.6952820148989003,859.0,17.5
1268,sarsa,0.2,0.95,0.03,0.992,0.03,546.225584,0.8108108108108109,406.0,17.033333333333335
1269,sarsa,0.2,0.95,0.03,0.992,0.03,415.49785199999997,0.7575878594249201,607.0,13.808333333333334
1270,sarsa,0.2,0.95,0.03,0.992,0.03,497.38234000000045,0.7746365105008077,558.0,19.291666666666668
1271,sarsa,0.2,0.95,0.03,0.992,0.03,488.065204,0.777027027027027,528.0,16.991666666666667
1272,sarsa,0.2,0.95,0.03,0.992,0.03,479.2888400000003,0.7632946821271491,592.0,16.583333333333332
1273,sarsa,0.2,0.95,0.03,0.992,0.03,467.7925160000001,0.787308533916849,486.0,15.258333333333333
1274,sarsa,0.2,0.95,0.03,0.992,0.03,476.08587999999975,0.7914221218961626,462.0,18.583333333333332
1275,sarsa,0.2,0.95,0.03,0.992,0.03,657.647332,0.826682789197904,430.0,18.125
1276,sarsa,0.2,0.95,0.03,0.992,0.03,693.9165720000003,0.828041237113402,417.0,17.308333333333334
1277,sarsa,0.2,0.95,0.03,0.992,0.03,525.1544120000002,0.810004589261129,414.0,19.308333333333334
1278,sarsa,0.2,0.95,0.03,0.992,0.03,318.1624360000002,0.725143614670791,622.0,15.425
1279,sarsa,0.2,0.95,0.03,0.992,0.03,577.3116319999999,0.8186763372620127,400.0,18.433333333333334
1280,sarsa,0.2,0.95,0.03,0.992,0.03,323.4552160000003,0.7396449704142012,616.0,13.8
1281,sarsa,0.2,0.95,0.03,0.992,0.03,478.05733200000026,0.7528353539303871,632.0,16.558333333333334
1282,sarsa,0.2,0.95,0.03,0.992,0.03,670.461652,0.8242372152986678,409.0,15.891666666666667
1283,sarsa,0.2,0.95,0.03,0.992,0.03,94.28727600000012,0.6695217701641685,926.0,11.175
1284,sarsa,0.2,0.95,0.03,0.992,0.03,513.0856399999999,0.7987206823027718,472.0,17.416666666666668
1285,sarsa,0.2,0.95,0.03,0.992,0.03,485.6284959999999,0.7727975270479135,588.0,15.3
1286,sarsa,0.2,0.95,0.03,0.992,0.03,317.8585400000002,0.7487460100319198,551.0,16.375
1287,sarsa,0.2,0.95,0.03,0.992,0.03,406.05668800000007,0.7643835616438356,602.0,15.066666666666666
1288,sarsa,0.2,0.95,0.03,0.992,0.03,300.8774760000001,0.7053087757313109,816.0,12.425
1289,sarsa,0.2,0.95,0.03,0.992,0.03,344.3976039999997,0.7328624844204403,643.0,16.158333333333335
1290,sarsa,0.2,0.95,0.03,0.992,0.03,159.26930000000004,0.7041813208284486,757.0,15.625
1291,sarsa,0.2,0.95,0.03,0.992,0.03,577.940612,0.796989247311828,472.0,18.058333333333334
1292,sarsa,0.2,0.95,0.03,0.992,0.03,665.7839399999999,0.8486997635933806,320.0,23.458333333333332
1293,sarsa,0.2,0.95,0.03,0.992,0.03,581.5233440000001,0.7903225806451613,494.0,18.366666666666667
1294,sarsa,0.2,0.95,0.03,0.992,0.03,299.70130000000006,0.7281445960900037,737.0,13.958333333333334
1295,sarsa,0.2,0.95,0.03,0.992,0.03,382.53880000000004,0.7453389830508474,601.0,17.5
1296,sarsa,0.2,0.95,0.03,0.992,0.03,574.3360200000001,0.8096947935368043,424.0,19.958333333333332
1297,sarsa,0.2,0.95,0.03,0.992,0.03,514.0650680000001,0.8058851447555766,409.0,18.441666666666666
1298,sarsa,0.2,0.95,0.03,0.992,0.03,382.03558000000027,0.7758985200845666,530.0,20.041666666666668
1299,sarsa,0.2,0.95,0.03,0.992,0.03,729.8799160000001,0.8548664944013781,337.0,18.725
1300,sarsa,0.2,0.95,0.03,0.992,0.03,268.98337999999995,0.7208661417322835,709.0,15.458333333333334
1301,sarsa,0.2,0.95,0.03,0.992,0.03,500.9674560000003,0.7771822358346095,582.0,16.633333333333333
1302,sarsa,0.2,0.95,0.03,0.992,0.03,454.2679040000003,0.7764550264550265,507.0,17.2
1303,sarsa,0.2,0.95,0.03,0.992,0.03,416.0063120000001,0.7784810126582279,490.0,16.183333333333334
1304,sarsa,0.2,0.95,0.03,0.992,0.03,513.194028,0.7994579945799458,444.0,16.441666666666666
1305,sarsa,0.2,0.95,0.03,0.992,0.03,444.26425600000016,0.7772747849705749,492.0,14.966666666666667
1306,sarsa,0.2,0.95,0.03,0.992,0.03,441.51304800000014,0.7813267813267813,445.0,15.983333333333333
1307,sarsa,0.2,0.95,0.03,0.992,0.03,420.2584999999999,0.7723004694835681,485.0,13.125
1308,sarsa,0.2,0.95,0.03,0.992,0.03,349.15844799999996,0.7177087233245976,754.0,13.9
1309,sarsa,0.2,0.95,0.03,0.992,0.03,496.241388,0.7711101585940848,534.0,13.608333333333333
1310,sarsa,0.2,0.95,0.03,0.992,0.03,288.02497200000005,0.6943602183141298,1008.0,13.141666666666667
1311,sarsa,0.2,0.95,0.03,0.992,0.03,-103.62939999999992,0.6127120926474549,1438.0,8.75
1312,sarsa,0.2,0.95,0.03,0.992,0.03,312.79822800000005,0.7056277056277056,884.0,9.358333333333333
1313,sarsa,0.2,0.95,0.03,0.992,0.03,600.5676080000002,0.8097601323407775,460.0,10.65
1314,sarsa,0.2,0.95,0.03,0.992,0.03,380.594992,0.7387938060309699,641.0,12.266666666666667
1315,sarsa,0.2,0.95,0.03,0.992,0.03,465.16092,0.7637339942172656,572.0,12.25
1316,sarsa,0.2,0.95,0.03,0.992,0.03,203.1576440000001,0.7050820328131252,737.0,13.575
1317,sarsa,0.2,0.95,0.03,0.992,0.03,629.3664759999999,0.8237762237762237,378.0,15.341666666666667
1318,sarsa,0.2,0.95,0.03,0.992,0.03,401.59014400000024,0.7182303106369626,898.0,10.866666666666667
1319,sarsa,0.2,0.95,0.03,0.992,0.03,474.940336,0.7966711650922177,452.0,17.3
1320,sarsa,0.2,0.95,0.03,0.992,0.03,499.5096160000001,0.7668944570994685,614.0,16.3
1321,sarsa,0.2,0.95,0.03,0.992,0.03,419.3647239999999,0.7548334018922255,596.0,13.825
1322,sarsa,0.2,0.95,0.03,0.992,0.03,433.25724399999996,0.7461430575035063,724.0,11.908333333333333
1323,sarsa,0.2,0.95,0.03,0.992,0.03,546.4390000000001,0.8097850937357111,416.0,17.083333333333332
1324,sarsa,0.2,0.95,0.03,0.992,0.03,381.24102,0.7477140482128013,607.0,12.875
1325,sarsa,0.2,0.95,0.03,0.992,0.03,-279.9950839999998,0.5845036319612591,1716.0,9.425
1326,sarsa,0.2,0.95,0.03,0.992,0.03,410.22841200000016,0.7442143727161997,630.0,15.141666666666667
1327,sarsa,0.2,0.95,0.03,0.992,0.03,359.13908800000024,0.6976241900647948,980.0,10.9
1328,sarsa,0.2,0.95,0.03,0.992,0.03,285.1659160000001,0.7275411218894982,646.0,14.841666666666667
1329,sarsa,0.2,0.95,0.03,0.992,0.03,551.6207159999998,0.8310185185185185,365.0,19.841666666666665
1330,sarsa,0.2,0.95,0.03,0.992,0.03,248.55424800000003,0.7319634703196347,587.0,12.65
1331,sarsa,0.2,0.95,0.03,0.992,0.03,549.3260160000002,0.7722946774762073,646.0,16.3
1332,sarsa,0.2,0.95,0.03,0.992,0.03,334.0845280000002,0.7055961070559611,847.0,15.4
1333,sarsa,0.2,0.95,0.03,0.992,0.03,274.17772000000014,0.7022653721682848,920.0,11.416666666666666
1334,sarsa,0.2,0.95,0.03,0.992,0.03,247.78672,0.7024846724749919,922.0,12.666666666666666
1335,sarsa,0.2,0.95,0.03,0.992,0.03,453.32908800000024,0.8002711251694532,442.0,19.233333333333334
1336,sarsa,0.2,0.95,0.03,0.992,0.03,378.7686119999999,0.7758542141230068,492.0,13.891666666666667
1337,sarsa,0.2,0.95,0.03,0.992,0.03,391.29126800000006,0.7759562841530054,492.0,16.358333333333334
1338,sarsa,0.2,0.95,0.03,0.992,0.03,524.3747640000004,0.8040018190086403,431.0,15.408333333333333
1339,sarsa,0.2,0.95,0.03,0.992,0.03,443.1679680000003,0.7753682487725041,549.0,13.233333333333333
1340,sarsa,0.2,0.95,0.03,0.992,0.03,593.627032,0.8080062184220754,494.0,15.516666666666667
1341,sarsa,0.2,0.95,0.03,0.992,0.03,176.86504,0.6794326241134752,904.0,12.0
1342,sarsa,0.2,0.95,0.03,0.992,0.03,366.6588360000002,0.7402551381998582,733.0,13.758333333333333
1343,sarsa,0.2,0.95,0.03,0.992,0.03,639.6764279999998,0.8310696095076401,398.0,18.941666666666666
1344,sarsa,0.2,0.95,0.03,0.992,0.03,184.28956800000006,0.7024320457796852,832.0,13.233333333333333
1345,sarsa,0.2,0.95,0.03,0.992,0.03,216.0751280000001,0.7001434720229556,836.0,13.316666666666666
1346,sarsa,0.2,0.95,0.03,0.992,0.03,283.99935600000003,0.7085315572470663,919.0,15.175
1347,sarsa,0.2,0.95,0.03,0.992,0.03,144.78501200000008,0.6975524475524476,692.0,13.891666666666667
1348,sarsa,0.2,0.95,0.03,0.992,0.03,324.0936280000002,0.7370272647317502,598.0,13.941666666666666
1349,sarsa,0.2,0.95,0.03,0.992,0.03,323.3175,0.7618164967562558,514.0,16.041666666666668
1350,sarsa,0.2,0.95,0.03,0.992,0.03,131.896584,0.6896825396825397,782.0,12.45
1351,sarsa,0.2,0.95,0.03,0.992,0.03,174.3636880000001,0.6929203539823009,694.0,11.316666666666666
1352,sarsa,0.2,0.95,0.03,0.992,0.03,305.58054000000004,0.7546599496221662,487.0,15.541666666666666
1353,sarsa,0.2,0.95,0.03,0.992,0.03,85.83320799999997,0.6610233258088789,901.0,11.483333333333333
1354,sarsa,0.2,0.95,0.03,0.992,0.03,234.095656,0.7183098591549296,600.0,13.716666666666667
1355,sarsa,0.2,0.95,0.03,0.992,0.03,100.83706400000014,0.6631799163179917,1127.0,13.116666666666667
1356,sarsa,0.2,0.95,0.03,0.992,0.03,-119.68420400000005,0.6032370953630796,907.0,13.425
1357,sarsa,0.2,0.95,0.03,0.992,0.03,425.03927200000004,0.7730263157894737,483.0,16.683333333333334
1358,sarsa,0.2,0.95,0.03,0.992,0.03,324.23592399999995,0.7302939923306349,633.0,13.825
1359,sarsa,0.2,0.95,0.03,0.992,0.03,471.7515320000001,0.7943361188486536,443.0,19.475
1360,sarsa,0.2,0.95,0.03,0.992,0.03,425.9643880000001,0.7722772277227723,506.0,14.025
1361,sarsa,0.2,0.95,0.03,0.992,0.03,245.1706680000001,0.7077805665112944,815.0,13.441666666666666
1362,sarsa,0.2,0.95,0.03,0.992,0.03,529.748364,0.7922810060711188,479.0,17.908333333333335
1363,sarsa,0.2,0.95,0.03,0.992,0.03,218.49174799999997,0.6948910325116113,854.0,14.525
1364,sarsa,0.2,0.95,0.03,0.992,0.03,333.43157999999994,0.747557003257329,620.0,17.541666666666668
1365,sarsa,0.2,0.95,0.03,0.992,0.03,395.6343280000002,0.7600174216027874,551.0,16.65
1366,sarsa,0.2,0.95,0.03,0.992,0.03,366.77873600000004,0.7300710339384373,684.0,13.966666666666667
1367,sarsa,0.2,0.95,0.03,0.992,0.03,126.8955280000001,0.6833721833721834,815.0,13.316666666666666
1368,sarsa,0.2,0.95,0.03,0.992,0.03,448.75572000000017,0.7880116959064327,435.0,17.25
1369,sarsa,0.2,0.95,0.03,0.992,0.03,262.34425600000003,0.7205596579867859,719.0,15.8
1370,sarsa,0.2,0.95,0.03,0.992,0.03,84.95289200000009,0.6756245268735807,857.0,13.308333333333334
1371,sarsa,0.2,0.95,0.03,0.992,0.03,418.8217920000001,0.7776694295465627,456.0,15.6
1372,sarsa,0.2,0.95,0.03,0.992,0.03,298.3422840000001,0.7167399121054734,709.0,17.241666666666667
1373,sarsa,0.2,0.95,0.03,0.992,0.03,563.818716,0.827060505002382,363.0,21.508333333333333
1374,sarsa,0.2,0.95,0.03,0.992,0.03,704.1512599999998,0.8516377649325626,308.0,19.875
1375,sarsa,0.2,0.95,0.03,0.992,0.03,378.79569200000014,0.7630732099758648,589.0,15.808333333333334
1376,sarsa,0.2,0.95,0.03,0.992,0.03,418.77166400000027,0.7293286219081272,766.0,15.2
1377,sarsa,0.2,0.95,0.03,0.992,0.03,372.2034320000001,0.768,551.0,15.516666666666667
1378,sarsa,0.2,0.95,0.03,0.992,0.03,472.91686000000004,0.8065825067628494,429.0,19.041666666666668
1379,sarsa,0.2,0.95,0.03,0.992,0.03,393.18266000000017,0.7810898928737774,470.0,14.458333333333334
1380,sarsa,0.2,0.95,0.03,0.992,0.03,376.1932920000001,0.7471181556195965,702.0,19.925
1381,sarsa,0.2,0.95,0.03,0.992,0.03,515.0257160000003,0.7949061662198391,459.0,15.258333333333333
1382,sarsa,0.2,0.95,0.03,0.992,0.03,348.57450800000015,0.7412811387900355,727.0,14.608333333333333
1383,sarsa,0.2,0.95,0.03,0.992,0.03,604.1580919999999,0.8078721745908028,493.0,19.141666666666666
1384,sarsa,0.2,0.95,0.03,0.992,0.03,517.4043000000001,0.811377245508982,441.0,22.708333333333332
1385,sarsa,0.2,0.95,0.03,0.992,0.03,480.97380000000027,0.7806267806267806,539.0,17.083333333333332
1386,sarsa,0.2,0.95,0.03,0.992,0.03,322.31414800000016,0.7442315213140399,654.0,16.191666666666666
1387,sarsa,0.2,0.95,0.03,0.992,0.03,552.47438,0.7981904012588513,513.0,20.041666666666668
1388,sarsa,0.2,0.95,0.03,0.992,0.03,672.463968,0.8743866535819431,256.0,25.733333333333334
1389,sarsa,0.2,0.95,0.03,0.992,0.03,559.9348720000005,0.7967956232903478,520.0,14.183333333333334
1390,sarsa,0.2,0.95,0.03,0.992,0.03,465.1437560000002,0.7668759811616954,594.0,16.008333333333333
1391,sarsa,0.2,0.95,0.03,0.992,0.03,250.98205200000012,0.7407736771898622,583.0,16.725
1392,sarsa,0.2,0.95,0.03,0.992,0.03,313.85430400000007,0.7244825124910778,772.0,17.2
1393,sarsa,0.2,0.95,0.03,0.992,0.03,493.89511999999996,0.7952825990209168,460.0,18.5
1394,sarsa,0.2,0.95,0.03,0.992,0.03,162.5662880000001,0.7027237354085603,764.0,12.566666666666666
1395,sarsa,0.2,0.95,0.03,0.992,0.03,446.99012000000016,0.778203490847169,521.0,16.416666666666668
1396,sarsa,0.2,0.95,0.03,0.992,0.03,258.10923599999995,0.7317666126418152,662.0,15.425
1397,sarsa,0.2,0.95,0.03,0.992,0.03,535.7284199999999,0.8370332996972755,323.0,22.458333333333332
1398,sarsa,0.2,0.95,0.03,0.992,0.03,566.778292,0.8269653052261748,394.0,18.725
1399,sarsa,0.2,0.95,0.03,0.992,0.03,330.957288,0.739247311827957,679.0,14.65
1400,sarsa,0.2,0.95,0.03,0.992,0.03,286.0786480000001,0.7173590504451038,762.0,14.316666666666666
1401,sarsa,0.2,0.95,0.03,0.992,0.03,263.9133039999999,0.7165558019216556,767.0,12.616666666666667
1402,sarsa,0.2,0.95,0.03,0.992,0.03,343.656836,0.755926933540614,628.0,11.258333333333333
1403,sarsa,0.2,0.95,0.03,0.992,0.03,345.91432,0.7732558139534884,468.0,16.833333333333332
1404,sarsa,0.2,0.95,0.03,0.992,0.03,149.85594800000004,0.7135439203807875,662.0,14.941666666666666
1405,sarsa,0.2,0.95,0.03,0.992,0.03,244.5408040000002,0.722074971601666,734.0,14.491666666666667
1406,sarsa,0.2,0.95,0.03,0.992,0.03,178.7089080000001,0.7042360060514372,782.0,12.108333333333333
1407,sarsa,0.2,0.95,0.03,0.992,0.03,525.5711920000001,0.8205841446453408,387.0,16.85
1408,sarsa,0.2,0.95,0.03,0.992,0.03,416.29340800000006,0.7916852928028609,466.0,20.233333333333334
1409,sarsa,0.2,0.95,0.03,0.992,0.03,343.35705599999994,0.7673336435551419,500.0,14.966666666666667
1410,sarsa,0.2,0.95,0.03,0.992,0.03,542.12546,0.8339980059820539,333.0,17.791666666666668
1411,sarsa,0.2,0.95,0.03,0.992,0.03,301.39461600000004,0.7560529922338968,534.0,15.883333333333333
1412,sarsa,0.2,0.95,0.03,0.992,0.03,133.75526399999995,0.6811352253756261,955.0,16.033333333333335
1413,sarsa,0.2,0.95,0.03,0.992,0.03,387.92025599999994,0.7531496062992126,627.0,13.3
1414,sarsa,0.2,0.95,0.03,0.992,0.03,297.25769999999994,0.7474874371859297,603.0,20.625
1415,sarsa,0.2,0.95,0.03,0.992,0.03,545.902816,0.7943498130452846,495.0,17.133333333333333
1416,sarsa,0.2,0.95,0.03,0.992,0.03,150.57526800000005,0.6775685497191939,976.0,13.858333333333333
1417,sarsa,0.2,0.95,0.03,0.992,0.03,404.5331320000003,0.7537103890894504,614.0,15.308333333333334
1418,sarsa,0.2,0.95,0.03,0.992,0.03,225.17774400000005,0.7323529411764705,637.0,15.866666666666667
1419,sarsa,0.2,0.95,0.03,0.992,0.03,205.86971200000008,0.7222699914015477,646.0,14.1
1420,sarsa,0.2,0.95,0.03,0.992,0.03,285.35096800000014,0.7270833333333333,655.0,16.983333333333334
1421,sarsa,0.2,0.95,0.03,0.992,0.03,223.71180400000014,0.6984246061515379,804.0,14.075
1422,sarsa,0.2,0.95,0.03,0.992,0.03,114.26394399999997,0.6831509846827134,724.0,9.616666666666667
1423,sarsa,0.2,0.95,0.03,0.992,0.03,382.17881600000004,0.7677419354838709,468.0,14.633333333333333
1424,sarsa,0.2,0.95,0.03,0.992,0.03,322.075428,0.7447584320875114,560.0,11.858333333333333
1425,sarsa,0.2,0.95,0.03,0.992,0.03,522.31792,0.7982994803967879,427.0,18.5
1426,sarsa,0.2,0.95,0.03,0.992,0.03,365.22161200000005,0.7815684536996013,493.0,18.475
1427,sarsa,0.2,0.95,0.03,0.992,0.03,554.3378360000003,0.7952979327117957,505.0,20.841666666666665
1428,sarsa,0.2,0.95,0.03,0.992,0.03,251.83076000000008,0.7271983640081799,667.0,15.916666666666666
1429,sarsa,0.2,0.95,0.03,0.992,0.03,175.26878800000014,0.6901031715705006,811.0,14.025
1430,sarsa,0.2,0.95,0.03,0.992,0.03,41.46442000000002,0.6740899357601713,761.0,11.625
1431,sarsa,0.2,0.95,0.03,0.992,0.03,255.84475999999998,0.698016164584864,822.0,14.25
1432,sarsa,0.2,0.95,0.03,0.992,0.03,215.5142400000001,0.6978861788617886,929.0,12.833333333333334
1433,sarsa,0.2,0.95,0.03,0.992,0.03,416.4253200000001,0.779613025011798,467.0,18.083333333333332
1434,sarsa,0.2,0.95,0.03,0.992,0.03,250.55599600000002,0.7354166666666667,635.0,13.841666666666667
1435,sarsa,0.2,0.95,0.03,0.992,0.03,51.03696400000004,0.6724671307037896,847.0,11.658333333333333
1436,sarsa,0.2,0.95,0.03,0.992,0.03,257.4958000000003,0.6943127962085308,903.0,14.583333333333334
1437,sarsa,0.2,0.95,0.03,0.992,0.03,139.59246,0.6792452830188679,833.0,13.208333333333334
1438,sarsa,0.2,0.95,0.03,0.992,0.03,112.32739600000012,0.7040583675330597,649.0,10.925
1439,sarsa,0.2,0.95,0.03,0.992,0.03,100.44844800000008,0.6884272997032641,735.0,10.566666666666666
1440,sarsa,0.2,0.95,0.03,0.992,0.03,31.599648000000073,0.6536606751424814,790.0,11.4
1441,sarsa,0.2,0.95,0.03,0.992,0.03,-176.45776799999993,0.5960548885077187,942.0,8.016666666666667
1442,sarsa,0.2,0.95,0.03,0.992,0.03,152.77735200000006,0.6741610738255034,971.0,17.35
1443,sarsa,0.2,0.95,0.03,0.992,0.03,368.4129280000001,0.7893719806763285,436.0,18.733333333333334
1444,sarsa,0.2,0.95,0.03,0.992,0.03,321.7873920000002,0.7529566360052562,564.0,18.933333333333334
1445,sarsa,0.2,0.95,0.03,0.992,0.03,159.7982160000002,0.6774302051799529,959.0,13.383333333333333
1446,sarsa,0.2,0.95,0.03,0.992,0.03,607.6344559999999,0.8293838862559242,396.0,25.383333333333333
1447,sarsa,0.2,0.95,0.03,0.992,0.03,446.0383400000001,0.7751355861493534,539.0,18.458333333333332
1448,sarsa,0.2,0.95,0.03,0.992,0.03,456.380968,0.7755102040816326,550.0,17.816666666666666
1449,sarsa,0.2,0.95,0.03,0.992,0.03,262.0762520000002,0.7238214434710054,662.0,15.475
1450,sarsa,0.2,0.95,0.03,0.992,0.03,70.99724000000012,0.66268758526603,989.0,12.416666666666666
1451,sarsa,0.2,0.95,0.03,0.992,0.03,-188.2341879999999,0.6171948540947599,1220.0,13.058333333333334
1452,sarsa,0.2,0.95,0.03,0.992,0.03,305.6955919999999,0.7450567942785024,606.0,17.683333333333334
1453,sarsa,0.2,0.95,0.03,0.992,0.03,45.206144000000066,0.6731855714906563,752.0,14.2
1454,sarsa,0.2,0.95,0.03,0.992,0.03,29.32358,0.6685552407932012,819.0,10.875
1455,sarsa,0.2,0.95,0.03,0.992,0.03,356.65516800000006,0.7624536846438864,577.0,18.233333333333334
1456,sarsa,0.2,0.95,0.03,0.992,0.03,602.664352,0.8515803939532753,324.0,25.266666666666666
1457,sarsa,0.2,0.95,0.03,0.992,0.03,163.54647200000005,0.7042009527934171,683.0,10.85
1458,sarsa,0.2,0.95,0.03,0.992,0.03,330.558028,0.7287842050571528,783.0,15.608333333333333
1459,sarsa,0.2,0.95,0.03,0.992,0.03,424.8050480000002,0.7817343946376204,521.0,17.65
1460,sarsa,0.2,0.95,0.03,0.992,0.03,215.3485720000001,0.6975862068965517,877.0,12.308333333333334
1461,sarsa,0.2,0.95,0.03,0.992,0.03,331.973852,0.7311208940060955,794.0,14.641666666666667
1462,sarsa,0.2,0.95,0.03,0.992,0.03,125.15874800000012,0.6882556131260794,722.0,14.941666666666666
1463,sarsa,0.2,0.95,0.03,0.992,0.03,-9.537223999999917,0.6462522851919561,774.0,10.55
1464,sarsa,0.2,0.95,0.03,0.992,0.03,403.7748640000002,0.7403846153846154,648.0,13.533333333333333
1465,sarsa,0.2,0.95,0.03,0.992,0.03,-163.10061599999997,0.6100401606425703,971.0,9.116666666666667
1466,sarsa,0.2,0.95,0.03,0.992,0.03,13.870028000000122,0.6597164303586321,816.0,13.941666666666666
1467,sarsa,0.2,0.95,0.03,0.992,0.03,244.77654800000013,0.7088326675543719,656.0,14.525
1468,sarsa,0.2,0.95,0.03,0.992,0.03,29.399128000000047,0.6530097699338165,1101.0,11.65
1469,sarsa,0.2,0.95,0.03,0.992,0.03,262.01356400000003,0.7059276366435719,764.0,17.075
1470,sarsa,0.2,0.95,0.03,0.992,0.03,164.49303600000005,0.7180343511450382,591.0,13.341666666666667
1471,sarsa,0.2,0.95,0.03,0.992,0.03,-151.63346799999982,0.6172344689378757,1146.0,9.058333333333334
1472,sarsa,0.2,0.95,0.03,0.992,0.03,245.66016400000012,0.7090626215480358,748.0,12.491666666666667
1473,sarsa,0.2,0.95,0.03,0.992,0.03,165.8523040000001,0.7036727879799666,710.0,12.2
1474,sarsa,0.2,0.95,0.03,0.992,0.03,444.56712400000026,0.7559701492537313,654.0,15.491666666666667
1475,sarsa,0.2,0.95,0.03,0.992,0.03,303.74025200000005,0.7570951585976627,582.0,15.475
1476,sarsa,0.2,0.95,0.03,0.992,0.03,307.5179519999998,0.743785084202085,639.0,16.1
1477,sarsa,0.2,0.95,0.03,0.992,0.03,711.0495160000003,0.8755406054781355,259.0,22.341666666666665
1478,sarsa,0.2,0.95,0.03,0.992,0.03,552.1563960000001,0.8269230769230769,378.0,18.008333333333333
1479,sarsa,0.2,0.95,0.03,0.992,0.03,211.65038800000002,0.700978615440377,825.0,14.025
1480,sarsa,0.2,0.95,0.03,0.992,0.03,320.34185599999995,0.7342412451361867,683.0,14.966666666666667
1481,sarsa,0.2,0.95,0.03,0.992,0.03,394.0513600000001,0.7631818181818182,521.0,18.0
1482,sarsa,0.2,0.95,0.03,0.992,0.03,337.1717640000001,0.7429094236047575,562.0,12.491666666666667
1483,sarsa,0.2,0.95,0.03,0.992,0.03,242.0432920000001,0.6980609418282548,872.0,14.141666666666667
1484,sarsa,0.2,0.95,0.03,0.992,0.03,493.66782000000006,0.7756309148264984,569.0,16.208333333333332
1485,sarsa,0.2,0.95,0.03,0.992,0.03,164.818324,0.7015915119363395,675.0,12.991666666666667
1486,sarsa,0.2,0.95,0.03,0.992,0.03,377.71126400000014,0.7618138424821003,499.0,15.2
1487,sarsa,0.2,0.95,0.03,0.992,0.03,92.04608000000002,0.6667834618079888,951.0,14.833333333333334
1488,sarsa,0.2,0.95,0.03,0.992,0.03,177.6675000000002,0.6687341415280519,1175.0,11.875
1489,sarsa,0.2,0.95,0.03,0.992,0.03,316.8751000000001,0.7364782431882879,648.0,12.708333333333334
1490,sarsa,0.2,0.95,0.03,0.992,0.03,90.92875200000017,0.688912429378531,881.0,16.933333333333334
1491,sarsa,0.2,0.95,0.03,0.992,0.03,240.36790800000014,0.7280064568200162,674.0,14.191666666666666
1492,sarsa,0.2,0.95,0.03,0.992,0.03,125.78722400000012,0.6878787878787879,721.0,14.45
1493,sarsa,0.2,0.95,0.03,0.992,0.03,323.93170400000014,0.7290709996467679,767.0,15.116666666666667
1494,sarsa,0.2,0.95,0.03,0.992,0.03,376.91338399999995,0.7638611886717191,592.0,21.466666666666665
1495,sarsa,0.2,0.95,0.03,0.992,0.03,477.942096,0.8042125418860699,409.0,18.633333333333333
1496,sarsa,0.2,0.95,0.03,0.992,0.03,312.667112,0.732496194824962,703.0,15.35
1497,sarsa,0.2,0.95,0.03,0.992,0.03,527.6394520000003,0.8171536286522149,388.0,12.975
1498,sarsa,0.2,0.95,0.03,0.992,0.03,346.1479840000002,0.7231372549019608,706.0,16.2
1499,sarsa,0.2,0.95,0.03,0.992,0.03,230.50436799999994,0.740139211136891,560.0,12.4
1500,sarsa,0.2,0.95,0.03,0.992,0.03,564.8751240000001,0.8250701590271281,374.0,22.991666666666667
1501,sarsa,0.2,0.95,0.03,0.992,0.03,375.36216,0.7632789627770807,566.0,20.5
1502,sarsa,0.2,0.95,0.03,0.992,0.03,423.05700000000013,0.7546957175056349,653.0,15.416666666666666
1503,sarsa,0.2,0.95,0.03,0.992,0.03,354.2746840000001,0.7411553963278101,578.0,12.241666666666667
1504,sarsa,0.2,0.95,0.03,0.992,0.03,359.69216400000005,0.7722627737226277,468.0,18.325
1505,sarsa,0.2,0.95,0.03,0.992,0.03,361.16436799999997,0.7405112316034083,670.0,11.566666666666666
1506,sarsa,0.2,0.95,0.03,0.992,0.03,310.8308200000002,0.7032219923145138,1004.0,9.958333333333334
1507,sarsa,0.2,0.95,0.03,0.992,0.03,306.94060799999994,0.7180064308681672,877.0,14.4
1508,sarsa,0.2,0.95,0.03,0.992,0.03,203.35293600000014,0.7005516154452325,760.0,11.05
1509,sarsa,0.2,0.95,0.03,0.992,0.03,324.9005720000001,0.7744578313253012,468.0,13.975
1510,sarsa,0.2,0.95,0.03,0.992,0.03,384.97227200000015,0.7523809523809524,572.0,12.1
1511,sarsa,0.2,0.95,0.03,0.992,0.03,145.79260800000003,0.6781832298136646,829.0,12.733333333333333
1512,sarsa,0.2,0.95,0.03,0.992,0.03,284.45155600000004,0.7309840996991835,626.0,14.758333333333333
1513,sarsa,0.2,0.95,0.03,0.992,0.03,111.49657200000006,0.6819338422391857,875.0,13.975
1514,sarsa,0.2,0.95,0.03,0.992,0.03,96.41675999999997,0.6732456140350878,894.0,13.416666666666666
1515,sarsa,0.2,0.95,0.03,0.992,0.03,219.59504000000007,0.7352941176470589,558.0,14.5
1516,sarsa,0.2,0.95,0.03,0.992,0.03,189.4717520000001,0.7115085536547434,742.0,18.183333333333334
1517,sarsa,0.2,0.95,0.03,0.992,0.03,51.12289199999997,0.6661052631578948,793.0,11.641666666666667
1518,sarsa,0.2,0.95,0.03,0.992,0.03,268.98188799999997,0.7358649789029535,626.0,14.233333333333333
1519,sarsa,0.2,0.95,0.03,0.992,0.03,176.38909199999992,0.7104451300132217,657.0,19.775
1520,sarsa,0.2,0.95,0.03,0.992,0.03,364.0095600000002,0.7514792899408284,588.0,15.083333333333334
1521,sarsa,0.2,0.95,0.03,0.992,0.03,230.21367200000003,0.7142857142857143,740.0,15.016666666666667
1522,sarsa,0.2,0.95,0.03,0.992,0.03,475.03426800000005,0.7765751836103595,578.0,15.941666666666666
1523,sarsa,0.2,0.95,0.03,0.992,0.03,261.3029960000001,0.7100308113659706,847.0,10.925
1524,sarsa,0.2,0.95,0.03,0.992,0.03,263.64181600000006,0.7271948608137045,637.0,20.05
1525,sarsa,0.2,0.95,0.03,0.992,0.03,317.71225200000003,0.7535986452159187,582.0,21.308333333333334
1526,sarsa,0.2,0.95,0.03,0.992,0.03,-70.40798399999989,0.626746506986028,1309.0,10.466666666666667
1527,sarsa,0.2,0.95,0.03,0.992,0.03,-16.794583999999976,0.6489164086687307,1134.0,9.216666666666667
1528,sarsa,0.2,0.95,0.03,0.992,0.03,144.582724,0.7020517395182873,668.0,14.658333333333333
1529,sarsa,0.2,0.95,0.03,0.992,0.03,106.67338799999996,0.6747608535688006,884.0,13.608333333333333
1530,sarsa,0.2,0.95,0.03,0.992,0.03,188.31714400000016,0.7158110882956878,692.0,17.95
1531,sarsa,0.2,0.95,0.03,0.992,0.03,212.05978800000014,0.6958415841584158,768.0,15.275
1532,sarsa,0.2,0.95,0.03,0.992,0.03,-31.364607999999954,0.6523090586145648,783.0,13.1
1533,sarsa,0.2,0.95,0.03,0.992,0.03,378.42004400000013,0.7639524245196706,516.0,19.408333333333335
1534,sarsa,0.2,0.95,0.03,0.992,0.03,245.18024400000007,0.704582385440364,909.0,15.658333333333333
1535,sarsa,0.2,0.95,0.03,0.992,0.03,180.78718400000014,0.7262464722483537,582.0,21.4
1536,sarsa,0.2,0.95,0.03,0.992,0.03,291.68755200000004,0.7176882661996498,806.0,16.1
1537,sarsa,0.2,0.95,0.03,0.992,0.03,207.34890399999995,0.7074880118037624,793.0,11.783333333333333
1538,sarsa,0.2,0.95,0.03,0.992,0.03,48.64531600000005,0.6565310492505353,802.0,11.925
1539,sarsa,0.2,0.95,0.03,0.992,0.03,292.73070000000007,0.7262849979105725,655.0,16.875
1540,sarsa,0.2,0.95,0.03,0.992,0.03,474.35020800000035,0.7603596559812353,613.0,17.733333333333334
1541,sarsa,0.2,0.95,0.03,0.992,0.03,726.365912,0.8351555929352397,392.0,19.516666666666666
1542,sarsa,0.2,0.95,0.03,0.992,0.03,254.47160000000008,0.7433414043583535,530.0,20.833333333333332
1543,sarsa,0.2,0.95,0.03,0.992,0.03,505.3944520000003,0.762756052141527,637.0,19.225
1544,sarsa,0.2,0.95,0.03,0.992,0.03,434.95471600000025,0.7936140675613143,446.0,20.675
1545,sarsa,0.2,0.95,0.03,0.992,0.03,497.591136,0.7956238361266295,439.0,20.633333333333333
1546,sarsa,0.2,0.95,0.03,0.992,0.03,389.7321520000001,0.7478005865102639,602.0,15.683333333333334
1547,sarsa,0.2,0.95,0.03,0.992,0.03,369.2283200000003,0.7637959866220736,565.0,14.333333333333334
1548,sarsa,0.2,0.95,0.03,0.992,0.03,361.5285559999999,0.7557218309859155,555.0,11.008333333333333
1549,sarsa,0.2,0.95,0.03,0.992,0.03,346.476496,0.7588424437299035,525.0,16.133333333333333
1550,sarsa,0.2,0.95,0.03,0.992,0.03,426.76745200000016,0.7727930535455861,471.0,16.308333333333334
1551,sarsa,0.2,0.95,0.03,0.992,0.03,260.1618839999999,0.730736301369863,629.0,13.908333333333333
1552,sarsa,0.2,0.95,0.03,0.992,0.03,-34.059635999999884,0.6308666858623668,1282.0,9.575
1553,sarsa,0.2,0.95,0.03,0.992,0.03,323.0761800000001,0.7305680119581465,721.0,13.791666666666666
1554,sarsa,0.2,0.95,0.03,0.992,0.03,622.6325040000002,0.823221300742034,405.0,15.95
1555,sarsa,0.2,0.95,0.03,0.992,0.03,510.1949239999998,0.7838208409506399,473.0,15.908333333333333
1556,sarsa,0.2,0.95,0.03,0.992,0.03,225.70903200000012,0.7057587221521647,700.0,17.183333333333334
1557,sarsa,0.2,0.95,0.03,0.992,0.03,387.20733200000006,0.7351524879614767,660.0,12.391666666666667
1558,sarsa,0.2,0.95,0.03,0.992,0.03,376.2533400000001,0.7518018018018018,551.0,18.041666666666668
1559,sarsa,0.2,0.95,0.03,0.992,0.03,351.51607199999995,0.7375565610859729,638.0,14.183333333333334
1560,sarsa,0.2,0.95,0.03,0.992,0.03,361.53951600000016,0.753635962979286,559.0,18.175
1561,sarsa,0.2,0.95,0.03,0.992,0.03,153.27512400000012,0.667574931880109,976.0,10.491666666666667
1562,sarsa,0.2,0.95,0.03,0.992,0.03,174.32274,0.698058653448988,731.0,15.125
1563,sarsa,0.2,0.95,0.03,0.992,0.03,477.69447600000024,0.7803171641791045,471.0,16.175
1564,sarsa,0.2,0.95,0.03,0.992,0.03,577.6545639999999,0.8008434864104967,425.0,16.658333333333335
1565,sarsa,0.2,0.95,0.03,0.992,0.03,182.4155479999998,0.7054017249205629,649.0,14.108333333333333
1566,sarsa,0.2,0.95,0.03,0.992,0.03,192.0705920000002,0.700081499592502,736.0,15.6
1567,sarsa,0.2,0.95,0.03,0.992,0.03,157.541976,0.6996086105675147,614.0,14.716666666666667
1568,sarsa,0.2,0.95,0.03,0.992,0.03,182.70547999999997,0.7073055028462998,617.0,20.25
1569,sarsa,0.2,0.95,0.03,0.992,0.03,154.82351200000002,0.6912811387900356,694.0,13.683333333333334
1570,sarsa,0.2,0.95,0.03,0.992,0.03,384.76633600000014,0.7390180878552972,606.0,15.633333333333333
1571,sarsa,0.2,0.95,0.03,0.992,0.03,340.99162,0.749003984063745,630.0,18.291666666666668
1572,sarsa,0.2,0.95,0.03,0.992,0.03,644.294308,0.8450635386119257,317.0,20.858333333333334
1573,sarsa,0.2,0.95,0.03,0.992,0.03,354.5662280000001,0.7244154848600997,719.0,16.858333333333334
1574,sarsa,0.2,0.95,0.03,0.992,0.03,543.3110320000003,0.7984327383543752,463.0,15.516666666666667
1575,sarsa,0.2,0.95,0.03,0.992,0.03,538.2492280000004,0.7846687211093991,559.0,18.108333333333334
1576,sarsa,0.2,0.95,0.03,0.992,0.03,607.1941959999999,0.831229546517064,361.0,18.425
1577,sarsa,0.2,0.95,0.03,0.992,0.03,200.17033199999997,0.6917534027221778,770.0,10.308333333333334
1578,sarsa,0.2,0.95,0.03,0.992,0.03,362.4784239999999,0.7629179331306991,546.0,15.283333333333333
1579,sarsa,0.2,0.95,0.03,0.992,0.03,214.03545200000008,0.6886249100071994,865.0,12.975
1580,sarsa,0.2,0.95,0.03,0.992,0.03,373.4409119999999,0.774803876326719,488.0,18.266666666666666
1581,sarsa,0.2,0.95,0.03,0.992,0.03,252.73976000000002,0.7247124157080523,694.0,15.5
1582,sarsa,0.2,0.95,0.03,0.992,0.03,572.207604,0.7978260869565217,465.0,17.825
1583,sarsa,0.2,0.95,0.03,0.992,0.03,380.5022959999999,0.7602085143353605,552.0,18.216666666666665
1584,sarsa,0.2,0.95,0.03,0.992,0.03,290.32644000000016,0.7301455301455302,649.0,15.75
1585,sarsa,0.2,0.95,0.03,0.992,0.03,567.0742799999998,0.7751343054489639,586.0,15.25
1586,sarsa,0.2,0.95,0.03,0.992,0.03,237.84400800000012,0.7241379310344828,712.0,19.816666666666666
1587,sarsa,0.2,0.95,0.03,0.992,0.03,542.574724,0.8232151529868869,364.0,22.158333333333335
1588,sarsa,0.2,0.95,0.03,0.992,0.03,520.6965720000003,0.7748966553927095,599.0,16.475
1589,sarsa,0.2,0.95,0.03,0.992,0.03,207.49215599999997,0.7048910809699959,718.0,15.175
1590,sarsa,0.2,0.95,0.03,0.992,0.03,222.77619600000006,0.7098712446351931,676.0,15.925
1591,sarsa,0.2,0.95,0.03,0.992,0.03,-16.832343999999992,0.6490566037735849,744.0,12.883333333333333
1592,sarsa,0.2,0.95,0.03,0.992,0.03,42.268504000000036,0.6723834652594547,745.0,13.45
1593,sarsa,0.2,0.95,0.03,0.992,0.03,392.18333600000005,0.7403292181069959,631.0,14.383333333333333
1594,sarsa,0.2,0.95,0.03,0.992,0.03,292.342048,0.7418886198547215,533.0,13.066666666666666
1595,sarsa,0.2,0.95,0.03,0.992,0.03,25.846064000000073,0.6583552055993,781.0,9.366666666666667
1596,sarsa,0.2,0.95,0.03,0.992,0.03,47.907008000000076,0.6769718588981372,815.0,12.733333333333333
1597,sarsa,0.2,0.95,0.03,0.992,0.03,43.74829200000003,0.6579941250524549,815.0,10.391666666666667
1598,sarsa,0.2,0.95,0.03,0.992,0.03,324.70116000000013,0.7671601615074024,519.0,16.75
1599,sarsa,0.2,0.95,0.03,0.992,0.03,451.75266400000015,0.7952508960573477,457.0,19.783333333333335
1600,sarsa,0.2,0.95,0.03,0.992,0.03,-13.944500000000085,0.6398974797095258,843.0,8.541666666666666
1601,sarsa,0.2,0.95,0.03,0.992,0.03,196.6039320000001,0.6925925925925925,830.0,13.641666666666667
1602,sarsa,0.2,0.95,0.03,0.992,0.03,210.18860000000012,0.7157894736842105,648.0,15.416666666666666
1603,sarsa,0.2,0.95,0.03,0.992,0.03,454.9220839999997,0.7882003395585738,499.0,17.908333333333335
1604,sarsa,0.2,0.95,0.03,0.992,0.03,134.36683200000002,0.6987951807228916,750.0,12.6
1605,sarsa,0.2,0.95,0.03,0.992,0.03,589.6129559999999,0.8337088778729157,369.0,20.175
1606,sarsa,0.2,0.95,0.03,0.992,0.03,606.6015960000001,0.8266022827041264,395.0,21.341666666666665
1607,sarsa,0.2,0.95,0.03,0.992,0.03,435.56850800000046,0.7478862413528056,656.0,14.608333333333333
1608,sarsa,0.2,0.95,0.03,0.992,0.03,261.2327520000003,0.7039230199851961,800.0,15.266666666666667
1609,sarsa,0.2,0.95,0.03,0.992,0.03,243.49783200000027,0.7154316271963331,745.0,20.516666666666666
1610,sarsa,0.2,0.95,0.03,0.992,0.03,313.1331320000003,0.7371541501976284,665.0,20.308333333333334
1611,sarsa,0.2,0.95,0.03,0.992,0.03,370.8441960000003,0.7517909818794775,589.0,18.425
1612,sarsa,0.2,0.95,0.03,0.992,0.03,377.689176,0.7601809954751131,530.0,14.716666666666667
1613,sarsa,0.2,0.95,0.03,0.992,0.03,430.8288120000001,0.7927556166895919,452.0,16.808333333333334
1614,sarsa,0.2,0.95,0.03,0.992,0.03,460.27092800000014,0.7608142493638677,658.0,17.9
1615,sarsa,0.2,0.95,0.03,0.992,0.03,210.097016,0.7147701582516955,757.0,20.583333333333332
1616,sarsa,0.2,0.95,0.03,0.992,0.03,517.1495640000003,0.7701458173445894,599.0,15.408333333333333
1617,sarsa,0.2,0.95,0.03,0.992,0.03,382.01318400000014,0.7343065693430657,728.0,12.033333333333333
1618,sarsa,0.2,0.95,0.03,0.992,0.03,344.35184400000014,0.7458432304038005,642.0,18.091666666666665
1619,sarsa,0.2,0.95,0.03,0.992,0.03,209.4602640000001,0.7145049884881044,744.0,13.116666666666667
1620,sarsa,0.2,0.95,0.03,0.992,0.03,136.33896400000012,0.7061674008810572,667.0,13.325
1621,sarsa,0.2,0.95,0.03,0.992,0.03,537.2627880000002,0.785140562248996,535.0,17.358333333333334
1622,sarsa,0.2,0.95,0.03,0.992,0.03,356.3001,0.7391474384043801,667.0,17.291666666666668
1623,sarsa,0.2,0.95,0.03,0.992,0.03,348.270036,0.7740295748613678,489.0,19.508333333333333
1624,sarsa,0.2,0.95,0.03,0.992,0.03,395.14962399999996,0.7440061871616396,662.0,14.45
1625,sarsa,0.2,0.95,0.03,0.992,0.03,294.49122,0.7096428571428571,813.0,13.291666666666666
1626,sarsa,0.2,0.95,0.03,0.992,0.03,576.3711080000003,0.7944325481798715,480.0,15.858333333333333
1627,sarsa,0.2,0.95,0.03,0.992,0.03,-83.68242799999985,0.6275862068965518,1242.0,12.725
1628,sarsa,0.2,0.95,0.03,0.992,0.03,150.06984800000012,0.6900042176296921,735.0,12.65
1629,sarsa,0.2,0.95,0.03,0.992,0.03,395.6956720000002,0.7647058823529411,544.0,17.516666666666666
1630,sarsa,0.2,0.95,0.03,0.992,0.03,379.31923200000017,0.7491539763113367,593.0,14.266666666666667
1631,sarsa,0.2,0.95,0.03,0.992,0.03,297.03924,0.703862660944206,897.0,12.416666666666666
1632,sarsa,0.2,0.95,0.03,0.992,0.03,528.3782440000003,0.7957875457875457,446.0,13.991666666666667
1633,sarsa,0.2,0.95,0.03,0.992,0.03,425.8132440000001,0.7422434367541766,648.0,16.908333333333335
1634,sarsa,0.2,0.95,0.03,0.992,0.03,467.1497239999999,0.7607003891050583,615.0,17.575
1635,sarsa,0.2,0.95,0.03,0.992,0.03,266.4349079999998,0.7204535542956825,641.0,15.441666666666666
1636,sarsa,0.2,0.95,0.03,0.992,0.03,584.8629079999997,0.84585926280517,322.0,17.108333333333334
1637,sarsa,0.2,0.95,0.03,0.992,0.03,-239.04575999999977,0.5995316159250585,1710.0,7.0
1638,sarsa,0.2,0.95,0.03,0.992,0.03,434.25214400000027,0.7720618987871184,545.0,15.866666666666667
1639,sarsa,0.2,0.95,0.03,0.992,0.03,409.46640800000006,0.7658415841584159,473.0,15.65
1640,sarsa,0.2,0.95,0.03,0.992,0.03,152.82526800000002,0.6859041622945086,898.0,13.858333333333333
1641,sarsa,0.2,0.95,0.03,0.992,0.03,586.2253760000002,0.7966457023060797,485.0,16.8
1642,sarsa,0.2,0.95,0.03,0.992,0.03,467.21521600000005,0.7776280323450134,495.0,15.466666666666667
1643,sarsa,0.2,0.95,0.03,0.992,0.03,343.69637999999986,0.7285471537807986,639.0,15.041666666666666
1644,sarsa,0.2,0.95,0.03,0.992,0.03,651.8203159999999,0.8161888701517707,436.0,16.508333333333333
1645,sarsa,0.2,0.95,0.03,0.992,0.03,487.5647240000002,0.7856494096276113,472.0,17.991666666666667
1646,sarsa,0.2,0.95,0.03,0.992,0.03,783.942448,0.9004926108374385,202.0,21.4
1647,sarsa,0.2,0.95,0.03,0.992,0.03,650.4289719999999,0.8440225756798359,304.0,16.475
1648,sarsa,0.2,0.95,0.03,0.992,0.03,344.391828,0.7463126843657817,602.0,16.858333333333334
1649,sarsa,0.2,0.95,0.03,0.992,0.03,487.34698400000013,0.7615062761506276,570.0,16.616666666666667
1650,sarsa,0.2,0.95,0.03,0.992,0.03,444.2922959999996,0.7705146036161336,495.0,15.716666666666667
1651,sarsa,0.2,0.95,0.03,0.992,0.03,252.89649599999996,0.7081406105457909,631.0,12.8
1652,sarsa,0.2,0.95,0.03,0.992,0.03,383.89125199999984,0.7635009310986964,508.0,10.891666666666667
1653,sarsa,0.2,0.95,0.03,0.992,0.03,528.1236800000005,0.7702649268485567,581.0,15.666666666666666
1654,sarsa,0.2,0.95,0.03,0.992,0.03,417.3078600000001,0.770600414078675,554.0,21.891666666666666
1655,sarsa,0.2,0.95,0.03,0.992,0.03,453.58812400000005,0.7526080476900149,664.0,13.408333333333333
1656,sarsa,0.2,0.95,0.03,0.992,0.03,476.823736,0.7759515570934256,518.0,16.05
1657,sarsa,0.2,0.95,0.03,0.992,0.03,375.622904,0.7482724580454096,510.0,10.116666666666667
1658,sarsa,0.2,0.95,0.03,0.992,0.03,388.2639120000001,0.7411376751854906,628.0,15.35
1659,sarsa,0.2,0.95,0.03,0.992,0.03,486.210656,0.8247011952191236,352.0,26.633333333333333
1660,sarsa,0.2,0.95,0.03,0.992,0.03,48.897284,0.6589793915603532,695.0,10.991666666666667
1661,sarsa,0.2,0.95,0.03,0.992,0.03,408.32580400000023,0.7307412790697675,741.0,13.241666666666667
1662,sarsa,0.2,0.95,0.03,0.992,0.03,485.40432799999996,0.770276008492569,541.0,13.316666666666666
1663,sarsa,0.2,0.95,0.03,0.992,0.03,346.700484,0.7457044673539519,518.0,12.658333333333333
1664,sarsa,0.2,0.95,0.03,0.992,0.03,112.21874400000002,0.6601347213717085,1110.0,12.116666666666667
1665,sarsa,0.2,0.95,0.03,0.992,0.03,341.0311000000004,0.7382027082478457,638.0,13.541666666666666
1666,sarsa,0.2,0.95,0.03,0.992,0.03,476.28891600000003,0.7778797613584213,484.0,16.091666666666665
1667,sarsa,0.2,0.95,0.03,0.992,0.03,251.90363600000012,0.7065794850837761,718.0,14.591666666666667
1668,sarsa,0.2,0.95,0.03,0.992,0.03,199.19660399999992,0.6956313010081613,634.0,9.908333333333333
1669,sarsa,0.2,0.95,0.03,0.992,0.03,375.6667439999999,0.7355830841520717,619.0,15.45
1670,sarsa,0.2,0.95,0.03,0.992,0.03,473.2822240000002,0.7525584795321637,677.0,14.033333333333333
1671,sarsa,0.2,0.95,0.03,0.992,0.03,713.9443119999999,0.8524001794526693,329.0,18.683333333333334
1672,sarsa,0.2,0.95,0.03,0.992,0.03,329.5837080000001,0.7195402298850575,732.0,13.775
1673,sarsa,0.2,0.95,0.03,0.992,0.03,641.8078199999999,0.8523035230352304,327.0,17.875
1674,sarsa,0.2,0.95,0.03,0.992,0.03,431.70824000000005,0.7741379310344828,524.0,14.5
1675,sarsa,0.2,0.95,0.03,0.992,0.03,655.6330680000001,0.7979412886008387,530.0,13.441666666666666
1676,sarsa,0.2,0.95,0.03,0.992,0.03,322.24374000000006,0.753391859537111,618.0,19.708333333333332
1677,sarsa,0.2,0.95,0.03,0.992,0.03,580.0119759999998,0.8008752735229759,455.0,15.55
1678,sarsa,0.2,0.95,0.03,0.992,0.03,662.1868600000001,0.797096053611318,545.0,17.375
1679,sarsa,0.2,0.95,0.03,0.992,0.03,611.5525600000001,0.7980376124284546,494.0,16.333333333333332
1680,sarsa,0.2,0.95,0.03,0.992,0.03,670.4945600000001,0.8244514106583072,392.0,18.833333333333332
1681,sarsa,0.2,0.95,0.03,0.992,0.03,682.524936,0.8484119345524542,315.0,16.883333333333333
1682,sarsa,0.2,0.95,0.03,0.992,0.03,707.9467439999999,0.8654970760233918,276.0,20.45
1683,sarsa,0.2,0.95,0.03,0.992,0.03,683.2819720000003,0.8628005657708628,291.0,21.891666666666666
1684,sarsa,0.2,0.95,0.03,0.992,0.03,515.439056,0.7935076645626691,458.0,19.966666666666665
1685,sarsa,0.2,0.95,0.03,0.992,0.03,592.8189240000002,0.8181395348837209,391.0,19.241666666666667
1686,sarsa,0.2,0.95,0.03,0.992,0.03,602.6785880000001,0.793563579277865,526.0,17.775
1687,sarsa,0.2,0.95,0.03,0.992,0.03,407.0482120000001,0.7283503457359236,825.0,12.225
1688,sarsa,0.2,0.95,0.03,0.992,0.03,231.50907200000017,0.6873960758230795,940.0,13.766666666666667
1689,sarsa,0.2,0.95,0.03,0.992,0.03,429.4375399999998,0.7674609695973705,566.0,19.291666666666668
1690,sarsa,0.2,0.95,0.03,0.992,0.03,724.4635760000002,0.8634463539247561,294.0,19.716666666666665
1691,sarsa,0.2,0.95,0.03,0.992,0.03,856.6641759999999,0.9027001862197392,209.0,22.633333333333333
1692,sarsa,0.2,0.95,0.03,0.992,0.03,315.62996000000004,0.7348066298342542,624.0,18.416666666666668
1693,sarsa,0.2,0.95,0.03,0.992,0.03,646.6423359999999,0.8259179265658747,403.0,18.966666666666665
1694,sarsa,0.2,0.95,0.03,0.992,0.03,674.5361599999999,0.8438356164383561,342.0,18.833333333333332
1695,sarsa,0.2,0.95,0.03,0.992,0.03,474.8532080000002,0.7445932028836252,744.0,12.316666666666666
1696,sarsa,0.2,0.95,0.03,0.992,0.03,739.0373320000002,0.8458462905375389,347.0,19.891666666666666
1697,sarsa,0.2,0.95,0.03,0.992,0.03,375.66699600000015,0.7350773765659543,719.0,20.091666666666665
1698,sarsa,0.2,0.95,0.03,0.992,0.03,494.3265600000001,0.7449896337249482,738.0,13.833333333333334
1699,sarsa,0.2,0.95,0.03,0.992,0.03,817.6946,0.8543563068920677,336.0,21.25
1700,sarsa,0.2,0.95,0.03,0.992,0.03,650.897564,0.8280109489051095,377.0,16.241666666666667
1701,sarsa,0.2,0.95,0.03,0.992,0.03,638.5249200000002,0.8318787322002756,366.0,19.75
1702,sarsa,0.2,0.95,0.03,0.992,0.03,804.0190280000005,0.8269961977186312,455.0,18.525
1703,sarsa,0.2,0.95,0.03,0.992,0.03,733.3649200000001,0.8223560406473467,472.0,17.25
1704,sarsa,0.2,0.95,0.03,0.992,0.03,610.275536,0.7976190476190477,493.0,14.8
1705,sarsa,0.2,0.95,0.03,0.992,0.03,310.81965200000013,0.7219931271477663,809.0,16.725
1706,sarsa,0.2,0.95,0.03,0.992,0.03,488.8635360000001,0.7932011331444759,438.0,18.966666666666665
1707,sarsa,0.2,0.95,0.03,0.992,0.03,723.5780080000001,0.8562589243217515,302.0,18.15
1708,sarsa,0.2,0.95,0.03,0.992,0.03,537.5740360000002,0.8066424021838035,425.0,21.258333333333333
1709,sarsa,0.2,0.95,0.03,0.992,0.03,642.1996880000002,0.8350561797752809,367.0,21.316666666666666
1710,sarsa,0.2,0.95,0.03,0.992,0.03,752.1663040000002,0.8334052654294346,386.0,18.033333333333335
1711,sarsa,0.2,0.95,0.03,0.992,0.03,504.5846679999998,0.759252193819153,631.0,11.775
1712,sarsa,0.2,0.95,0.03,0.992,0.03,383.00984399999993,0.7708609271523179,519.0,17.325
1713,sarsa,0.2,0.95,0.03,0.992,0.03,225.86220400000008,0.7167330677290836,711.0,12.408333333333333
1714,sarsa,0.2,0.95,0.03,0.992,0.03,458.37313199999994,0.767515923566879,584.0,13.641666666666667
1715,sarsa,0.2,0.95,0.03,0.992,0.03,502.6811359999998,0.799719232569022,428.0,12.3
1716,sarsa,0.2,0.95,0.03,0.992,0.03,427.90483599999993,0.7612116443745083,607.0,9.591666666666667
1717,sarsa,0.2,0.95,0.03,0.992,0.03,388.0714880000003,0.7711009174311927,499.0,19.233333333333334
1718,sarsa,0.2,0.95,0.03,0.992,0.03,397.3102760000001,0.775330396475771,459.0,17.425
1719,sarsa,0.2,0.95,0.03,0.992,0.03,452.13499999999993,0.7705856450902686,521.0,14.583333333333334
1720,sarsa,0.2,0.95,0.03,0.992,0.03,156.88518800000023,0.6846394984326019,1006.0,11.525
1721,sarsa,0.2,0.95,0.03,0.992,0.03,562.3922239999997,0.8402961396086727,302.0,19.866666666666667
1722,sarsa,0.2,0.95,0.03,0.992,0.03,423.66822800000006,0.7661886136462408,538.0,14.358333333333333
1723,sarsa,0.2,0.95,0.03,0.992,0.03,132.61764400000018,0.6879751209398756,903.0,11.075
1724,sarsa,0.2,0.95,0.03,0.992,0.03,295.3462119999998,0.7092882991556092,723.0,11.391666666666667
1725,sarsa,0.2,0.95,0.03,0.992,0.03,319.296844,0.7342857142857143,651.0,13.575
1726,sarsa,0.2,0.95,0.03,0.992,0.03,306.6243079999999,0.7287066246056783,688.0,14.191666666666666
1727,sarsa,0.2,0.95,0.03,0.992,0.03,319.9719560000001,0.7330659536541889,599.0,11.425
1728,sarsa,0.2,0.95,0.03,0.992,0.03,171.45233600000012,0.6754176610978521,952.0,10.633333333333333
1729,sarsa,0.2,0.95,0.03,0.992,0.03,474.35126000000014,0.804162724692526,414.0,14.041666666666666
1730,sarsa,0.2,0.95,0.03,0.992,0.03,402.3732519999999,0.7684398748323648,518.0,16.725
1731,sarsa,0.2,0.95,0.03,0.992,0.03,353.5951120000001,0.7233592095977417,784.0,10.35
1732,sarsa,0.2,0.95,0.03,0.992,0.03,332.19876000000005,0.7434184675834971,653.0,15.083333333333334
1733,sarsa,0.2,0.95,0.03,0.992,0.03,459.48935600000004,0.7803521779425394,474.0,17.675
1734,sarsa,0.2,0.95,0.03,0.992,0.03,372.5274080000004,0.7680180180180181,515.0,14.4
1735,sarsa,0.2,0.95,0.03,0.992,0.03,529.3270280000002,0.8041808873720137,459.0,20.191666666666666
1736,sarsa,0.2,0.95,0.03,0.992,0.03,641.7954920000009,0.8703797468354431,256.0,22.058333333333334
1737,sarsa,0.2,0.95,0.03,0.992,0.03,432.3205959999999,0.7726063829787234,513.0,20.091666666666665
1738,sarsa,0.2,0.95,0.03,0.992,0.03,421.18698399999977,0.7669746886299719,580.0,19.116666666666667
1739,sarsa,0.2,0.95,0.03,0.992,0.03,589.1766640000002,0.7945205479452054,525.0,16.45
1740,sarsa,0.2,0.95,0.03,0.992,0.03,551.5561839999999,0.7928421052631579,492.0,16.616666666666667
1741,sarsa,0.2,0.95,0.03,0.992,0.03,485.5555360000002,0.7951420714940421,447.0,15.633333333333333
1742,sarsa,0.2,0.95,0.03,0.992,0.03,493.03369600000013,0.8206713780918727,406.0,16.966666666666665
1743,sarsa,0.2,0.95,0.03,0.992,0.03,487.3269760000001,0.7975961538461539,421.0,18.466666666666665
1744,sarsa,0.2,0.95,0.03,0.992,0.03,458.6180359999998,0.7802997858672377,513.0,16.258333333333333
1745,sarsa,0.2,0.95,0.03,0.992,0.03,509.985788,0.8029294274300932,444.0,18.608333333333334
1746,sarsa,0.2,0.95,0.03,0.992,0.03,330.7217440000002,0.7172291296625222,796.0,14.2
1747,sarsa,0.2,0.95,0.03,0.992,0.03,341.00045200000005,0.7514982021574111,622.0,15.891666666666667
1748,sarsa,0.2,0.95,0.03,0.992,0.03,239.4787720000002,0.7045199850579006,791.0,14.391666666666667
1749,sarsa,0.2,0.95,0.03,0.992,0.03,617.0591680000003,0.8242585214696768,397.0,19.066666666666666
1750,sarsa,0.2,0.95,0.03,0.992,0.03,508.9196999999999,0.7992125984251969,459.0,21.458333333333332
1751,sarsa,0.2,0.95,0.03,0.992,0.03,156.11256400000005,0.6882249560632689,887.0,12.491666666666667
1752,sarsa,0.2,0.95,0.03,0.992,0.03,360.86844,0.7554179566563467,553.0,18.25
1753,sarsa,0.2,0.95,0.03,0.992,0.03,504.9098800000003,0.8018488745980707,493.0,26.9
1754,sarsa,0.2,0.95,0.03,0.992,0.03,677.9317160000003,0.8478779208392943,319.0,19.425
1755,sarsa,0.2,0.95,0.03,0.992,0.03,736.9553680000002,0.8498057833405266,348.0,21.15
1756,sarsa,0.2,0.95,0.03,0.992,0.03,627.4283720000001,0.7958503149314561,551.0,17.725
1757,sarsa,0.2,0.95,0.03,0.992,0.03,515.4961240000002,0.7925084175084175,493.0,21.741666666666667
1758,sarsa,0.2,0.95,0.03,0.992,0.03,616.8693319999998,0.8263223656809663,417.0,19.891666666666666
1759,sarsa,0.2,0.95,0.03,0.992,0.03,750.0698159999997,0.861904761904762,319.0,24.216666666666665
1760,sarsa,0.2,0.95,0.03,0.992,0.03,724.894164,0.8368883312421581,390.0,20.825
1761,sarsa,0.2,0.95,0.03,0.992,0.03,644.6909999999997,0.8269557823129252,407.0,22.083333333333332
1762,sarsa,0.2,0.95,0.03,0.992,0.03,647.911964,0.8207282913165266,448.0,21.241666666666667
1763,sarsa,0.2,0.95,0.03,0.992,0.03,598.9870240000001,0.8049403747870528,458.0,19.866666666666667
1764,sarsa,0.2,0.95,0.03,0.992,0.03,432.97313200000013,0.7404580152671756,714.0,17.808333333333334
1765,sarsa,0.2,0.95,0.03,0.992,0.03,533.1896440000004,0.7927574171029669,475.0,24.408333333333335
1766,sarsa,0.2,0.95,0.03,0.992,0.03,658.9028279999993,0.8580508474576272,335.0,21.441666666666666
1767,sarsa,0.2,0.95,0.03,0.992,0.03,506.54830799999985,0.796772954283519,529.0,21.691666666666666
1768,sarsa,0.2,0.95,0.03,0.992,0.03,462.3141520000003,0.7857447716602646,502.0,20.683333333333334
1769,sarsa,0.2,0.95,0.03,0.992,0.03,459.9879160000001,0.7154696132596685,927.0,13.175
1770,sarsa,0.2,0.95,0.03,0.992,0.03,468.75358000000006,0.7725727238383076,602.0,15.041666666666666
1771,sarsa,0.2,0.95,0.03,0.992,0.03,562.0854760000001,0.8054736842105263,462.0,15.758333333333333
1772,sarsa,0.2,0.95,0.03,0.992,0.03,387.02000800000013,0.7621685793430946,601.0,17.316666666666666
1773,sarsa,0.2,0.95,0.03,0.992,0.03,369.901392,0.7573033707865169,540.0,15.6
1774,sarsa,0.2,0.95,0.03,0.992,0.03,138.71304800000007,0.7055335968379447,745.0,12.65
1775,sarsa,0.2,0.95,0.03,0.992,0.03,421.440776,0.7863247863247863,450.0,23.016666666666666
1776,sarsa,0.2,0.95,0.03,0.992,0.03,200.94254000000006,0.7174526400644902,701.0,20.541666666666668
1777,sarsa,0.2,0.95,0.03,0.992,0.03,456.6168,0.7690152121697358,577.0,16.666666666666668
1778,sarsa,0.2,0.95,0.03,0.992,0.03,334.3469280000002,0.7454100367197063,624.0,22.066666666666666
1779,sarsa,0.2,0.95,0.03,0.992,0.03,331.5133960000001,0.7238330975954739,781.0,13.425
1780,sarsa,0.2,0.95,0.03,0.992,0.03,314.9340279999999,0.7592677345537757,526.0,17.275
1781,sarsa,0.2,0.95,0.03,0.992,0.03,463.37379599999997,0.7889344262295082,515.0,16.758333333333333
1782,sarsa,0.2,0.95,0.03,0.992,0.03,327.18974400000025,0.7296416938110749,664.0,15.033333333333333
1783,sarsa,0.2,0.95,0.03,0.992,0.03,400.29086800000005,0.7496812579685508,589.0,13.025
1784,sarsa,0.2,0.95,0.03,0.992,0.03,132.43224800000027,0.6790955969853233,809.0,13.483333333333333
1785,sarsa,0.2,0.95,0.03,0.992,0.03,202.65057200000012,0.7125668449197861,645.0,13.975
1786,sarsa,0.2,0.95,0.03,0.992,0.03,405.72461200000015,0.7378358750907771,722.0,15.558333333333334
1787,sarsa,0.2,0.95,0.03,0.992,0.03,323.7843480000001,0.7208806818181818,786.0,14.108333333333333
1788,sarsa,0.2,0.95,0.03,0.992,0.03,336.158584,0.7477064220183486,660.0,19.116666666666667
1789,sarsa,0.2,0.95,0.03,0.992,0.03,197.6341880000001,0.7314814814814815,609.0,15.275
1790,sarsa,0.2,0.95,0.03,0.992,0.03,27.824288000000113,0.6635404454865181,861.0,12.566666666666666
1791,sarsa,0.2,0.95,0.03,0.992,0.03,54.89075200000008,0.6576612903225807,849.0,11.1
1792,sarsa,0.2,0.95,0.03,0.992,0.03,374.1815800000001,0.7727061015370285,488.0,15.875
1793,sarsa,0.2,0.95,0.03,0.992,0.03,428.59396000000015,0.781651376146789,476.0,17.583333333333332
1794,sarsa,0.2,0.95,0.03,0.992,0.03,326.3744240000002,0.760121898127993,551.0,21.116666666666667
1795,sarsa,0.2,0.95,0.03,0.992,0.03,147.88933600000004,0.679984922728986,849.0,12.716666666666667
1796,sarsa,0.2,0.95,0.03,0.992,0.03,262.32064399999996,0.7391696750902527,578.0,13.158333333333333
1797,sarsa,0.2,0.95,0.03,0.992,0.03,255.4910839999999,0.7303271441202476,610.0,13.075
1798,sarsa,0.2,0.95,0.03,0.992,0.03,354.5064759999998,0.7590971902349147,523.0,20.808333333333334
1799,sarsa,0.2,0.95,0.03,0.992,0.03,187.839236,0.6960151802656547,801.0,13.758333333333333
1800,sarsa,0.2,0.95,0.03,0.992,0.03,501.8748800000001,0.8067910090865614,404.0,15.666666666666666
1801,sarsa,0.2,0.95,0.03,0.992,0.03,143.3859679999999,0.7043795620437956,648.0,11.566666666666666
1802,sarsa,0.2,0.95,0.03,0.992,0.03,172.56282800000005,0.6689536878216124,965.0,11.441666666666666
1803,sarsa,0.2,0.95,0.03,0.992,0.03,291.27121600000004,0.7401869158878505,556.0,23.8
1804,sarsa,0.2,0.95,0.03,0.992,0.03,223.83939200000006,0.7247879359095193,584.0,12.266666666666667
1805,sarsa,0.2,0.95,0.03,0.992,0.03,71.43930000000005,0.6706661150186182,796.0,13.958333333333334
1806,sarsa,0.2,0.95,0.03,0.992,0.03,29.74257600000006,0.653515625,887.0,10.966666666666667
1807,sarsa,0.2,0.95,0.03,0.992,0.03,21.693439999999985,0.6593951412989588,687.0,13.666666666666666
1808,sarsa,0.2,0.95,0.03,0.992,0.03,-103.93670799999988,0.6093060569594866,974.0,8.308333333333334
1809,sarsa,0.2,0.95,0.03,0.992,0.03,89.57988000000007,0.6693548387096774,861.0,11.083333333333334
1810,sarsa,0.2,0.95,0.03,0.992,0.03,183.26152400000012,0.6779129070223617,821.0,12.991666666666667
1811,sarsa,0.2,0.95,0.03,0.992,0.03,140.2092400000001,0.6755458515283843,743.0,14.916666666666666
1812,sarsa,0.2,0.95,0.03,0.992,0.03,402.77404000000007,0.7799352750809061,476.0,23.25
1813,sarsa,0.2,0.95,0.03,0.992,0.03,339.45584000000025,0.7363387978142076,579.0,14.5
1814,sarsa,0.2,0.95,0.03,0.992,0.03,371.737208,0.7633837351859419,579.0,14.816666666666666
1815,sarsa,0.2,0.95,0.03,0.992,0.03,440.601584,0.7838541666666666,498.0,19.533333333333335
1816,sarsa,0.2,0.95,0.03,0.992,0.03,340.59457999999995,0.7208121827411168,715.0,16.291666666666668
1817,sarsa,0.2,0.95,0.03,0.992,0.03,308.1736760000001,0.735981308411215,678.0,12.008333333333333
1818,sarsa,0.2,0.95,0.03,0.992,0.03,388.7583800000001,0.7464733542319749,647.0,18.375
1819,sarsa,0.2,0.95,0.03,0.992,0.03,369.15239199999996,0.7266387726638772,784.0,14.35
1820,sarsa,0.2,0.95,0.03,0.992,0.03,381.872748,0.7495961227786753,620.0,13.275
1821,sarsa,0.2,0.95,0.03,0.992,0.03,313.42534000000006,0.7349853002939941,631.0,18.041666666666668
1822,sarsa,0.2,0.95,0.03,0.992,0.03,429.56150400000024,0.7847161572052401,493.0,26.366666666666667
1823,sarsa,0.2,0.95,0.03,0.992,0.03,303.46868400000005,0.7012612612612613,829.0,13.908333333333333
1824,sarsa,0.2,0.95,0.03,0.992,0.03,468.50962000000004,0.7728506787330317,502.0,18.291666666666668
1825,sarsa,0.2,0.95,0.03,0.992,0.03,557.3872480000001,0.8153409090909091,390.0,25.566666666666666
1826,sarsa,0.2,0.95,0.03,0.992,0.03,312.19042800000005,0.709726443768997,764.0,12.275
1827,sarsa,0.2,0.95,0.03,0.992,0.03,379.990364,0.7235112142304718,715.0,13.741666666666667
1828,sarsa,0.2,0.95,0.03,0.992,0.03,433.20310399999994,0.7657697397441553,531.0,18.033333333333335
1829,sarsa,0.2,0.95,0.03,0.992,0.03,322.066596,0.7184584178498986,694.0,14.258333333333333
1830,sarsa,0.2,0.95,0.03,0.992,0.03,364.10115600000023,0.7370198395947657,623.0,14.758333333333333
1831,sarsa,0.2,0.95,0.03,0.992,0.03,362.5246560000001,0.7241137241137241,786.0,15.8
1832,sarsa,0.2,0.95,0.03,0.992,0.03,510.72992799999986,0.7751020408163265,551.0,17.483333333333334
1833,sarsa,0.2,0.95,0.03,0.992,0.03,497.86696400000034,0.7915879017013232,441.0,20.825
1834,sarsa,0.2,0.95,0.03,0.992,0.03,687.4369400000003,0.8170833333333334,439.0,20.541666666666668
1835,sarsa,0.2,0.95,0.03,0.992,0.03,476.7450360000003,0.7853982300884956,485.0,19.175
1836,sarsa,0.2,0.95,0.03,0.992,0.03,342.76150800000016,0.7465417224453369,568.0,15.858333333333333
1837,sarsa,0.2,0.95,0.03,0.992,0.03,573.6705840000002,0.8141637368156706,370.0,21.616666666666667
1838,sarsa,0.2,0.95,0.03,0.992,0.03,452.55740800000007,0.7612442202606137,568.0,19.4
1839,sarsa,0.2,0.95,0.03,0.992,0.03,-37.82813599999987,0.6270358306188925,916.0,13.116666666666667
1840,sarsa,0.2,0.95,0.03,0.992,0.03,367.95410000000027,0.7392373923739237,636.0,14.791666666666666
1841,sarsa,0.2,0.95,0.03,0.992,0.03,420.3039840000001,0.7461393596986817,674.0,17.033333333333335
1842,sarsa,0.2,0.95,0.03,0.992,0.03,324.52643200000017,0.75456570155902,551.0,19.266666666666666
1843,sarsa,0.2,0.95,0.03,0.992,0.03,296.29921600000006,0.7331594958713603,614.0,17.133333333333333
1844,sarsa,0.2,0.95,0.03,0.992,0.03,523.6282240000002,0.7497425334706488,729.0,16.533333333333335
1845,sarsa,0.2,0.95,0.03,0.992,0.03,499.15214400000013,0.7660318694131364,602.0,14.2
1846,sarsa,0.2,0.95,0.03,0.992,0.03,318.418088,0.729483282674772,623.0,12.983333333333333
1847,sarsa,0.2,0.95,0.03,0.992,0.03,466.2462800000002,0.7528373266078184,588.0,13.583333333333334
1848,sarsa,0.2,0.95,0.03,0.992,0.03,351.0367600000002,0.7177536231884057,779.0,15.083333333333334
1849,sarsa,0.2,0.95,0.03,0.992,0.03,582.5597320000003,0.7814698983580922,559.0,21.558333333333334
1850,sarsa,0.2,0.95,0.03,0.992,0.03,453.9294760000001,0.7770671539515761,488.0,18.258333333333333
1851,sarsa,0.2,0.95,0.03,0.992,0.03,35.47425599999998,0.6682085786375105,789.0,16.633333333333333
1852,sarsa,0.2,0.95,0.03,0.992,0.03,121.17098800000007,0.6703975299112311,854.0,11.941666666666666
1853,sarsa,0.2,0.95,0.03,0.992,0.03,129.44926800000005,0.6798029556650246,715.0,11.358333333333333
1854,sarsa,0.2,0.95,0.03,0.992,0.03,314.08460000000014,0.7136283185840708,809.0,15.416666666666666
1855,sarsa,0.2,0.95,0.03,0.992,0.03,271.66786400000035,0.7160033167495854,685.0,16.45
1856,sarsa,0.2,0.95,0.03,0.992,0.03,118.12060000000031,0.6800785083415113,652.0,14.583333333333334
1857,sarsa,0.2,0.95,0.03,0.992,0.03,-156.1591919999999,0.5918181818181818,898.0,9.816666666666666
1858,sarsa,0.2,0.95,0.03,0.992,0.03,-168.70799199999985,0.5852077773541746,1088.0,6.483333333333333
1859,sarsa,0.2,0.95,0.03,0.992,0.03,212.73465200000012,0.6990637539010254,675.0,13.808333333333334
1860,sarsa,0.2,0.95,0.03,0.992,0.03,282.3390079999999,0.7183580387685291,741.0,14.4
1861,sarsa,0.2,0.95,0.03,0.992,0.03,231.94240400000015,0.7294520547945206,632.0,25.325
1862,sarsa,0.2,0.95,0.03,0.992,0.03,266.8149199999999,0.7363387978142076,579.0,19.75
1863,sarsa,0.2,0.95,0.03,0.992,0.03,104.45549600000014,0.6534936998854525,1210.0,13.216666666666667
1864,sarsa,0.2,0.95,0.03,0.992,0.03,-60.26433599999993,0.631768953068592,1020.0,13.533333333333333
1865,sarsa,0.2,0.95,0.03,0.992,0.03,317.1742640000003,0.75,602.0,16.45
1866,sarsa,0.2,0.95,0.03,0.992,0.03,352.918424,0.7362413371381982,647.0,13.616666666666667
1867,sarsa,0.2,0.95,0.03,0.992,0.03,330.3267120000002,0.7450584913271481,632.0,14.516666666666667
1868,sarsa,0.2,0.95,0.03,0.992,0.03,451.3991,0.762416604892513,641.0,20.208333333333332
1869,sarsa,0.2,0.95,0.03,0.992,0.03,276.6753920000001,0.7130203720106288,648.0,13.1
1870,sarsa,0.2,0.95,0.03,0.992,0.03,97.58403600000007,0.6957337083919363,649.0,18.758333333333333
1871,sarsa,0.2,0.95,0.03,0.992,0.03,179.21038800000014,0.6875285518501599,684.0,12.358333333333333
1872,sarsa,0.2,0.95,0.03,0.992,0.03,246.30629600000006,0.7291462217860648,552.0,17.383333333333333
1873,sarsa,0.2,0.95,0.03,0.992,0.03,-192.34435600000003,0.5994496855345912,1019.0,6.908333333333333
1874,sarsa,0.2,0.95,0.03,0.992,0.03,90.82783200000002,0.680277664352797,783.0,13.016666666666667
1875,sarsa,0.2,0.95,0.03,0.992,0.03,311.886544,0.7430327868852459,627.0,16.7
1876,sarsa,0.2,0.95,0.03,0.992,0.03,227.82434800000001,0.7102761430511544,640.0,14.108333333333333
1877,sarsa,0.2,0.95,0.03,0.992,0.03,166.83981600000004,0.6727635517126704,984.0,10.883333333333333
1878,sarsa,0.2,0.95,0.03,0.992,0.03,439.463772,0.7878495660559306,440.0,20.641666666666666
1879,sarsa,0.2,0.95,0.03,0.992,0.03,510.42086800000027,0.7994428969359332,432.0,11.358333333333333
1880,sarsa,0.2,0.95,0.03,0.992,0.03,199.89084400000024,0.7122692725298588,795.0,22.858333333333334
1881,sarsa,0.2,0.95,0.03,0.992,0.03,464.74022400000007,0.7706126209120221,498.0,15.7
1882,sarsa,0.2,0.95,0.03,0.992,0.03,161.19555200000005,0.7085474077533863,624.0,14.433333333333334
1883,sarsa,0.2,0.95,0.03,0.992,0.03,346.9430800000001,0.7313851080864692,671.0,12.75
1884,sarsa,0.2,0.95,0.03,0.992,0.03,447.71572000000015,0.7762367082755433,484.0,17.25
1885,sarsa,0.2,0.95,0.03,0.992,0.03,470.31380000000007,0.7677212655186223,580.0,21.25
1886,sarsa,0.2,0.95,0.03,0.992,0.03,375.6082600000002,0.7450110864745011,575.0,16.958333333333332
1887,sarsa,0.2,0.95,0.03,0.992,0.03,-313.789464,0.5687637161667886,1179.0,8.55
1888,sarsa,0.2,0.95,0.03,0.992,0.03,124.35590800000001,0.6832045546970313,779.0,16.641666666666666
1889,sarsa,0.2,0.95,0.03,0.992,0.03,220.46263600000006,0.7045081967213115,721.0,15.008333333333333
1890,sarsa,0.2,0.95,0.03,0.992,0.03,321.13673200000017,0.7256452955870109,659.0,11.975
1891,sarsa,0.2,0.95,0.03,0.992,0.03,153.63295199999996,0.6760614934114202,885.0,14.016666666666667
1892,sarsa,0.2,0.95,0.03,0.992,0.03,45.389792000000085,0.6362016293279023,1429.0,10.6
1893,sarsa,0.2,0.95,0.03,0.992,0.03,343.9615719999999,0.7541129390840373,553.0,13.558333333333334
1894,sarsa,0.2,0.95,0.03,0.992,0.03,317.51631599999973,0.7280033840947546,643.0,13.175
1895,sarsa,0.2,0.95,0.03,0.992,0.03,406.00512400000014,0.7648099027409372,532.0,17.991666666666667
1896,sarsa,0.2,0.95,0.03,0.992,0.03,259.2389440000001,0.7101549053356282,842.0,16.7
1897,sarsa,0.2,0.95,0.03,0.992,0.03,571.1569600000001,0.8168875797741777,373.0,15.5
1898,sarsa,0.2,0.95,0.03,0.992,0.03,500.363564,0.8128534704370179,364.0,17.075
1899,sarsa,0.2,0.95,0.03,0.992,0.03,92.99671600000008,0.6540301803459698,940.0,12.341666666666667
1900,sarsa,0.2,0.95,0.03,0.992,0.03,302.96156800000017,0.7408079891057648,571.0,15.733333333333333
1901,sarsa,0.2,0.95,0.03,0.992,0.03,247.87759600000007,0.716832504145937,683.0,15.508333333333333
1902,sarsa,0.2,0.95,0.03,0.992,0.03,411.80664800000005,0.7400511135450895,712.0,15.983333333333333
1903,sarsa,0.2,0.95,0.03,0.992,0.03,327.8029919999999,0.7271546123863144,630.0,12.266666666666667
1904,sarsa,0.2,0.95,0.03,0.992,0.03,202.74125200000003,0.7248384118190212,596.0,12.558333333333334
1905,sarsa,0.2,0.95,0.03,0.992,0.03,120.99000400000011,0.6845329249617151,824.0,14.491666666666667
1906,sarsa,0.2,0.95,0.03,0.992,0.03,279.8709240000003,0.7050359712230215,861.0,11.741666666666667
1907,sarsa,0.2,0.95,0.03,0.992,0.03,187.12159200000008,0.7135441245870694,607.0,13.516666666666667
1908,sarsa,0.2,0.95,0.03,0.992,0.03,155.1582920000002,0.668353576248313,983.0,12.058333333333334
1909,sarsa,0.2,0.95,0.03,0.992,0.03,226.85424799999993,0.7094918504314478,606.0,13.483333333333333
1910,sarsa,0.2,0.95,0.03,0.992,0.03,278.65785600000015,0.6984126984126984,798.0,13.3
1911,sarsa,0.2,0.95,0.03,0.992,0.03,153.46933200000012,0.6732769830949284,1005.0,11.558333333333334
1912,sarsa,0.2,0.95,0.03,0.992,0.03,144.77139200000002,0.6916809605488851,719.0,13.1
1913,sarsa,0.2,0.95,0.03,0.992,0.03,149.90942399999994,0.673928320449754,928.0,13.2
1914,sarsa,0.2,0.95,0.03,0.992,0.03,92.46324800000001,0.6704158145875937,967.0,13.066666666666666
1915,sarsa,0.2,0.95,0.03,0.992,0.03,231.44260799999995,0.7101018675721562,683.0,14.4
1916,sarsa,0.2,0.95,0.03,0.992,0.03,495.28653600000024,0.7822685788787483,501.0,13.55
1917,sarsa,0.2,0.95,0.03,0.992,0.03,400.1187880000001,0.7536231884057971,595.0,18.458333333333332
1918,sarsa,0.2,0.95,0.03,0.992,0.03,389.6750920000003,0.7759538598047915,505.0,15.391666666666667
1919,sarsa,0.2,0.95,0.03,0.992,0.03,375.35643999999996,0.7595993322203672,576.0,18.25
1920,sarsa,0.2,0.95,0.03,0.992,0.03,332.1498039999999,0.7313432835820896,612.0,13.241666666666667
1921,sarsa,0.2,0.95,0.03,0.992,0.03,374.81928400000004,0.7503126302626094,599.0,19.325
1922,sarsa,0.2,0.95,0.03,0.992,0.03,551.775096,0.7938102893890675,513.0,17.383333333333333
1923,sarsa,0.2,0.95,0.03,0.992,0.03,557.0775560000001,0.7764852513502285,538.0,15.591666666666667
1924,sarsa,0.2,0.95,0.03,0.992,0.03,460.7448440000001,0.7633279483037156,586.0,22.741666666666667
1925,sarsa,0.2,0.95,0.03,0.992,0.03,450.45187600000025,0.7700534759358288,516.0,20.908333333333335
1926,sarsa,0.2,0.95,0.03,0.992,0.03,257.53912800000006,0.712322885358523,670.0,13.316666666666666
1927,sarsa,0.2,0.95,0.03,0.992,0.03,304.900032,0.7698170731707317,453.0,21.766666666666666
1928,sarsa,0.2,0.95,0.03,0.992,0.03,459.6043480000002,0.7767857142857143,500.0,13.275
1929,sarsa,0.2,0.95,0.03,0.992,0.03,681.7671759999998,0.822462203023758,411.0,17.216666666666665
1930,sarsa,0.2,0.95,0.03,0.992,0.03,598.5746880000003,0.8064257028112449,482.0,23.933333333333334
1931,sarsa,0.2,0.95,0.03,0.992,0.03,410.41026800000014,0.7355679702048417,710.0,15.941666666666666
1932,sarsa,0.2,0.95,0.03,0.992,0.03,601.0671280000001,0.8265124555160143,390.0,20.816666666666666
1933,sarsa,0.2,0.95,0.03,0.992,0.03,551.3994799999997,0.7739256049115204,626.0,18.583333333333332
1934,sarsa,0.2,0.95,0.03,0.992,0.03,270.36005199999994,0.7204341317365269,747.0,14.225
1935,sarsa,0.2,0.95,0.03,0.992,0.03,419.4774919999999,0.7595846645367412,602.0,18.725
1936,sarsa,0.2,0.95,0.03,0.992,0.03,651.2215559999999,0.8271547729379055,373.0,23.925
1937,sarsa,0.2,0.95,0.03,0.992,0.03,381.78364400000004,0.752104377104377,589.0,19.408333333333335
1938,sarsa,0.2,0.95,0.03,0.992,0.03,199.39720800000003,0.690062800147765,839.0,18.15
1939,sarsa,0.2,0.95,0.03,0.992,0.03,577.7505600000002,0.7855711422845691,535.0,17.166666666666668
1940,sarsa,0.2,0.95,0.03,0.992,0.03,454.9255920000001,0.7461838835640753,715.0,16.85
1941,sarsa,0.2,0.95,0.03,0.992,0.03,463.05114800000024,0.7316582914572864,801.0,14.108333333333333
1942,sarsa,0.2,0.95,0.03,0.992,0.03,575.441536,0.8203815728245696,386.0,24.5
1943,sarsa,0.2,0.95,0.03,0.992,0.03,714.351584,0.8691886964448496,287.0,19.533333333333335
1944,sarsa,0.2,0.95,0.03,0.992,0.03,548.4082680000001,0.7741935483870968,581.0,16.775
1945,sarsa,0.2,0.95,0.03,0.992,0.03,454.2624960000001,0.7911205073995772,494.0,21.95
1946,sarsa,0.2,0.95,0.03,0.992,0.03,335.8732560000001,0.7333078977489508,699.0,15.383333333333333
1947,sarsa,0.2,0.95,0.03,0.992,0.03,526.8640360000006,0.8142597638510445,409.0,22.091666666666665
1948,sarsa,0.2,0.95,0.03,0.992,0.03,593.4064480000002,0.8180999549752364,404.0,19.733333333333334
1949,sarsa,0.2,0.95,0.03,0.992,0.03,585.2906200000001,0.7749360613810742,616.0,19.541666666666668
1950,sarsa,0.2,0.95,0.03,0.992,0.03,437.55726800000014,0.7675021607605877,538.0,20.525
1951,sarsa,0.2,0.95,0.03,0.992,0.03,403.9061760000002,0.7285129604365621,796.0,12.633333333333333
1952,sarsa,0.2,0.95,0.03,0.992,0.03,642.2428600000001,0.7993540573274122,497.0,16.541666666666668
1953,sarsa,0.2,0.95,0.03,0.992,0.03,602.1397040000002,0.8262265016047684,379.0,19.283333333333335
1954,sarsa,0.2,0.95,0.03,0.992,0.03,591.4680880000003,0.8271488961953969,368.0,18.816666666666666
1955,sarsa,0.2,0.95,0.03,0.992,0.03,491.26681599999995,0.7719001269572577,539.0,21.3
1956,sarsa,0.2,0.95,0.03,0.992,0.03,456.7800279999999,0.7690248565965583,604.0,14.775
1957,sarsa,0.2,0.95,0.03,0.992,0.03,341.1718760000002,0.7245978815221655,702.0,18.775
1958,sarsa,0.2,0.95,0.03,0.992,0.03,563.6970880000001,0.8031869078380707,457.0,15.066666666666666
1959,sarsa,0.2,0.95,0.03,0.992,0.03,688.8756920000001,0.8416064981949458,351.0,27.141666666666666
1960,sarsa,0.2,0.95,0.03,0.992,0.03,473.3433360000001,0.7577909270216963,614.0,17.716666666666665
1961,sarsa,0.2,0.95,0.03,0.992,0.03,723.5017639999999,0.8790160642570282,241.0,19.991666666666667
1962,sarsa,0.2,0.95,0.03,0.992,0.03,668.7772800000001,0.8348027842227378,356.0,20.666666666666668
1963,sarsa,0.2,0.95,0.03,0.992,0.03,530.766368,0.7941176470588235,490.0,16.566666666666666
1964,sarsa,0.2,0.95,0.03,0.992,0.03,635.3951800000001,0.8461180846118085,331.0,22.541666666666668
1965,sarsa,0.2,0.95,0.03,0.992,0.03,695.6024640000002,0.8363483382414808,389.0,21.866666666666667
1966,sarsa,0.2,0.95,0.03,0.992,0.03,762.0879759999998,0.8585322723253758,320.0,24.716666666666665
1967,sarsa,0.2,0.95,0.03,0.992,0.03,736.8218319999999,0.8370883882149047,376.0,21.35
1968,sarsa,0.2,0.95,0.03,0.992,0.03,643.145308,0.8533395609528258,314.0,19.608333333333334
1969,sarsa,0.2,0.95,0.03,0.992,0.03,677.4489200000004,0.8287461773700305,392.0,19.75
1970,sarsa,0.2,0.95,0.03,0.992,0.03,719.0289320000004,0.8441215323645971,354.0,21.558333333333334
1971,sarsa,0.2,0.95,0.03,0.992,0.03,655.2057080000003,0.8436928702010968,342.0,22.941666666666666
1972,sarsa,0.2,0.95,0.03,0.992,0.03,606.1353080000001,0.8054166666666667,467.0,15.441666666666666
1973,sarsa,0.2,0.95,0.03,0.992,0.03,511.58936800000015,0.785589519650655,491.0,13.65
1974,sarsa,0.2,0.95,0.03,0.992,0.03,710.8984519999999,0.8236765318882868,423.0,23.391666666666666
1975,sarsa,0.2,0.95,0.03,0.992,0.03,815.38148,0.8934740882917467,222.0,21.916666666666668
1976,sarsa,0.2,0.95,0.03,0.992,0.03,426.26498000000015,0.7244964262508122,848.0,14.625
1977,sarsa,0.2,0.95,0.03,0.992,0.03,491.1745640000003,0.7518959913326111,687.0,16.658333333333335
1978,sarsa,0.2,0.95,0.03,0.992,0.03,428.0234600000001,0.7546571541815299,619.0,16.125
1979,sarsa,0.2,0.95,0.03,0.992,0.03,594.591224,0.7949526813880127,520.0,18.616666666666667
1980,sarsa,0.2,0.95,0.03,0.992,0.03,726.041956,0.8844801607232546,230.0,24.758333333333333
1981,sarsa,0.2,0.95,0.03,0.992,0.03,769.3087479999998,0.8491789109766638,349.0,19.108333333333334
1982,sarsa,0.2,0.95,0.03,0.992,0.03,742.2481319999999,0.8845184064548663,229.0,24.891666666666666
1983,sarsa,0.2,0.95,0.03,0.992,0.03,513.6558679999999,0.8121065375302663,388.0,20.941666666666666
1984,sarsa,0.2,0.95,0.03,0.992,0.03,748.6291720000007,0.8753581661891118,261.0,21.058333333333334
1985,sarsa,0.2,0.95,0.03,0.992,0.03,661.9012679999996,0.8252551020408163,411.0,21.358333333333334
1986,sarsa,0.2,0.95,0.03,0.992,0.03,568.6428720000004,0.7933390264731,484.0,24.183333333333334
1987,sarsa,0.2,0.95,0.03,0.992,0.03,671.8730240000001,0.864039408866995,276.0,24.866666666666667
1988,sarsa,0.2,0.95,0.03,0.992,0.03,553.6705600000001,0.8008298755186722,432.0,18.833333333333332
1989,sarsa,0.2,0.95,0.03,0.992,0.03,313.555088,0.6989079563182528,965.0,15.9
1990,sarsa,0.2,0.95,0.03,0.992,0.03,674.0479920000001,0.8234033433347621,412.0,19.35
1991,sarsa,0.2,0.95,0.03,0.992,0.03,711.5399879999998,0.8563218390804598,300.0,19.858333333333334
1992,sarsa,0.2,0.95,0.03,0.992,0.03,726.731932,0.8241226300927793,436.0,17.808333333333334
1993,sarsa,0.2,0.95,0.03,0.992,0.03,535.9410200000001,0.7476222826086957,743.0,17.041666666666668
1994,sarsa,0.2,0.95,0.03,0.992,0.03,588.20758,0.8157537347215935,407.0,15.875
1995,sarsa,0.2,0.95,0.03,0.992,0.03,581.0363400000003,0.825344091124822,368.0,23.458333333333332
1996,sarsa,0.2,0.95,0.03,0.992,0.03,772.1794239999998,0.8776206728425159,251.0,22.366666666666667
1997,sarsa,0.2,0.95,0.03,0.992,0.03,736.1231999999998,0.8537672759696835,328.0,22.5
1998,sarsa,0.2,0.95,0.03,0.992,0.03,658.674308,0.8313622426631625,385.0,21.691666666666666
1999,sarsa,0.2,0.95,0.03,0.992,0.03,368.556084,0.7352517985611511,736.0,15.991666666666667
2000,sarsa,0.2,0.95,0.03,0.992,0.03,601.1014720000001,0.7828263380824028,564.0,22.933333333333334
2001,sarsa,0.2,0.95,0.03,0.992,0.03,506.8614520000001,0.7815450643776825,509.0,17.975
2002,sarsa,0.2,0.95,0.03,0.992,0.03,492.69514399999997,0.7757885763000852,526.0,17.95
2003,sarsa,0.2,0.95,0.03,0.992,0.03,185.52094400000013,0.6820987654320988,927.0,11.7
2004,sarsa,0.2,0.95,0.03,0.992,0.03,382.9673240000002,0.7256699576868829,778.0,13.408333333333333
2005,sarsa,0.2,0.95,0.03,0.992,0.03,425.9107479999999,0.7851351351351351,477.0,19.108333333333334
2006,sarsa,0.2,0.95,0.03,0.992,0.03,235.4604720000002,0.7307878202029966,557.0,15.85
2007,sarsa,0.2,0.95,0.03,0.992,0.03,415.7392440000001,0.7746031746031746,497.0,14.408333333333333
2008,sarsa,0.2,0.95,0.03,0.992,0.03,266.9206480000001,0.7105055292259084,733.0,13.483333333333333
2009,sarsa,0.2,0.95,0.03,0.992,0.03,364.39226800000006,0.729006233956729,739.0,14.275
2010,sarsa,0.2,0.95,0.03,0.992,0.03,635.0388200000001,0.8309335810496981,364.0,24.125
2011,sarsa,0.2,0.95,0.03,0.992,0.03,408.6084520000001,0.7919395465994962,413.0,19.225
2012,sarsa,0.2,0.95,0.03,0.992,0.03,438.20033600000005,0.766403162055336,591.0,18.133333333333333
2013,sarsa,0.2,0.95,0.03,0.992,0.03,434.61811600000016,0.7388754743014833,757.0,13.591666666666667
2014,sarsa,0.2,0.95,0.03,0.992,0.03,-157.3838239999999,0.6233631977946243,1093.0,9.3
2015,sarsa,0.2,0.95,0.03,0.992,0.03,-58.47771199999994,0.6373287671232877,1059.0,10.9
2016,sarsa,0.2,0.95,0.03,0.992,0.03,447.1440560000001,0.7802855826807923,477.0,17.883333333333333
2017,sarsa,0.2,0.95,0.03,0.992,0.03,10.22078399999997,0.6553316540722083,821.0,12.866666666666667
2018,sarsa,0.2,0.95,0.03,0.992,0.03,103.45081600000009,0.6706586826347305,880.0,15.466666666666667
2019,sarsa,0.2,0.95,0.03,0.992,0.03,402.04332800000014,0.7358562691131498,691.0,13.733333333333333
2020,sarsa,0.2,0.95,0.03,0.992,0.03,334.22081200000025,0.7582872928176796,525.0,15.975
2021,sarsa,0.2,0.95,0.03,0.992,0.03,88.05403600000007,0.6718875502008033,817.0,12.925
2022,sarsa,0.2,0.95,0.03,0.992,0.03,296.8070120000001,0.7086991221069433,730.0,13.891666666666667
2023,sarsa,0.2,0.95,0.03,0.992,0.03,27.909844000000106,0.6448736998514116,956.0,12.325
2024,sarsa,0.2,0.95,0.03,0.992,0.03,77.38954399999999,0.6755577109602328,669.0,18.783333333333335
2025,sarsa,0.2,0.95,0.03,0.992,0.03,17.3020920000001,0.6595555555555556,766.0,11.641666666666667
2026,sarsa,0.2,0.95,0.03,0.992,0.03,49.927676000000034,0.6487804878048781,864.0,13.675
2027,sarsa,0.2,0.95,0.03,0.992,0.03,127.36464000000012,0.6823104693140795,704.0,12.833333333333334
2028,sarsa,0.2,0.95,0.03,0.992,0.03,-13.279003999999837,0.649345650500385,911.0,13.425
2029,sarsa,0.2,0.95,0.03,0.992,0.03,109.48542400000021,0.6816952209197475,706.0,18.2
2030,sarsa,0.2,0.95,0.03,0.992,0.03,338.89708800000005,0.7514026758739749,576.0,17.566666666666666
2031,sarsa,0.2,0.95,0.03,0.992,0.03,356.01600800000017,0.746268656716418,629.0,17.316666666666666
2032,sarsa,0.2,0.95,0.03,0.992,0.03,250.74529600000008,0.7178557033454253,700.0,17.8
2033,sarsa,0.2,0.95,0.03,0.992,0.03,200.33916800000006,0.6827992151733159,970.0,13.233333333333333
2034,sarsa,0.2,0.95,0.03,0.992,0.03,353.630512,0.7430781758957655,631.0,20.766666666666666
2035,sarsa,0.2,0.95,0.03,0.992,0.03,466.90957999999995,0.7872340425531915,490.0,18.375
2036,sarsa,0.2,0.95,0.03,0.992,0.03,454.278952,0.798766018035121,424.0,22.35
2037,sarsa,0.2,0.95,0.03,0.992,0.03,420.70816400000007,0.7617896009673518,591.0,17.491666666666667
2038,sarsa,0.2,0.95,0.03,0.992,0.03,492.6830720000002,0.7842733635240839,524.0,15.433333333333334
2039,sarsa,0.2,0.95,0.03,0.992,0.03,434.92531600000007,0.7859439595774,466.0,20.258333333333333
2040,sarsa,0.2,0.95,0.03,0.992,0.03,548.534368,0.7977477477477477,449.0,15.733333333333333
2041,sarsa,0.2,0.95,0.03,0.992,0.03,572.1213800000002,0.8118181818181818,414.0,17.125
2042,sarsa,0.2,0.95,0.03,0.992,0.03,661.295052,0.8323998276604911,389.0,21.308333333333334
2043,sarsa,0.2,0.95,0.03,0.992,0.03,286.81493600000016,0.7158081705150977,800.0,13.55
2044,sarsa,0.2,0.95,0.03,0.992,0.03,484.0157120000001,0.7855215827338129,477.0,18.266666666666666
2045,sarsa,0.2,0.95,0.03,0.992,0.03,581.362692,0.8114075436982521,410.0,22.891666666666666
2046,sarsa,0.2,0.95,0.03,0.992,0.03,404.2755960000002,0.7292921686746988,719.0,16.041666666666668
2047,sarsa,0.2,0.95,0.03,0.992,0.03,322.83578000000006,0.7472627737226277,554.0,22.125
2048,sarsa,0.2,0.95,0.03,0.992,0.03,438.3321560000002,0.7533500837520938,589.0,18.508333333333333
2049,sarsa,0.2,0.95,0.03,0.992,0.03,257.8512239999998,0.7184231697506034,700.0,19.716666666666665
2050,sarsa,0.2,0.95,0.03,0.992,0.03,757.8665559999997,0.8812469074715488,240.0,20.175
2051,sarsa,0.2,0.95,0.03,0.992,0.03,583.6177680000003,0.8106617647058824,412.0,19.483333333333334
2052,sarsa,0.2,0.95,0.03,0.992,0.03,511.8156480000003,0.7785867237687366,517.0,18.066666666666666
2053,sarsa,0.2,0.95,0.03,0.992,0.03,795.7058880000002,0.8382907415165479,386.0,16.733333333333334
2054,sarsa,0.2,0.95,0.03,0.992,0.03,316.14360400000015,0.7689655172413793,469.0,16.991666666666667
2055,sarsa,0.2,0.95,0.03,0.992,0.03,566.593892,0.8025830258302583,428.0,17.891666666666666
2056,sarsa,0.2,0.95,0.03,0.992,0.03,280.2976680000001,0.7146562905317769,660.0,16.358333333333334
2057,sarsa,0.2,0.95,0.03,0.992,0.03,529.3380840000001,0.7533257316609654,649.0,11.825
2058,sarsa,0.2,0.95,0.03,0.992,0.03,576.5132440000001,0.8333333333333334,314.0,19.408333333333335
2059,sarsa,0.2,0.95,0.03,0.992,0.03,654.8043120000001,0.8365339578454333,349.0,19.516666666666666
2060,sarsa,0.2,0.95,0.03,0.992,0.03,182.32010000000008,0.6848312322082147,775.0,13.125
2061,sarsa,0.2,0.95,0.03,0.992,0.03,668.9003279999996,0.8299953423381462,365.0,20.816666666666666
2062,sarsa,0.2,0.95,0.03,0.992,0.03,567.4939880000002,0.8070588235294117,410.0,21.525
2063,sarsa,0.2,0.95,0.03,0.992,0.03,159.36723600000008,0.690748898678414,702.0,17.925
2064,sarsa,0.2,0.95,0.03,0.992,0.03,197.69587200000018,0.6814641744548287,818.0,12.1
2065,sarsa,0.2,0.95,0.03,0.992,0.03,386.5858760000001,0.7407564810879728,610.0,19.925
2066,sarsa,0.2,0.95,0.03,0.992,0.03,569.306644,0.7832197614991482,509.0,17.325
2067,sarsa,0.2,0.95,0.03,0.992,0.03,382.302616,0.7541703248463565,560.0,15.05
2068,sarsa,0.2,0.95,0.03,0.992,0.03,460.1575439999999,0.7793072824156305,497.0,18.783333333333335
2069,sarsa,0.2,0.95,0.03,0.992,0.03,373.4815440000001,0.7476871320437343,600.0,16.283333333333335
2070,sarsa,0.2,0.95,0.03,0.992,0.03,623.5280959999999,0.8187269372693727,393.0,20.3
2071,sarsa,0.2,0.95,0.03,0.992,0.03,288.96109200000006,0.6917975567190227,883.0,12.891666666666667
2072,sarsa,0.2,0.95,0.03,0.992,0.03,575.3969640000003,0.8114828209764918,417.0,22.491666666666667
2073,sarsa,0.2,0.95,0.03,0.992,0.03,643.5886160000002,0.8369036027263875,335.0,20.883333333333333
2074,sarsa,0.2,0.95,0.03,0.992,0.03,442.4927480000002,0.7638024076380241,569.0,14.941666666666666
2075,sarsa,0.2,0.95,0.03,0.992,0.03,516.8392000000001,0.7719840919133893,516.0,20.0
2076,sarsa,0.2,0.95,0.03,0.992,0.03,430.1202040000002,0.7730802415875755,526.0,14.908333333333333
2077,sarsa,0.2,0.95,0.03,0.992,0.03,471.53694,0.7781236104935527,499.0,18.875
2078,sarsa,0.2,0.95,0.03,0.992,0.03,538.3006759999997,0.7960176991150443,461.0,14.925
2079,sarsa,0.2,0.95,0.03,0.992,0.03,442.8346720000002,0.7647814910025706,549.0,17.1
2080,sarsa,0.2,0.95,0.03,0.992,0.03,463.743444,0.7823529411764706,481.0,13.991666666666667
2081,sarsa,0.2,0.95,0.03,0.992,0.03,328.648012,0.7327168648172612,607.0,10.975
2082,sarsa,0.2,0.95,0.03,0.992,0.03,210.88228400000006,0.6977898060442039,670.0,11.408333333333333
2083,sarsa,0.2,0.95,0.03,0.992,0.03,279.2660159999999,0.7280783582089553,583.0,14.633333333333333
2084,sarsa,0.2,0.95,0.03,0.992,0.03,79.86866000000015,0.6456552706552706,995.0,11.125
2085,sarsa,0.2,0.95,0.03,0.992,0.03,312.86945199999997,0.7468413664014975,541.0,18.808333333333334
2086,sarsa,0.2,0.95,0.03,0.992,0.03,269.326964,0.7231285988483686,577.0,14.158333333333333
2087,sarsa,0.2,0.95,0.03,0.992,0.03,-86.3998719999999,0.6228943338437979,985.0,15.4
2088,sarsa,0.2,0.95,0.03,0.992,0.03,224.6497920000002,0.7002508361204013,717.0,14.766666666666667
2089,sarsa,0.2,0.95,0.03,0.992,0.03,375.113668,0.7401155042203466,585.0,13.025
2090,sarsa,0.2,0.95,0.03,0.992,0.03,57.973164000000054,0.6701123595505618,734.0,11.241666666666667
2091,sarsa,0.2,0.95,0.03,0.992,0.03,389.575432,0.7706422018348624,500.0,15.516666666666667
2092,sarsa,0.2,0.95,0.03,0.992,0.03,378.2160720000002,0.7289719626168224,667.0,10.016666666666667
2093,sarsa,0.2,0.95,0.03,0.992,0.03,428.2421280000001,0.7508532423208191,511.0,15.4
2094,sarsa,0.2,0.95,0.03,0.992,0.03,463.83601999999996,0.7720090293453724,505.0,17.458333333333332
2095,sarsa,0.2,0.95,0.03,0.992,0.03,701.2659040000003,0.8246318607764391,393.0,18.033333333333335
2096,sarsa,0.2,0.95,0.03,0.992,0.03,542.6519920000003,0.7753086419753087,546.0,18.516666666666666
2097,sarsa,0.2,0.95,0.03,0.992,0.03,568.9561560000002,0.7652985074626866,629.0,17.675
2098,sarsa,0.2,0.95,0.03,0.992,0.03,712.6234160000004,0.8658986175115208,291.0,21.716666666666665
2099,sarsa,0.2,0.95,0.03,0.992,0.03,696.7913080000001,0.8474347434743474,339.0,27.091666666666665
2100,sarsa,0.2,0.95,0.03,0.992,0.03,414.5676040000002,0.7628205128205128,518.0,15.325
2101,sarsa,0.2,0.95,0.03,0.992,0.03,645.3601120000002,0.8277236492471214,389.0,26.6
2102,sarsa,0.2,0.95,0.03,0.992,0.03,308.7955040000002,0.7127859017622797,766.0,13.866666666666667
2103,sarsa,0.2,0.95,0.03,0.992,0.03,468.1641640000001,0.7634124890061565,538.0,17.491666666666667
2104,sarsa,0.2,0.95,0.03,0.992,0.03,638.444984,0.8479307025986526,316.0,18.283333333333335
2105,sarsa,0.2,0.95,0.03,0.992,0.03,435.35765200000003,0.7698449976514796,490.0,14.225
2106,sarsa,0.2,0.95,0.03,0.992,0.03,614.7843720000005,0.8096289752650176,431.0,13.558333333333334
2107,sarsa,0.2,0.95,0.03,0.992,0.03,602.6681480000002,0.8098958333333334,438.0,17.858333333333334
2108,sarsa,0.2,0.95,0.03,0.992,0.03,469.72114000000016,0.7817666509211147,462.0,19.291666666666668
2109,sarsa,0.2,0.95,0.03,0.992,0.03,611.3882440000003,0.819371727748691,414.0,21.491666666666667
2110,sarsa,0.2,0.95,0.03,0.992,0.03,469.9863000000001,0.7906427221172023,443.0,16.875
2111,sarsa,0.2,0.95,0.03,0.992,0.03,335.06307200000003,0.7483610690872415,499.0,12.933333333333334
2112,sarsa,0.2,0.95,0.03,0.992,0.03,429.61279600000006,0.7610062893081762,532.0,17.175
2113,sarsa,0.2,0.95,0.03,0.992,0.03,-10.46281199999983,0.6314152410575428,948.0,14.025
2114,sarsa,0.2,0.95,0.03,0.992,0.03,354.21283200000005,0.7750775594622544,435.0,15.1
2115,sarsa,0.2,0.95,0.03,0.992,0.03,143.85471199999998,0.6640302613480055,977.0,12.016666666666667
2116,sarsa,0.2,0.95,0.03,0.992,0.03,303.664668,0.75625,468.0,23.091666666666665
2117,sarsa,0.2,0.95,0.03,0.992,0.03,145.7609999999999,0.6816431322207959,744.0,17.083333333333332
2118,sarsa,0.2,0.95,0.03,0.992,0.03,279.75459200000023,0.6929392446633826,935.0,12.266666666666667
2119,sarsa,0.2,0.95,0.03,0.992,0.03,179.40101600000003,0.6876876876876877,728.0,11.716666666666667
2120,sarsa,0.2,0.95,0.03,0.992,0.03,246.82068000000004,0.7045968349660889,784.0,20.25
2121,sarsa,0.2,0.95,0.03,0.992,0.03,603.838732,0.8441445363517631,358.0,29.475
2122,sarsa,0.2,0.95,0.03,0.992,0.03,51.959156000000085,0.6616632860040568,834.0,11.425
2123,sarsa,0.2,0.95,0.03,0.992,0.03,289.1559480000002,0.7063770147161879,838.0,15.775
2124,sarsa,0.2,0.95,0.03,0.992,0.03,738.3877200000001,0.8438552188552189,371.0,24.75
2125,sarsa,0.2,0.95,0.03,0.992,0.03,553.9620160000003,0.8403516890328552,345.0,20.466666666666665
2126,sarsa,0.2,0.95,0.03,0.992,0.03,570.3287040000002,0.8140681003584229,415.0,26.366666666666667
2127,sarsa,0.2,0.95,0.03,0.992,0.03,654.3995600000001,0.8384715588363004,372.0,25.083333333333332
2128,sarsa,0.2,0.95,0.03,0.992,0.03,655.1188359999998,0.866079703429101,289.0,32.09166666666667
2129,sarsa,0.2,0.95,0.03,0.992,0.03,732.5712600000002,0.8665422305179654,286.0,17.375
2130,sarsa,0.2,0.95,0.03,0.992,0.03,471.265384,0.7646356033452808,591.0,23.283333333333335
2131,sarsa,0.2,0.95,0.03,0.992,0.03,638.0201760000001,0.8125,459.0,28.466666666666665
2132,sarsa,0.2,0.95,0.03,0.992,0.03,674.0959000000001,0.8793526238352133,246.0,28.541666666666668
2133,sarsa,0.2,0.95,0.03,0.992,0.03,628.668032,0.8299559471365638,386.0,19.266666666666666
2134,sarsa,0.2,0.95,0.03,0.992,0.03,528.3720800000004,0.8133992805755396,415.0,19.833333333333332
2135,sarsa,0.2,0.95,0.03,0.992,0.03,616.9943800000001,0.8082706766917294,459.0,17.541666666666668
2136,sarsa,0.2,0.95,0.03,0.992,0.03,532.7529400000002,0.7764098490865766,563.0,17.208333333333332
2137,sarsa,0.2,0.95,0.03,0.992,0.03,481.9045119999999,0.7315634218289085,819.0,14.933333333333334
2138,sarsa,0.2,0.95,0.03,0.992,0.03,464.9809120000002,0.7699412258606213,548.0,19.1
2139,sarsa,0.2,0.95,0.03,0.992,0.03,504.43566400000003,0.7954644570431749,469.0,18.533333333333335
2140,sarsa,0.2,0.95,0.03,0.992,0.03,695.6984520000002,0.8513453903837671,337.0,21.725
2141,sarsa,0.2,0.95,0.03,0.992,0.03,893.1171800000003,0.9063688212927756,197.0,20.041666666666668
2142,sarsa,0.2,0.95,0.03,0.992,0.03,622.501444,0.8,462.0,18.991666666666667
2143,sarsa,0.2,0.95,0.03,0.992,0.03,560.9109480000003,0.8079350766456267,426.0,19.525
2144,sarsa,0.2,0.95,0.03,0.992,0.03,323.64467600000035,0.7459807073954984,553.0,14.091666666666667
2145,sarsa,0.2,0.95,0.03,0.992,0.03,419.91132799999997,0.7661217075386013,515.0,15.4
2146,sarsa,0.2,0.95,0.03,0.992,0.03,527.8858080000001,0.816,368.0,16.9
2147,sarsa,0.2,0.95,0.03,0.992,0.03,327.5875439999999,0.7517378351539226,500.0,18.783333333333335
2148,sarsa,0.2,0.95,0.03,0.992,0.03,423.85486000000003,0.7601232394366197,545.0,17.875
2149,sarsa,0.2,0.95,0.03,0.992,0.03,495.6855920000001,0.7946784922394678,463.0,18.933333333333334
2150,sarsa,0.2,0.95,0.03,0.992,0.03,306.0091560000003,0.7310155535224153,588.0,14.758333333333333
2151,sarsa,0.2,0.95,0.03,0.992,0.03,470.7036960000003,0.7697809566383549,515.0,17.8
2152,sarsa,0.2,0.95,0.03,0.992,0.03,489.6397000000002,0.776060070671378,507.0,18.958333333333332
2153,sarsa,0.2,0.95,0.03,0.992,0.03,502.2691359999999,0.7870572802798426,487.0,17.3
2154,sarsa,0.2,0.95,0.03,0.992,0.03,590.0144360000002,0.8243375858684985,358.0,21.258333333333333
2155,sarsa,0.2,0.95,0.03,0.992,0.03,588.917416,0.7929571489181162,488.0,15.883333333333333
2156,sarsa,0.2,0.95,0.03,0.992,0.03,618.589044,0.8489816194734228,304.0,19.825
2157,sarsa,0.2,0.95,0.03,0.992,0.03,270.42785600000013,0.7063331988705123,728.0,16.633333333333333
2158,sarsa,0.2,0.95,0.03,0.992,0.03,456.86326800000023,0.7409018987341772,655.0,15.525
2159,sarsa,0.2,0.95,0.03,0.992,0.03,697.2190880000006,0.8397118415128321,356.0,21.733333333333334
2160,sarsa,0.2,0.95,0.03,0.992,0.03,617.1327320000001,0.8167174575533305,421.0,16.975
2161,sarsa,0.2,0.95,0.03,0.992,0.03,784.2693400000003,0.8572710951526032,318.0,20.541666666666668
2162,sarsa,0.2,0.95,0.03,0.992,0.03,716.7956160000001,0.8398722627737226,351.0,19.633333333333333
2163,sarsa,0.2,0.95,0.03,0.992,0.03,618.3213679999999,0.7963488843813388,502.0,17.816666666666666
2164,sarsa,0.2,0.95,0.03,0.992,0.03,777.957524,0.8756575801052128,260.0,24.658333333333335
2165,sarsa,0.2,0.95,0.03,0.992,0.03,788.4479360000003,0.8865075499269361,233.0,23.133333333333333
2166,sarsa,0.2,0.95,0.03,0.992,0.03,689.0873399999999,0.852165725047081,314.0,28.958333333333332
2167,sarsa,0.2,0.95,0.03,0.992,0.03,764.3767479999999,0.9006211180124224,192.0,23.275
2168,sarsa,0.2,0.95,0.03,0.992,0.03,1056.9506000000001,0.9468085106382979,115.0,27.333333333333332
2169,sarsa,0.2,0.95,0.03,0.992,0.03,757.8880760000001,0.8476442095992954,346.0,18.675
2170,sarsa,0.2,0.95,0.03,0.992,0.03,732.841304,0.8701605288007555,275.0,25.95
2171,sarsa,0.2,0.95,0.03,0.992,0.03,726.6157280000001,0.8438612099644128,351.0,22.9
2172,sarsa,0.2,0.95,0.03,0.992,0.03,647.8824440000001,0.7811334824757643,587.0,18.575
2173,sarsa,0.2,0.95,0.03,0.992,0.03,610.4364760000002,0.7923452768729642,510.0,18.675
2174,sarsa,0.2,0.95,0.03,0.992,0.03,778.9599840000003,0.837956847203875,368.0,17.866666666666667
2175,sarsa,0.2,0.95,0.03,0.992,0.03,603.0347920000002,0.8389548693586698,339.0,24.35
2176,sarsa,0.2,0.95,0.03,0.992,0.03,571.36604,0.7909245122985581,493.0,20.75
2177,sarsa,0.2,0.95,0.03,0.992,0.03,464.1445040000002,0.7301587301587301,833.0,16.783333333333335
2178,sarsa,0.2,0.95,0.03,0.992,0.03,693.0048160000001,0.8345656192236599,358.0,23.8
2179,sarsa,0.2,0.95,0.03,0.992,0.03,582.8020160000003,0.7699149265274555,595.0,17.966666666666665
2180,sarsa,0.2,0.95,0.03,0.992,0.03,866.3128160000003,0.8935512367491166,241.0,22.133333333333333
2181,sarsa,0.2,0.95,0.03,0.992,0.03,402.9297960000002,0.7484981978374049,628.0,20.091666666666665
2182,sarsa,0.2,0.95,0.03,0.992,0.03,940.5081479999999,0.902676399026764,200.0,22.025
2183,sarsa,0.2,0.95,0.03,0.992,0.03,789.5475840000004,0.9026418786692759,199.0,31.2
2184,sarsa,0.2,0.95,0.03,0.992,0.03,454.3613160000001,0.7375279225614296,705.0,16.925
2185,sarsa,0.2,0.95,0.03,0.992,0.03,600.4975520000002,0.7876796714579055,517.0,21.933333333333334
2186,sarsa,0.2,0.95,0.03,0.992,0.03,600.2864240000004,0.7937828371278459,471.0,23.616666666666667
2187,sarsa,0.2,0.95,0.03,0.992,0.03,710.4350559999995,0.8211279461279462,425.0,19.133333333333333
2188,sarsa,0.2,0.95,0.03,0.992,0.03,371.25466400000016,0.7265225933202357,696.0,18.116666666666667
2189,sarsa,0.2,0.95,0.03,0.992,0.03,599.1049280000001,0.7779097387173397,561.0,20.4
2190,sarsa,0.2,0.95,0.03,0.992,0.03,716.1829919999998,0.8278538812785388,377.0,21.433333333333334
2191,sarsa,0.2,0.95,0.03,0.992,0.03,891.2894679999999,0.9205265724037055,163.0,28.441666666666666
2192,sarsa,0.2,0.95,0.03,0.992,0.03,681.431412,0.836921667430142,356.0,22.225
2193,sarsa,0.2,0.95,0.03,0.992,0.03,613.9746960000002,0.8059033989266547,434.0,20.716666666666665
2194,sarsa,0.2,0.95,0.03,0.992,0.03,618.9086640000002,0.8057906458797327,436.0,20.616666666666667
2195,sarsa,0.2,0.95,0.03,0.992,0.03,765.3176639999997,0.8676923076923077,301.0,23.533333333333335
2196,sarsa,0.2,0.95,0.03,0.992,0.03,818.1700079999997,0.903096903096903,194.0,23.983333333333334
2197,sarsa,0.2,0.95,0.03,0.992,0.03,718.9597080000003,0.8564705882352941,305.0,22.941666666666666
2198,sarsa,0.2,0.95,0.03,0.992,0.03,704.6756840000002,0.8115055079559363,462.0,17.658333333333335
2199,sarsa,0.2,0.95,0.03,0.992,0.03,849.0828880000001,0.9122893954410307,177.0,26.316666666666666
2200,sarsa,0.2,0.95,0.03,0.992,0.03,518.5210720000002,0.7807794508414526,495.0,22.1
2201,sarsa,0.2,0.95,0.03,0.992,0.03,671.9806639999999,0.8202054794520548,420.0,20.616666666666667
2202,sarsa,0.2,0.95,0.03,0.992,0.03,795.7426000000003,0.8554472233997457,341.0,21.25
2203,sarsa,0.2,0.95,0.03,0.992,0.03,729.348308,0.8301323090055485,398.0,17.525
2204,sarsa,0.2,0.95,0.03,0.992,0.03,804.4116600000002,0.8868844466114091,232.0,23.208333333333332
2205,sarsa,0.2,0.95,0.03,0.992,0.03,888.4250480000001,0.866885784716516,324.0,22.65
2206,sarsa,0.2,0.95,0.03,0.992,0.03,779.7326000000002,0.835383962664404,388.0,18.75
2207,sarsa,0.2,0.95,0.03,0.992,0.03,599.7385680000003,0.7878545745105873,531.0,19.483333333333334
2208,sarsa,0.2,0.95,0.03,0.992,0.03,729.0089400000003,0.8729547641963427,264.0,26.375
2209,sarsa,0.2,0.95,0.03,0.992,0.03,431.0643919999999,0.7465626161278335,682.0,16.85
2210,sarsa,0.2,0.95,0.03,0.992,0.03,563.6985279999999,0.8224390243902439,364.0,22.066666666666666
2211,sarsa,0.2,0.95,0.03,0.992,0.03,593.380308,0.7933275563258232,477.0,20.025
2212,sarsa,0.2,0.95,0.03,0.992,0.03,391.42908,0.7380763116057234,659.0,20.25
2213,sarsa,0.2,0.95,0.03,0.992,0.03,574.2584720000002,0.8113382899628253,406.0,20.016666666666666
2214,sarsa,0.2,0.95,0.03,0.992,0.03,764.6224440000003,0.8590233545647559,332.0,18.575
2215,sarsa,0.2,0.95,0.03,0.992,0.03,547.61918,0.7745302713987474,540.0,19.208333333333332
2216,sarsa,0.2,0.95,0.03,0.992,0.03,808.8120319999998,0.9032258064516129,192.0,26.766666666666666
2217,sarsa,0.2,0.95,0.03,0.992,0.03,682.9053719999997,0.8362109192720485,351.0,17.308333333333334
2218,sarsa,0.2,0.95,0.03,0.992,0.03,519.0074560000006,0.7697318007662836,601.0,17.466666666666665
2219,sarsa,0.2,0.95,0.03,0.992,0.03,539.770996,0.7912280701754386,476.0,19.258333333333333
2220,sarsa,0.2,0.95,0.03,0.992,0.03,711.6923040000001,0.8709036742800397,260.0,21.366666666666667
2221,sarsa,0.2,0.95,0.03,0.992,0.03,609.6987320000005,0.8068825910931174,477.0,18.641666666666666
2222,sarsa,0.2,0.95,0.03,0.992,0.03,804.3019800000004,0.8876080691642652,234.0,22.541666666666668
2223,sarsa,0.2,0.95,0.03,0.992,0.03,811.0877199999998,0.8465247087183608,382.0,19.75
2224,sarsa,0.2,0.95,0.03,0.992,0.03,735.9996720000004,0.8606032906764168,305.0,22.516666666666666
2225,sarsa,0.2,0.95,0.03,0.992,0.03,706.6468920000001,0.8598003629764065,309.0,24.975
2226,sarsa,0.2,0.95,0.03,0.992,0.03,624.4369319999997,0.812829525483304,426.0,21.558333333333334
2227,sarsa,0.2,0.95,0.03,0.992,0.03,533.1910200000002,0.7999098693105002,444.0,23.975
2228,sarsa,0.2,0.95,0.03,0.992,0.03,395.7073800000003,0.7326892109500805,664.0,18.791666666666668
2229,sarsa,0.2,0.95,0.03,0.992,0.03,757.2240879999999,0.8652900688298918,274.0,20.75
2230,sarsa,0.2,0.95,0.03,0.992,0.03,656.023956,0.8353510895883777,340.0,23.925
2231,sarsa,0.2,0.95,0.03,0.992,0.03,571.9582239999999,0.79314667781028,495.0,14.866666666666667
2232,sarsa,0.2,0.95,0.03,0.992,0.03,624.4716360000003,0.8172905525846702,410.0,18.758333333333333
2233,sarsa,0.2,0.95,0.03,0.992,0.03,563.5329959999999,0.7817109144542773,518.0,16.758333333333333
2234,sarsa,0.2,0.95,0.03,0.992,0.03,327.5437840000001,0.7392335045436587,660.0,13.283333333333333
2235,sarsa,0.2,0.95,0.03,0.992,0.03,591.1488600000002,0.7804,549.0,14.041666666666666
2236,sarsa,0.2,0.95,0.03,0.992,0.03,630.589844,0.8578811369509044,275.0,19.825
2237,sarsa,0.2,0.95,0.03,0.992,0.03,743.0666480000001,0.8581111613194758,314.0,18.483333333333334
2238,sarsa,0.2,0.95,0.03,0.992,0.03,739.7832799999996,0.8457423094070441,346.0,16.5
2239,sarsa,0.2,0.95,0.03,0.992,0.03,351.81617200000005,0.7166242269916333,779.0,13.975
2240,sarsa,0.2,0.95,0.03,0.992,0.03,637.9300880000001,0.8371040723981901,324.0,19.65
2241,sarsa,0.2,0.95,0.03,0.992,0.03,613.2029160000003,0.818620992534036,413.0,18.591666666666665
2242,sarsa,0.2,0.95,0.03,0.992,0.03,714.30838,0.8306997742663657,375.0,16.708333333333332
2243,sarsa,0.2,0.95,0.03,0.992,0.03,704.1137720000003,0.8318815331010453,386.0,17.308333333333334
2244,sarsa,0.2,0.95,0.03,0.992,0.03,710.9688280000001,0.8626400389673649,282.0,19.775
2245,sarsa,0.2,0.95,0.03,0.992,0.03,535.406344,0.8155963302752294,402.0,19.616666666666667
2246,sarsa,0.2,0.95,0.03,0.992,0.03,336.9493400000001,0.7231067961165049,713.0,12.208333333333334
2247,sarsa,0.2,0.95,0.03,0.992,0.03,593.4817360000001,0.804424778761062,442.0,19.383333333333333
2248,sarsa,0.2,0.95,0.03,0.992,0.03,408.3221720000001,0.7441130298273155,652.0,15.641666666666667
2249,sarsa,0.2,0.95,0.03,0.992,0.03,651.2253040000002,0.8099415204678363,455.0,18.45
2250,sarsa,0.2,0.95,0.03,0.992,0.03,440.4108080000001,0.7366638441998307,622.0,16.483333333333334
2251,sarsa,0.2,0.95,0.03,0.992,0.03,577.4120400000004,0.8069201196070056,452.0,19.083333333333332
2252,sarsa,0.2,0.95,0.03,0.992,0.03,476.1507680000001,0.7637292464878672,555.0,14.9
2253,sarsa,0.2,0.95,0.03,0.992,0.03,553.859532,0.8014946286781878,425.0,15.308333333333334
2254,sarsa,0.2,0.95,0.03,0.992,0.03,509.34860800000024,0.7819450501526385,500.0,18.566666666666666
2255,sarsa,0.2,0.95,0.03,0.992,0.03,200.81388800000002,0.6858558902020587,824.0,10.066666666666666
2256,sarsa,0.2,0.95,0.03,0.992,0.03,414.01559599999996,0.7581081081081081,537.0,14.675
2257,sarsa,0.2,0.95,0.03,0.992,0.03,440.2161319999999,0.7490729295426453,609.0,16.558333333333334
2258,sarsa,0.2,0.95,0.03,0.992,0.03,370.4963120000002,0.7549668874172185,518.0,13.683333333333334
2259,sarsa,0.2,0.95,0.03,0.992,0.03,64.80050800000012,0.6659776767259198,808.0,13.775
2260,sarsa,0.2,0.95,0.03,0.992,0.03,358.7054120000001,0.7038567493112947,860.0,13.891666666666667
2261,sarsa,0.2,0.95,0.03,0.992,0.03,574.7405640000005,0.8443723946271422,336.0,24.891666666666666
2262,sarsa,0.2,0.95,0.03,0.992,0.03,662.2901880000005,0.8595617529880478,282.0,25.275
2263,sarsa,0.2,0.95,0.03,0.992,0.03,590.480008,0.8147340889276373,425.0,18.15
2264,sarsa,0.2,0.95,0.03,0.992,0.03,360.75332000000003,0.7199367088607594,708.0,19.75
2265,sarsa,0.2,0.95,0.03,0.992,0.03,480.2582520000001,0.7877620881471973,496.0,17.141666666666666
2266,sarsa,0.2,0.95,0.03,0.992,0.03,183.87744800000002,0.6765664614270192,893.0,15.15
2267,sarsa,0.2,0.95,0.03,0.992,0.03,605.4167840000001,0.8170173833485819,400.0,26.2
2268,sarsa,0.2,0.95,0.03,0.992,0.03,824.2707479999998,0.8693877551020408,288.0,17.441666666666666
2269,sarsa,0.2,0.95,0.03,0.992,0.03,643.4039040000004,0.8854415274463007,240.0,23.866666666666667
2270,sarsa,0.2,0.95,0.03,0.992,0.03,762.1976560000002,0.8377118644067797,383.0,17.05
2271,sarsa,0.2,0.95,0.03,0.992,0.03,294.980304,0.716069271043093,705.0,14.7
2272,sarsa,0.2,0.95,0.03,0.992,0.03,363.685328,0.71850699844479,724.0,16.233333333333334
2273,sarsa,0.2,0.95,0.03,0.992,0.03,359.88258,0.7431891025641025,641.0,16.291666666666668
2274,sarsa,0.2,0.95,0.03,0.992,0.03,688.6106960000003,0.8494921514312096,326.0,19.883333333333333
2275,sarsa,0.2,0.95,0.03,0.992,0.03,485.6760280000003,0.7937814357567444,451.0,21.441666666666666
2276,sarsa,0.2,0.95,0.03,0.992,0.03,752.6611800000002,0.8726457399103139,284.0,22.541666666666668
2277,sarsa,0.2,0.95,0.03,0.992,0.03,638.5677600000004,0.8255915863277826,398.0,23.833333333333332
2278,sarsa,0.2,0.95,0.03,0.992,0.03,729.3147680000003,0.882439744220364,239.0,24.9
2279,sarsa,0.2,0.95,0.03,0.992,0.03,575.5578800000003,0.8166591217745586,405.0,23.583333333333332
2280,sarsa,0.2,0.95,0.03,0.992,0.03,670.673,0.8459495351925631,348.0,21.25
2281,sarsa,0.2,0.95,0.03,0.992,0.03,641.8419040000003,0.8467780429594272,321.0,20.533333333333335
2282,sarsa,0.2,0.95,0.03,0.992,0.03,605.0955840000003,0.7971198644642101,479.0,16.2
2283,sarsa,0.2,0.95,0.03,0.992,0.03,463.75171200000034,0.7667076670766708,569.0,17.433333333333334
2284,sarsa,0.2,0.95,0.03,0.992,0.03,385.7166000000001,0.7405791352637842,654.0,16.25
2285,sarsa,0.2,0.95,0.03,0.992,0.03,595.095332,0.8304066543438078,367.0,19.891666666666666
2286,sarsa,0.2,0.95,0.03,0.992,0.03,476.21448000000026,0.8170557408289661,384.0,21.5
2287,sarsa,0.2,0.95,0.03,0.992,0.03,543.8865320000002,0.7961205117622782,494.0,19.891666666666666
2288,sarsa,0.2,0.95,0.03,0.992,0.03,383.8961160000001,0.734375,714.0,15.258333333333333
2289,sarsa,0.2,0.95,0.03,0.992,0.03,456.5433160000001,0.7801667397981571,501.0,17.758333333333333
2290,sarsa,0.2,0.95,0.03,0.992,0.03,515.3413639999999,0.8124448367166813,425.0,20.825
2291,sarsa,0.2,0.95,0.03,0.992,0.03,599.2311400000004,0.8025531914893617,464.0,15.958333333333334
2292,sarsa,0.2,0.95,0.03,0.992,0.03,583.1289120000001,0.8341968911917098,352.0,18.266666666666666
2293,sarsa,0.2,0.95,0.03,0.992,0.03,507.1688360000003,0.7633674630261661,624.0,18.758333333333333
2294,sarsa,0.2,0.95,0.03,0.992,0.03,394.8345440000002,0.7530766177054387,622.0,17.533333333333335
2295,sarsa,0.2,0.95,0.03,0.992,0.03,452.48933600000043,0.7848731884057971,475.0,19.383333333333333
2296,sarsa,0.2,0.95,0.03,0.992,0.03,438.6820680000002,0.7747454175152749,553.0,18.025
2297,sarsa,0.2,0.95,0.03,0.992,0.03,681.7287039999998,0.8661604176554343,282.0,25.533333333333335
2298,sarsa,0.2,0.95,0.03,0.992,0.03,335.69596800000016,0.7522206638616176,530.0,13.233333333333333
2299,sarsa,0.2,0.95,0.03,0.992,0.03,470.05577600000004,0.7587025316455697,610.0,15.133333333333333
2300,sarsa,0.2,0.95,0.03,0.992,0.03,494.90684800000037,0.7826797385620915,532.0,17.233333333333334
2301,sarsa,0.2,0.95,0.03,0.992,0.03,345.7005000000002,0.7493551160791058,583.0,16.458333333333332
2302,sarsa,0.2,0.95,0.03,0.992,0.03,513.6732920000002,0.7876923076923077,483.0,18.308333333333334
2303,sarsa,0.2,0.95,0.03,0.992,0.03,480.755,0.7831533477321814,502.0,18.75
2304,sarsa,0.2,0.95,0.03,0.992,0.03,444.72016399999995,0.7471218737594283,637.0,17.491666666666667
2305,sarsa,0.2,0.95,0.03,0.992,0.03,487.54926799999987,0.7996492766330556,457.0,20.525
2306,sarsa,0.2,0.95,0.03,0.992,0.03,589.7966,0.7964926590538336,499.0,18.75
2307,sarsa,0.2,0.95,0.03,0.992,0.03,552.6917199999998,0.8003391267486223,471.0,16.416666666666668
2308,sarsa,0.2,0.95,0.03,0.992,0.03,600.7370639999999,0.8468688845401174,313.0,19.783333333333335
2309,sarsa,0.2,0.95,0.03,0.992,0.03,721.0397920000001,0.8589269195189639,305.0,16.433333333333334
2310,sarsa,0.2,0.95,0.03,0.992,0.03,650.8377280000003,0.812,423.0,18.733333333333334
2311,sarsa,0.2,0.95,0.03,0.992,0.03,462.2342360000001,0.7866242038216561,469.0,19.175
2312,sarsa,0.2,0.95,0.03,0.992,0.03,473.76098000000036,0.7664146438519698,587.0,17.125
2313,sarsa,0.2,0.95,0.03,0.992,0.03,613.0244519999999,0.812,423.0,21.725
2314,sarsa,0.2,0.95,0.03,0.992,0.03,553.4051720000002,0.7915855083755357,535.0,17.725
2315,sarsa,0.2,0.95,0.03,0.992,0.03,503.0803160000002,0.7550874687611567,686.0,16.508333333333333
2316,sarsa,0.2,0.95,0.03,0.992,0.03,724.926584,0.8843474222015791,249.0,23.283333333333335
2317,sarsa,0.2,0.95,0.03,0.992,0.03,682.5470680000001,0.8276010318142735,401.0,21.775
2318,sarsa,0.2,0.95,0.03,0.992,0.03,732.7682960000001,0.8623055809698079,301.0,20.716666666666665
2319,sarsa,0.2,0.95,0.03,0.992,0.03,686.2419280000001,0.8618711385701677,313.0,22.483333333333334
2320,sarsa,0.2,0.95,0.03,0.992,0.03,677.9691280000004,0.8605947955390335,300.0,23.316666666666666
2321,sarsa,0.2,0.95,0.03,0.992,0.03,849.0422959999999,0.9052302190433617,212.0,25.716666666666665
2322,sarsa,0.2,0.95,0.03,0.992,0.03,764.6794719999995,0.8905967450271248,242.0,27.1
2323,sarsa,0.2,0.95,0.03,0.992,0.03,656.6427080000003,0.8122714343762698,462.0,20.025
2324,sarsa,0.2,0.95,0.03,0.992,0.03,738.2536280000003,0.8890456041372825,236.0,26.925
2325,sarsa,0.2,0.95,0.03,0.992,0.03,754.427136,0.8527066722618548,351.0,21.466666666666665
2326,sarsa,0.2,0.95,0.03,0.992,0.03,730.3901040000002,0.8688130706391158,273.0,25.116666666666667
2327,sarsa,0.2,0.95,0.03,0.992,0.03,569.4031360000004,0.7956857956857957,502.0,21.466666666666665
2328,sarsa,0.2,0.95,0.03,0.992,0.03,549.4031280000002,0.8228931951329428,393.0,19.983333333333334
2329,sarsa,0.2,0.95,0.03,0.992,0.03,733.6717840000003,0.8664192949907236,288.0,19.95
2330,sarsa,0.2,0.95,0.03,0.992,0.03,531.616112,0.8071334214002642,438.0,19.933333333333334
2331,sarsa,0.2,0.95,0.03,0.992,0.03,357.8900000000004,0.7453556864521975,562.0,10.833333333333334
2332,sarsa,0.2,0.95,0.03,0.992,0.03,205.1093399999999,0.6988817891373802,754.0,14.708333333333334
2333,sarsa,0.2,0.95,0.03,0.992,0.03,374.3701280000002,0.7523605150214592,577.0,17.9
2334,sarsa,0.2,0.95,0.03,0.992,0.03,303.5707360000002,0.7341329335332334,532.0,16.466666666666665
2335,sarsa,0.2,0.95,0.03,0.992,0.03,580.7764039999997,0.828649138712602,378.0,20.325
2336,sarsa,0.2,0.95,0.03,0.992,0.03,422.44755600000036,0.7583781547372777,584.0,17.258333333333333
2337,sarsa,0.2,0.95,0.03,0.992,0.03,815.2793920000001,0.8653679653679653,311.0,16.433333333333334
2338,sarsa,0.2,0.95,0.03,0.992,0.03,466.48248400000017,0.7669793621013133,621.0,20.991666666666667
2339,sarsa,0.2,0.95,0.03,0.992,0.03,634.70326,0.8095803642121931,481.0,20.708333333333332
2340,sarsa,0.2,0.95,0.03,0.992,0.03,508.9167640000003,0.7962641181581234,469.0,18.741666666666667
2341,sarsa,0.2,0.95,0.03,0.992,0.03,647.0670679999998,0.838591678097851,353.0,15.941666666666666
2342,sarsa,0.2,0.95,0.03,0.992,0.03,564.6987840000003,0.7940298507462686,483.0,12.033333333333333
2343,sarsa,0.2,0.95,0.03,0.992,0.03,552.8166440000003,0.8073136427566807,411.0,15.658333333333333
2344,sarsa,0.2,0.95,0.03,0.992,0.03,365.948584,0.7612790188348664,545.0,17.45
2345,sarsa,0.2,0.95,0.03,0.992,0.03,491.8946719999999,0.7919930374238469,478.0,14.6
2346,sarsa,0.2,0.95,0.03,0.992,0.03,277.7312640000001,0.7062652563059398,722.0,11.033333333333333
2347,sarsa,0.2,0.95,0.03,0.992,0.03,277.9607680000002,0.7339331619537275,621.0,12.4
2348,sarsa,0.2,0.95,0.03,0.992,0.03,299.32704,0.7044609665427509,795.0,9.5
2349,sarsa,0.2,0.95,0.03,0.992,0.03,196.98615200000006,0.6994313566206336,740.0,13.183333333333334
2350,sarsa,0.2,0.95,0.03,0.992,0.03,233.15826000000013,0.7175324675324676,609.0,11.125
2351,sarsa,0.2,0.95,0.03,0.992,0.03,248.36863999999983,0.7170880557977333,649.0,12.0
2352,sarsa,0.2,0.95,0.03,0.992,0.03,424.3046400000002,0.7534246575342466,594.0,13.666666666666666
2353,sarsa,0.2,0.95,0.03,0.992,0.03,204.28490000000005,0.7135325131810193,652.0,15.625
2354,sarsa,0.2,0.95,0.03,0.992,0.03,338.09172800000044,0.7441150828247602,587.0,15.4
2355,sarsa,0.2,0.95,0.03,0.992,0.03,461.2054760000001,0.7801784875528417,468.0,23.775
2356,sarsa,0.2,0.95,0.03,0.992,0.03,518.3808200000001,0.8043676069153776,430.0,19.958333333333332
2357,sarsa,0.2,0.95,0.03,0.992,0.03,173.6775960000001,0.7002467105263158,729.0,15.508333333333333
2358,sarsa,0.2,0.95,0.03,0.992,0.03,450.3846800000001,0.794256120527307,437.0,17.75
2359,sarsa,0.2,0.95,0.03,0.992,0.03,431.74408399999993,0.7777272727272727,489.0,17.658333333333335
2360,sarsa,0.2,0.95,0.03,0.992,0.03,225.20535600000017,0.7177263969171483,586.0,13.508333333333333
2361,sarsa,0.2,0.95,0.03,0.992,0.03,67.85352800000013,0.6795207787345563,856.0,11.65
2362,sarsa,0.2,0.95,0.03,0.992,0.03,287.6660680000002,0.7058106460788297,724.0,13.025
2363,sarsa,0.2,0.95,0.03,0.992,0.03,-94.57837599999989,0.6168183788469874,884.0,10.283333333333333
2364,sarsa,0.2,0.95,0.03,0.992,0.03,486.208048,0.7651704073150457,565.0,18.9
2365,sarsa,0.2,0.95,0.03,0.992,0.03,557.258132,0.827552515876893,353.0,24.891666666666666
2366,sarsa,0.2,0.95,0.03,0.992,0.03,429.1172200000001,0.7693357597816196,507.0,16.625
2367,sarsa,0.2,0.95,0.03,0.992,0.03,410.91801600000014,0.7622222222222222,535.0,16.3
2368,sarsa,0.2,0.95,0.03,0.992,0.03,16.207168000000024,0.6534322820037106,934.0,15.733333333333333
2369,sarsa,0.2,0.95,0.03,0.992,0.03,453.61107599999997,0.782276203328835,484.0,21.591666666666665
2370,sarsa,0.2,0.95,0.03,0.992,0.03,216.856664,0.7111479486116867,697.0,16.45
2371,sarsa,0.2,0.95,0.03,0.992,0.03,539.4420000000001,0.7930263746088512,463.0,18.333333333333332
2372,sarsa,0.2,0.95,0.03,0.992,0.03,394.5491520000003,0.7549978732454274,576.0,20.266666666666666
2373,sarsa,0.2,0.95,0.03,0.992,0.03,493.97234800000024,0.7900443568260227,426.0,19.941666666666666
2374,sarsa,0.2,0.95,0.03,0.992,0.03,452.7361120000001,0.7830233667143538,455.0,17.433333333333334
2375,sarsa,0.2,0.95,0.03,0.992,0.03,218.22655600000036,0.7285908473040327,599.0,14.341666666666667
2376,sarsa,0.2,0.95,0.03,0.992,0.03,177.1344640000002,0.6693786982248521,894.0,13.533333333333333
2377,sarsa,0.2,0.95,0.03,0.992,0.03,255.67284800000024,0.7159740754860846,745.0,15.566666666666666
2378,sarsa,0.2,0.95,0.03,0.992,0.03,361.0188280000001,0.7387862796833773,594.0,11.441666666666666
2379,sarsa,0.2,0.95,0.03,0.992,0.03,111.95066,0.6942148760330579,703.0,12.791666666666666
2380,sarsa,0.2,0.95,0.03,0.992,0.03,137.49142000000018,0.6963350785340314,696.0,17.875
2381,sarsa,0.2,0.95,0.03,0.992,0.03,110.73351200000022,0.6570397111913358,760.0,10.35
2382,sarsa,0.2,0.95,0.03,0.992,0.03,336.10280800000015,0.7357706688824263,636.0,12.316666666666666
2383,sarsa,0.2,0.95,0.03,0.992,0.03,43.51535600000007,0.6534237726098191,1073.0,11.008333333333333
2384,sarsa,0.2,0.95,0.03,0.992,0.03,126.76217600000007,0.7061384414453635,675.0,14.3
2385,sarsa,0.2,0.95,0.03,0.992,0.03,278.20433599999996,0.7056352817640882,841.0,13.966666666666667
2386,sarsa,0.2,0.95,0.03,0.992,0.03,148.99428800000015,0.7047366091190792,667.0,12.566666666666666
2387,sarsa,0.2,0.95,0.03,0.992,0.03,-304.4573359999999,0.5741472172351885,1186.0,11.45
2388,sarsa,0.2,0.95,0.03,0.992,0.03,260.1044920000003,0.7278056951423786,650.0,14.141666666666667
2389,sarsa,0.2,0.95,0.03,0.992,0.03,175.42940800000014,0.6817269076305221,951.0,11.066666666666666
2390,sarsa,0.2,0.95,0.03,0.992,0.03,507.76468800000043,0.7952755905511811,468.0,16.733333333333334
2391,sarsa,0.2,0.95,0.03,0.992,0.03,420.6250319999999,0.7785654712260217,531.0,18.016666666666666
2392,sarsa,0.2,0.95,0.03,0.992,0.03,110.59672000000008,0.6897394136807817,762.0,16.0
2393,sarsa,0.2,0.95,0.03,0.992,0.03,400.4697239999999,0.7691056910569106,568.0,15.075
2394,sarsa,0.2,0.95,0.03,0.992,0.03,296.6115960000001,0.7359139784946237,614.0,22.175
2395,sarsa,0.2,0.95,0.03,0.992,0.03,643.5453440000002,0.8322399250234301,358.0,20.033333333333335
2396,sarsa,0.2,0.95,0.03,0.992,0.03,445.4326880000002,0.7900355871886121,472.0,19.233333333333334
2397,sarsa,0.2,0.95,0.03,0.992,0.03,301.3462680000001,0.7274119448698315,712.0,18.441666666666666
2398,sarsa,0.2,0.95,0.03,0.992,0.03,701.7415320000001,0.8502887605508663,337.0,21.141666666666666
2399,sarsa,0.2,0.95,0.03,0.992,0.03,692.5100640000005,0.8880345987506006,233.0,21.033333333333335
2400,sarsa,0.2,0.95,0.03,0.992,0.03,540.7458600000001,0.7836865253898441,541.0,18.625
2401,sarsa,0.2,0.95,0.03,0.992,0.03,754.4339960000004,0.8470133218736571,356.0,19.675
2402,sarsa,0.2,0.95,0.03,0.992,0.03,462.69116400000013,0.7749597423510467,559.0,18.741666666666667
2403,sarsa,0.2,0.95,0.03,0.992,0.03,581.0577759999998,0.822518263859046,413.0,26.8
2404,sarsa,0.2,0.95,0.03,0.992,0.03,307.44038399999994,0.7278884462151395,683.0,19.533333333333335
2405,sarsa,0.2,0.95,0.03,0.992,0.03,413.45105200000006,0.7479050279329609,722.0,17.141666666666666
2406,sarsa,0.2,0.95,0.03,0.992,0.03,605.6935480000001,0.8305243445692884,362.0,18.275
2407,sarsa,0.2,0.95,0.03,0.992,0.03,419.7976440000001,0.7561677631578947,593.0,17.741666666666667
2408,sarsa,0.2,0.95,0.03,0.992,0.03,406.8013720000001,0.749524895477005,659.0,17.308333333333334
2409,sarsa,0.2,0.95,0.03,0.992,0.03,420.4782200000001,0.7896003851709196,437.0,18.708333333333332
2410,sarsa,0.2,0.95,0.03,0.992,0.03,548.4263680000003,0.785176377328577,542.0,19.9
2411,sarsa,0.2,0.95,0.03,0.992,0.03,344.01425600000005,0.7558187015108208,598.0,21.633333333333333
2412,sarsa,0.2,0.95,0.03,0.992,0.03,305.082668,0.7445772465692785,577.0,14.275
2413,sarsa,0.2,0.95,0.03,0.992,0.03,190.11885200000012,0.6852248394004282,1029.0,12.558333333333334
2414,sarsa,0.2,0.95,0.03,0.992,0.03,470.6435439999997,0.7841792409693644,472.0,16.283333333333335
2415,sarsa,0.2,0.95,0.03,0.992,0.03,182.87223200000008,0.7071213640922769,584.0,10.516666666666667
2416,sarsa,0.2,0.95,0.03,0.992,0.03,12.392556000000127,0.6632825719120136,796.0,11.841666666666667
2417,sarsa,0.2,0.95,0.03,0.992,0.03,762.0517920000003,0.8977667493796526,206.0,23.1
2418,sarsa,0.2,0.95,0.03,0.992,0.03,312.0296360000001,0.7286135693215339,644.0,13.758333333333333
2419,sarsa,0.2,0.95,0.03,0.992,0.03,725.6443760000003,0.8848063555114201,232.0,22.216666666666665
2420,sarsa,0.2,0.95,0.03,0.992,0.03,606.5999120000002,0.8058446757405925,485.0,22.016666666666666
2421,sarsa,0.2,0.95,0.03,0.992,0.03,721.8949440000005,0.8465116279069768,363.0,23.366666666666667
2422,sarsa,0.2,0.95,0.03,0.992,0.03,508.3160120000003,0.7860630270750111,482.0,12.641666666666667
2423,sarsa,0.2,0.95,0.03,0.992,0.03,449.95741600000036,0.7522727272727273,654.0,12.55
2424,sarsa,0.2,0.95,0.03,0.992,0.03,397.900776,0.7767379679144385,501.0,15.55
2425,sarsa,0.2,0.95,0.03,0.992,0.03,661.5175320000002,0.8284948637784725,384.0,18.641666666666666
2426,sarsa,0.2,0.95,0.03,0.992,0.03,470.5513320000002,0.7709269089424254,561.0,16.258333333333333
2427,sarsa,0.2,0.95,0.03,0.992,0.03,493.0084680000001,0.7981609195402298,439.0,17.191666666666666
2428,sarsa,0.2,0.95,0.03,0.992,0.03,324.6231400000001,0.7338480292563998,655.0,12.625
2429,sarsa,0.2,0.95,0.03,0.992,0.03,426.59414400000003,0.7507246376811594,688.0,13.366666666666667
2430,sarsa,0.2,0.95,0.03,0.992,0.03,381.77653600000025,0.6996466431095406,1020.0,12.716666666666667
2431,sarsa,0.2,0.95,0.03,0.992,0.03,366.78845200000006,0.751925415484394,612.0,13.391666666666667
2432,sarsa,0.2,0.95,0.03,0.992,0.03,245.80746000000028,0.7045367899351888,775.0,12.791666666666666
2433,sarsa,0.2,0.95,0.03,0.992,0.03,293.86985200000004,0.7319207738369415,582.0,17.141666666666666
2434,sarsa,0.2,0.95,0.03,0.992,0.03,496.08974400000045,0.7705179282868526,576.0,16.7
2435,sarsa,0.2,0.95,0.03,0.992,0.03,376.6698519999999,0.7630522088353414,531.0,16.308333333333334
2436,sarsa,0.2,0.95,0.03,0.992,0.03,313.5211400000003,0.7136315604085945,813.0,12.625
2437,sarsa,0.2,0.95,0.03,0.992,0.03,395.7305200000002,0.7357115458381281,689.0,13.083333333333334
2438,sarsa,0.2,0.95,0.03,0.992,0.03,170.5594400000001,0.7135701275045537,629.0,13.666666666666666
2439,sarsa,0.2,0.95,0.03,0.992,0.03,366.14259599999997,0.7266917293233083,727.0,15.925
2440,sarsa,0.2,0.95,0.03,0.992,0.03,447.7205200000001,0.7722524028416214,545.0,12.25
2441,sarsa,0.2,0.95,0.03,0.992,0.03,400.9950280000002,0.7189207650273224,823.0,12.691666666666666
2442,sarsa,0.2,0.95,0.03,0.992,0.03,603.9160639999997,0.7936440677966101,487.0,16.866666666666667
2443,sarsa,0.2,0.95,0.03,0.992,0.03,269.2081200000001,0.6963487332339792,815.0,9.75
2444,sarsa,0.2,0.95,0.03,0.992,0.03,437.57428,0.7643010752688172,548.0,16.283333333333335
2445,sarsa,0.2,0.95,0.03,0.992,0.03,114.5220600000001,0.673469387755102,736.0,9.041666666666666
2446,sarsa,0.2,0.95,0.03,0.992,0.03,382.606904,0.750945179584121,527.0,14.283333333333333
2447,sarsa,0.2,0.95,0.03,0.992,0.03,303.2966960000002,0.715724244771495,734.0,12.383333333333333
2448,sarsa,0.2,0.95,0.03,0.992,0.03,154.2982320000001,0.6918454935622318,718.0,11.35
2449,sarsa,0.2,0.95,0.03,0.992,0.03,514.6456640000002,0.7844155844155845,581.0,18.533333333333335
2450,sarsa,0.2,0.95,0.03,0.992,0.03,331.8047320000003,0.7171223021582733,983.0,13.641666666666667
2451,sarsa,0.2,0.95,0.03,0.992,0.03,410.37102400000015,0.7313483915126625,785.0,16.533333333333335
2452,sarsa,0.2,0.95,0.03,0.992,0.03,497.9856720000003,0.8074563473336479,408.0,15.016666666666667
2453,sarsa,0.2,0.95,0.03,0.992,0.03,515.382728,0.7977728285077951,454.0,15.816666666666666
2454,sarsa,0.2,0.95,0.03,0.992,0.03,608.9644560000002,0.826265389876881,381.0,20.383333333333333
2455,sarsa,0.2,0.95,0.03,0.992,0.03,620.7471840000004,0.8341617713511071,367.0,22.033333333333335
2456,sarsa,0.2,0.95,0.03,0.992,0.03,545.827068,0.7952443857331571,465.0,18.441666666666666
2457,sarsa,0.2,0.95,0.03,0.992,0.03,538.42068,0.8145663632007667,387.0,17.75
2458,sarsa,0.2,0.95,0.03,0.992,0.03,895.4060479999999,0.8714695047073271,314.0,18.066666666666666
2459,sarsa,0.2,0.95,0.03,0.992,0.03,646.28436,0.7909967845659164,585.0,15.916666666666666
2460,sarsa,0.2,0.95,0.03,0.992,0.03,387.5912840000003,0.7599344530929947,586.0,16.825
2461,sarsa,0.2,0.95,0.03,0.992,0.03,795.5241079999997,0.8964539007092198,219.0,23.491666666666667
2462,sarsa,0.2,0.95,0.03,0.992,0.03,584.9272720000001,0.8445945945945946,322.0,20.85
2463,sarsa,0.2,0.95,0.03,0.992,0.03,720.0696840000004,0.833546189868029,391.0,20.991666666666667
2464,sarsa,0.2,0.95,0.03,0.992,0.03,658.2949480000001,0.8331889081455806,385.0,20.358333333333334
2465,sarsa,0.2,0.95,0.03,0.992,0.03,598.6252040000003,0.8006630750103605,481.0,18.658333333333335
2466,sarsa,0.2,0.95,0.03,0.992,0.03,253.29145200000008,0.688239159001314,949.0,15.475
2467,sarsa,0.2,0.95,0.03,0.992,0.03,436.71208800000005,0.7685032894736842,563.0,24.0
2468,sarsa,0.2,0.95,0.03,0.992,0.03,551.8235000000002,0.7855946398659966,512.0,18.541666666666668
2469,sarsa,0.2,0.95,0.03,0.992,0.03,310.0982800000001,0.7296416938110749,664.0,16.916666666666668
2470,sarsa,0.2,0.95,0.03,0.992,0.03,611.4646640000002,0.8041634541249036,508.0,18.116666666666667
2471,sarsa,0.2,0.95,0.03,0.992,0.03,490.88231999999994,0.7670196671709532,616.0,17.666666666666668
2472,sarsa,0.2,0.95,0.03,0.992,0.03,595.9953760000002,0.8025127601099332,503.0,21.8
2473,sarsa,0.2,0.95,0.03,0.992,0.03,684.0426320000001,0.8041666666666667,517.0,20.516666666666666
2474,sarsa,0.2,0.95,0.03,0.992,0.03,350.9752879999999,0.7642436149312377,480.0,14.65
2475,sarsa,0.2,0.95,0.03,0.992,0.03,488.23323600000015,0.7892398815399803,427.0,17.091666666666665
2476,sarsa,0.2,0.95,0.03,0.992,0.03,458.9460439999999,0.7933333333333333,434.0,16.908333333333335
2477,sarsa,0.2,0.95,0.03,0.992,0.03,480.6369000000002,0.7803855825649623,524.0,18.958333333333332
2478,sarsa,0.2,0.95,0.03,0.992,0.03,727.759664,0.8169908693926161,461.0,21.033333333333335
2479,sarsa,0.2,0.95,0.03,0.992,0.03,738.8200720000001,0.8659554730983302,289.0,20.483333333333334
2480,sarsa,0.2,0.95,0.03,0.992,0.03,266.77354000000025,0.7160589604344453,732.0,15.958333333333334
2481,sarsa,0.2,0.95,0.03,0.992,0.03,780.7643880000003,0.857563025210084,339.0,24.858333333333334
2482,sarsa,0.2,0.95,0.03,0.992,0.03,76.22531200000007,0.6596176129779838,1175.0,14.1
2483,sarsa,0.2,0.95,0.03,0.992,0.03,523.0878560000001,0.7840909090909091,532.0,17.466666666666665
2484,sarsa,0.2,0.95,0.03,0.992,0.03,733.4800560000003,0.8473314025651634,369.0,23.6
2485,sarsa,0.2,0.95,0.03,0.992,0.03,633.5010280000001,0.8306748466257668,414.0,22.691666666666666
2486,sarsa,0.2,0.95,0.03,0.992,0.03,699.1846159999997,0.8204625637005096,458.0,20.883333333333333
2487,sarsa,0.2,0.95,0.03,0.992,0.03,622.46076,0.8471731448763251,346.0,23.416666666666668
2488,sarsa,0.2,0.95,0.03,0.992,0.03,621.5308280000002,0.835820895522388,363.0,22.275
2489,sarsa,0.2,0.95,0.03,0.992,0.03,616.4146599999998,0.8198529411764706,441.0,17.791666666666668
2490,sarsa,0.2,0.95,0.03,0.992,0.03,646.9591639999999,0.8131392604248623,475.0,25.925
2491,sarsa,0.2,0.95,0.03,0.992,0.03,437.208588,0.7462257368799425,706.0,15.275
2492,sarsa,0.2,0.95,0.03,0.992,0.03,736.500592,0.866787494336203,294.0,21.433333333333334
2493,sarsa,0.2,0.95,0.03,0.992,0.03,526.9051959999999,0.8147982062780269,413.0,23.008333333333333
2494,sarsa,0.2,0.95,0.03,0.992,0.03,506.162608,0.8057296329453895,434.0,17.733333333333334
2495,sarsa,0.2,0.95,0.03,0.992,0.03,574.9612280000001,0.8149158708503865,407.0,15.608333333333333
2496,sarsa,0.2,0.95,0.03,0.992,0.03,435.767816,0.7958818263205013,456.0,15.883333333333333
2497,sarsa,0.2,0.95,0.03,0.992,0.03,641.119568,0.8416988416988417,369.0,22.4
2498,sarsa,0.2,0.95,0.03,0.992,0.03,471.68222800000035,0.7915309446254072,448.0,16.858333333333334
2499,sarsa,0.2,0.95,0.03,0.992,0.03,592.2475160000001,0.7766116941529235,596.0,12.341666666666667
2500,sarsa,0.2,0.95,0.03,0.992,0.03,466.9111720000001,0.7830065359477124,498.0,20.225
2501,sarsa,0.2,0.95,0.03,0.992,0.03,437.71895200000023,0.7819990954319312,482.0,12.35
2502,sarsa,0.2,0.95,0.03,0.992,0.03,374.80484800000045,0.7471554993678887,600.0,14.733333333333333
2503,sarsa,0.2,0.95,0.03,0.992,0.03,483.68324,0.79981718464351,438.0,19.883333333333333
2504,sarsa,0.2,0.95,0.03,0.992,0.03,567.7161280000004,0.8090306545153273,461.0,18.733333333333334
2505,sarsa,0.2,0.95,0.03,0.992,0.03,618.2195480000003,0.8239531742458353,391.0,14.941666666666666
2506,sarsa,0.2,0.95,0.03,0.992,0.03,193.66144400000007,0.6837037037037037,854.0,12.325
2507,sarsa,0.2,0.95,0.03,0.992,0.03,522.986796,0.791588785046729,446.0,17.175
2508,sarsa,0.2,0.95,0.03,0.992,0.03,379.03870399999994,0.7670169026952947,510.0,17.2
2509,sarsa,0.2,0.95,0.03,0.992,0.03,276.5567520000002,0.7185840707964601,636.0,13.6
2510,sarsa,0.2,0.95,0.03,0.992,0.03,395.068432,0.7530864197530864,560.0,12.6
2511,sarsa,0.2,0.95,0.03,0.992,0.03,362.63377999999994,0.7286411716842962,667.0,12.125
2512,sarsa,0.2,0.95,0.03,0.992,0.03,440.7209760000001,0.7807794508414526,495.0,16.8
2513,sarsa,0.2,0.95,0.03,0.992,0.03,435.4547840000001,0.7652733118971061,511.0,17.033333333333335
2514,sarsa,0.2,0.95,0.03,0.992,0.03,607.6897280000001,0.8450574712643678,337.0,23.916666666666668
2515,sarsa,0.2,0.95,0.03,0.992,0.03,428.8142200000003,0.768690623709211,560.0,18.958333333333332
2516,sarsa,0.2,0.95,0.03,0.992,0.03,109.45519600000016,0.657084883327697,1014.0,10.508333333333333
2517,sarsa,0.2,0.95,0.03,0.992,0.03,295.3293600000002,0.7355298308103295,594.0,13.833333333333334
2518,sarsa,0.2,0.95,0.03,0.992,0.03,319.45240800000033,0.7194076383476228,720.0,12.316666666666666
2519,sarsa,0.2,0.95,0.03,0.992,0.03,381.3640520000003,0.7424737033006892,710.0,20.491666666666667
2520,sarsa,0.2,0.95,0.03,0.992,0.03,367.78027199999985,0.7651551312649165,492.0,16.266666666666666
2521,sarsa,0.2,0.95,0.03,0.992,0.03,181.0435960000001,0.678254942058623,944.0,11.341666666666667
2522,sarsa,0.2,0.95,0.03,0.992,0.03,600.9863520000002,0.7783053323593864,607.0,16.933333333333334
2523,sarsa,0.2,0.95,0.03,0.992,0.03,590.5244280000002,0.7809788267962513,631.0,17.275
2524,sarsa,0.2,0.95,0.03,0.992,0.03,355.01960800000006,0.7602870813397129,501.0,18.15
2525,sarsa,0.2,0.95,0.03,0.992,0.03,357.1558000000001,0.7393617021276596,686.0,16.25
2526,sarsa,0.2,0.95,0.03,0.992,0.03,111.69058400000024,0.6613243357233235,803.0,10.783333333333333
2527,sarsa,0.2,0.95,0.03,0.992,0.03,-29.334887999999893,0.6344038715354158,831.0,8.683333333333334
2528,sarsa,0.2,0.95,0.03,0.992,0.03,94.76522800000019,0.670020964360587,787.0,14.775
2529,sarsa,0.2,0.95,0.03,0.992,0.03,319.4276440000001,0.7373059169114562,626.0,21.908333333333335
2530,sarsa,0.2,0.95,0.03,0.992,0.03,567.3192159999999,0.8222409435551812,422.0,22.95
2531,sarsa,0.2,0.95,0.03,0.992,0.03,537.2190800000002,0.7315819531696174,940.0,14.416666666666666
2532,sarsa,0.2,0.95,0.03,0.992,0.03,435.9181680000003,0.757250268528464,678.0,21.983333333333334
2533,sarsa,0.2,0.95,0.03,0.992,0.03,319.5372160000003,0.7386976358357528,630.0,23.8
2534,sarsa,0.2,0.95,0.03,0.992,0.03,473.130848,0.7813545150501672,523.0,18.9
2535,sarsa,0.2,0.95,0.03,0.992,0.03,911.3555200000002,0.909007773205304,199.0,26.0
2536,sarsa,0.2,0.95,0.03,0.992,0.03,595.5101760000003,0.8125564588979223,415.0,20.966666666666665
2537,sarsa,0.2,0.95,0.03,0.992,0.03,556.3204879999998,0.7764518695306285,562.0,17.983333333333334
2538,sarsa,0.2,0.95,0.03,0.992,0.03,509.84328400000027,0.7952755905511811,468.0,24.025
2539,sarsa,0.2,0.95,0.03,0.992,0.03,509.49228800000014,0.8089622641509434,405.0,26.733333333333334
2540,sarsa,0.2,0.95,0.03,0.992,0.03,269.79969200000016,0.7189168573607932,737.0,15.808333333333334
2541,sarsa,0.2,0.95,0.03,0.992,0.03,459.3117120000002,0.7854816193578409,461.0,19.1
2542,sarsa,0.2,0.95,0.03,0.992,0.03,368.157324,0.7352625937834941,741.0,16.741666666666667
2543,sarsa,0.2,0.95,0.03,0.992,0.03,399.1362879999999,0.7593324549846289,548.0,12.566666666666666
2544,sarsa,0.2,0.95,0.03,0.992,0.03,56.97085600000007,0.6712962962962963,710.0,12.883333333333333
2545,sarsa,0.2,0.95,0.03,0.992,0.03,355.1163000000003,0.7525681107637338,554.0,16.875
2546,sarsa,0.2,0.95,0.03,0.992,0.03,300.5909880000002,0.7152018106374953,755.0,14.441666666666666
2547,sarsa,0.2,0.95,0.03,0.992,0.03,411.48898400000036,0.7557319223985891,554.0,14.116666666666667
2548,sarsa,0.2,0.95,0.03,0.992,0.03,507.8576280000002,0.7877813504823151,528.0,16.441666666666666
2549,sarsa,0.2,0.95,0.03,0.992,0.03,420.28826000000026,0.7728638900815801,529.0,16.125
2550,sarsa,0.2,0.95,0.03,0.992,0.03,247.91419600000006,0.6801099908340972,1047.0,10.925
2551,sarsa,0.2,0.95,0.03,0.992,0.03,308.07112399999977,0.7264451524806554,601.0,12.158333333333333
2552,sarsa,0.2,0.95,0.03,0.992,0.03,370.93736800000016,0.729311047696698,664.0,11.983333333333333
2553,sarsa,0.2,0.95,0.03,0.992,0.03,361.12587999999994,0.7324675324675325,721.0,13.583333333333334
2554,sarsa,0.2,0.95,0.03,0.992,0.03,314.6812720000001,0.735202492211838,595.0,14.183333333333334
2555,sarsa,0.2,0.95,0.03,0.992,0.03,384.04574799999995,0.761615284411637,549.0,17.858333333333334
2556,sarsa,0.2,0.95,0.03,0.992,0.03,341.7449960000003,0.7296511627906976,651.0,14.258333333333333
2557,sarsa,0.2,0.95,0.03,0.992,0.03,274.56356400000016,0.7357790601813685,641.0,17.908333333333335
2558,sarsa,0.2,0.95,0.03,0.992,0.03,237.31687200000013,0.6957022256331543,793.0,15.016666666666667
2559,sarsa,0.2,0.95,0.03,0.992,0.03,326.42215999999985,0.7443946188340808,627.0,17.166666666666668
2560,sarsa,0.2,0.95,0.03,0.992,0.03,485.5962040000001,0.8083711548159355,380.0,19.075
2561,sarsa,0.2,0.95,0.03,0.992,0.03,291.81250400000016,0.732738374823861,569.0,16.783333333333335
2562,sarsa,0.2,0.95,0.03,0.992,0.03,97.56224800000017,0.6527579308373821,1215.0,12.65
2563,sarsa,0.2,0.95,0.03,0.992,0.03,459.86920000000015,0.7729872415310163,516.0,13.333333333333334
2564,sarsa,0.2,0.95,0.03,0.992,0.03,282.66296400000004,0.7240977881257276,711.0,19.708333333333332
2565,sarsa,0.2,0.95,0.03,0.992,0.03,507.8414120000002,0.7846283783783784,510.0,17.225
2566,sarsa,0.2,0.95,0.03,0.992,0.03,329.90311999999994,0.7291318864774624,649.0,15.166666666666666
2567,sarsa,0.2,0.95,0.03,0.992,0.03,510.21113599999995,0.7943508424182358,415.0,18.133333333333333
2568,sarsa,0.2,0.95,0.03,0.992,0.03,506.19490000000013,0.7777777777777778,540.0,16.458333333333332
2569,sarsa,0.2,0.95,0.03,0.992,0.03,593.2593440000002,0.8262476894639557,376.0,19.2
2570,sarsa,0.2,0.95,0.03,0.992,0.03,643.9290200000006,0.8264014466546112,384.0,19.541666666666668
2571,sarsa,0.2,0.95,0.03,0.992,0.03,586.9668280000001,0.7814787701317716,597.0,14.775
2572,sarsa,0.2,0.95,0.03,0.992,0.03,581.7448280000002,0.7801857585139319,568.0,14.775
2573,sarsa,0.2,0.95,0.03,0.992,0.03,513.6599960000002,0.8140085186938003,393.0,21.341666666666665
2574,sarsa,0.2,0.95,0.03,0.992,0.03,359.82275199999987,0.7527889335118251,554.0,14.433333333333334
2575,sarsa,0.2,0.95,0.03,0.992,0.03,595.1877120000003,0.7949039264828739,491.0,17.433333333333334
2576,sarsa,0.2,0.95,0.03,0.992,0.03,695.6404919999998,0.8292089249492901,421.0,14.975
2577,sarsa,0.2,0.95,0.03,0.992,0.03,301.47801600000014,0.7275204359673024,700.0,13.8
2578,sarsa,0.2,0.95,0.03,0.992,0.03,593.7543240000003,0.8037423846823325,451.0,17.991666666666667
2579,sarsa,0.2,0.95,0.03,0.992,0.03,613.4769799999999,0.8212290502793296,416.0,16.291666666666668
2580,sarsa,0.2,0.95,0.03,0.992,0.03,536.0344960000001,0.8110902255639098,402.0,16.966666666666665
2581,sarsa,0.2,0.95,0.03,0.992,0.03,507.28616400000004,0.7663088356729976,566.0,14.991666666666667
2582,sarsa,0.2,0.95,0.03,0.992,0.03,425.8924840000003,0.7483417869683964,645.0,20.158333333333335
2583,sarsa,0.2,0.95,0.03,0.992,0.03,632.221348,0.7992359932088285,473.0,13.691666666666666
2584,sarsa,0.2,0.95,0.03,0.992,0.03,584.1556599999997,0.7970235634559736,491.0,15.708333333333334
2585,sarsa,0.2,0.95,0.03,0.992,0.03,579.0907440000003,0.8239171374764596,374.0,21.283333333333335
2586,sarsa,0.2,0.95,0.03,0.992,0.03,544.34344,0.8252983293556085,366.0,22.833333333333332
2587,sarsa,0.2,0.95,0.03,0.992,0.03,406.51323200000024,0.7203823830658928,819.0,15.1
2588,sarsa,0.2,0.95,0.03,0.992,0.03,492.5348720000002,0.7809170912459472,473.0,17.516666666666666
2589,sarsa,0.2,0.95,0.03,0.992,0.03,530.8493479999998,0.7985039738195419,431.0,22.025
2590,sarsa,0.2,0.95,0.03,0.992,0.03,491.6054480000003,0.8056122448979591,381.0,20.983333333333334
2591,sarsa,0.2,0.95,0.03,0.992,0.03,543.6516879999998,0.8274839347503707,349.0,27.7
2592,sarsa,0.2,0.95,0.03,0.992,0.03,679.6857600000002,0.844131455399061,332.0,19.666666666666668
2593,sarsa,0.2,0.95,0.03,0.992,0.03,514.756616,0.7836065573770492,528.0,20.05
2594,sarsa,0.2,0.95,0.03,0.992,0.03,503.2381120000004,0.7772277227722773,540.0,19.1
2595,sarsa,0.2,0.95,0.03,0.992,0.03,464.5329959999999,0.7555945590171128,557.0,14.258333333333333
2596,sarsa,0.2,0.95,0.03,0.992,0.03,474.0712520000001,0.7326413743736578,747.0,14.491666666666667
2597,sarsa,0.2,0.95,0.03,0.992,0.03,207.60127600000015,0.6979445933869526,676.0,13.675
2598,sarsa,0.2,0.95,0.03,0.992,0.03,601.1066760000002,0.802064631956912,441.0,16.591666666666665
2599,sarsa,0.2,0.95,0.03,0.992,0.03,297.3690440000001,0.724508886810103,589.0,17.325
2600,sarsa,0.2,0.95,0.03,0.992,0.03,340.2696440000001,0.7258267057346169,655.0,13.575
2601,sarsa,0.2,0.95,0.03,0.992,0.03,282.18034000000023,0.7037173352962827,805.0,13.458333333333334
2602,sarsa,0.2,0.95,0.03,0.992,0.03,480.08210800000023,0.7896296296296297,426.0,17.108333333333334
2603,sarsa,0.2,0.95,0.03,0.992,0.03,498.5039240000001,0.7884522076661815,436.0,19.658333333333335
2604,sarsa,0.2,0.95,0.03,0.992,0.03,591.4501000000004,0.8139841688654353,423.0,20.625
2605,sarsa,0.2,0.95,0.03,0.992,0.03,616.9095680000001,0.8076335877862595,504.0,19.9
2606,sarsa,0.2,0.95,0.03,0.992,0.03,488.9884720000001,0.7953779489648531,425.0,20.016666666666666
2607,sarsa,0.2,0.95,0.03,0.992,0.03,607.4239360000003,0.8075170842824602,507.0,23.133333333333333
2608,sarsa,0.2,0.95,0.03,0.992,0.03,604.763992,0.7858602370249285,524.0,19.35
2609,sarsa,0.2,0.95,0.03,0.992,0.03,550.3267480000002,0.8322516225661508,336.0,25.775
2610,sarsa,0.2,0.95,0.03,0.992,0.03,446.05589999999995,0.7808888888888889,493.0,17.708333333333332
2611,sarsa,0.2,0.95,0.03,0.992,0.03,662.7484800000003,0.7989988448209473,522.0,18.166666666666668
2612,sarsa,0.2,0.95,0.03,0.992,0.03,503.1370880000003,0.7615317667536988,548.0,15.9
2613,sarsa,0.2,0.95,0.03,0.992,0.03,237.97199200000009,0.6746666666666666,854.0,12.683333333333334
2614,sarsa,0.2,0.95,0.03,0.992,0.03,397.24819999999994,0.7540080160320641,491.0,17.083333333333332
2615,sarsa,0.2,0.95,0.03,0.992,0.03,37.50635600000008,0.6458068614993647,1115.0,10.591666666666667
2616,sarsa,0.2,0.95,0.03,0.992,0.03,414.39382800000004,0.7214845080013619,818.0,14.358333333333333
2617,sarsa,0.2,0.95,0.03,0.992,0.03,500.1603240000003,0.7806593406593406,499.0,16.325
2618,sarsa,0.2,0.95,0.03,0.992,0.03,666.9178920000002,0.8050945580856812,505.0,16.225
2619,sarsa,0.2,0.95,0.03,0.992,0.03,767.5432280000002,0.8600746268656716,300.0,18.941666666666666
2620,sarsa,0.2,0.95,0.03,0.992,0.03,698.216744,0.8367525098210389,374.0,18.783333333333335
2621,sarsa,0.2,0.95,0.03,0.992,0.03,525.6396400000002,0.7587685113016368,619.0,11.583333333333334
2622,sarsa,0.2,0.95,0.03,0.992,0.03,852.716588,0.8885199240986718,235.0,21.941666666666666
2623,sarsa,0.2,0.95,0.03,0.992,0.03,600.3893240000001,0.7785771382893685,554.0,18.408333333333335
2624,sarsa,0.2,0.95,0.03,0.992,0.03,660.5347840000006,0.8285457809694794,382.0,20.366666666666667
2625,sarsa,0.2,0.95,0.03,0.992,0.03,750.1390079999999,0.8470181503889369,354.0,24.4
2626,sarsa,0.2,0.95,0.03,0.992,0.03,604.3663040000002,0.799165120593692,433.0,18.866666666666667
2627,sarsa,0.2,0.95,0.03,0.992,0.03,651.8472680000002,0.8036960985626284,478.0,16.358333333333334
2628,sarsa,0.2,0.95,0.03,0.992,0.03,621.0946000000004,0.8227272727272728,390.0,21.25
2629,sarsa,0.2,0.95,0.03,0.992,0.03,777.733804,0.8406933553446141,386.0,19.075
2630,sarsa,0.2,0.95,0.03,0.992,0.03,701.935692,0.8370812299219825,355.0,16.641666666666666
2631,sarsa,0.2,0.95,0.03,0.992,0.03,520.47966,0.7980206927575348,449.0,17.375
2632,sarsa,0.2,0.95,0.03,0.992,0.03,736.788888000001,0.8469202898550725,338.0,22.15
2633,sarsa,0.2,0.95,0.03,0.992,0.03,533.4419840000004,0.8278443113772455,345.0,17.866666666666667
2634,sarsa,0.2,0.95,0.03,0.992,0.03,604.2106520000003,0.8452323909918543,323.0,22.658333333333335
2635,sarsa,0.2,0.95,0.03,0.992,0.03,584.6836839999999,0.8131472309770373,415.0,17.658333333333335
2636,sarsa,0.2,0.95,0.03,0.992,0.03,675.7147960000003,0.8328877005347594,375.0,17.175
2637,sarsa,0.2,0.95,0.03,0.992,0.03,658.7416959999998,0.8292261132728059,395.0,15.3
2638,sarsa,0.2,0.95,0.03,0.992,0.03,593.3764840000001,0.7860394537177542,564.0,18.491666666666667
2639,sarsa,0.2,0.95,0.03,0.992,0.03,865.8732680000007,0.9019900497512437,197.0,23.025
2640,sarsa,0.2,0.95,0.03,0.992,0.03,612.5093680000002,0.8259033317691225,371.0,16.983333333333334
2641,sarsa,0.2,0.95,0.03,0.992,0.03,674.0854119999999,0.8270295202952029,375.0,18.058333333333334
2642,sarsa,0.2,0.95,0.03,0.992,0.03,681.7011119999997,0.8184187662901824,418.0,18.683333333333334
2643,sarsa,0.2,0.95,0.03,0.992,0.03,704.2126200000004,0.8477851083883129,323.0,16.208333333333332
2644,sarsa,0.2,0.95,0.03,0.992,0.03,501.4930920000001,0.7727090836334534,568.0,15.391666666666667
2645,sarsa,0.2,0.95,0.03,0.992,0.03,759.5700079999999,0.8599167822468793,303.0,23.983333333333334
2646,sarsa,0.2,0.95,0.03,0.992,0.03,608.5483080000002,0.8313782991202346,345.0,18.358333333333334
2647,sarsa,0.2,0.95,0.03,0.992,0.03,551.9744640000001,0.792213288192975,491.0,19.366666666666667
2648,sarsa,0.2,0.95,0.03,0.992,0.03,752.823268,0.8567972907595549,296.0,19.691666666666666
2649,sarsa,0.2,0.95,0.03,0.992,0.03,729.3752440000004,0.8726392251815981,263.0,23.575
2650,sarsa,0.2,0.95,0.03,0.992,0.03,690.96248,0.8597768073750607,289.0,23.166666666666668
2651,sarsa,0.2,0.95,0.03,0.992,0.03,671.3421640000001,0.8357578601595496,350.0,17.491666666666667
2652,sarsa,0.2,0.95,0.03,0.992,0.03,721.5191319999999,0.8576941630487217,295.0,23.641666666666666
2653,sarsa,0.2,0.95,0.03,0.992,0.03,649.4582920000001,0.7944193680755026,501.0,21.225
2654,sarsa,0.2,0.95,0.03,0.992,0.03,788.095752,0.8714689265536724,273.0,23.183333333333334
2655,sarsa,0.2,0.95,0.03,0.992,0.03,604.355208,0.8064958828911254,423.0,18.15
2656,sarsa,0.2,0.95,0.03,0.992,0.03,696.5841720000002,0.8106624852998824,483.0,19.808333333333334
2657,sarsa,0.2,0.95,0.03,0.992,0.03,399.73791600000004,0.7609710550887021,512.0,20.675
2658,sarsa,0.2,0.95,0.03,0.992,0.03,577.6509319999999,0.7811773818745159,565.0,19.058333333333334
2659,sarsa,0.2,0.95,0.03,0.992,0.03,470.9352000000002,0.773719165085389,477.0,15.833333333333334
2660,sarsa,0.2,0.95,0.03,0.992,0.03,563.9107120000002,0.8207592503604036,373.0,17.85
2661,sarsa,0.2,0.95,0.03,0.992,0.03,367.34247600000026,0.7157660991857883,768.0,14.508333333333333
2662,sarsa,0.2,0.95,0.03,0.992,0.03,625.5002080000002,0.832468145351581,355.0,21.066666666666666
2663,sarsa,0.2,0.95,0.03,0.992,0.03,610.3127880000002,0.7988338192419825,483.0,18.191666666666666
2664,sarsa,0.2,0.95,0.03,0.992,0.03,493.5266240000003,0.7973421926910299,427.0,22.366666666666667
2665,sarsa,0.2,0.95,0.03,0.992,0.03,341.3702640000002,0.7456521739130435,585.0,18.116666666666667
2666,sarsa,0.2,0.95,0.03,0.992,0.03,207.774208,0.6978444957659738,785.0,16.9
2667,sarsa,0.2,0.95,0.03,0.992,0.03,570.7658520000001,0.8161220043572984,422.0,17.141666666666666
2668,sarsa,0.2,0.95,0.03,0.992,0.03,498.82014,0.7794249775381851,491.0,20.541666666666668
2669,sarsa,0.2,0.95,0.03,0.992,0.03,705.1386720000003,0.8426812585499316,345.0,19.6
2670,sarsa,0.2,0.95,0.03,0.992,0.03,258.34915200000006,0.725320271288621,729.0,17.766666666666666
2671,sarsa,0.2,0.95,0.03,0.992,0.03,408.56214000000006,0.7468451242829828,662.0,17.208333333333332
2672,sarsa,0.2,0.95,0.03,0.992,0.03,587.7939680000001,0.820137299771167,393.0,18.233333333333334
2673,sarsa,0.2,0.95,0.03,0.992,0.03,556.6682680000002,0.7844862055177929,539.0,18.441666666666666
2674,sarsa,0.2,0.95,0.03,0.992,0.03,615.829088,0.8214876033057851,432.0,22.566666666666666
2675,sarsa,0.2,0.95,0.03,0.992,0.03,572.615472,0.813466787989081,410.0,22.1
2676,sarsa,0.2,0.95,0.03,0.992,0.03,537.2414120000002,0.7745901639344263,550.0,14.725
2677,sarsa,0.2,0.95,0.03,0.992,0.03,512.5236440000002,0.7788135593220339,522.0,16.075
2678,sarsa,0.2,0.95,0.03,0.992,0.03,744.2657440000005,0.8574799433695139,302.0,20.866666666666667
2679,sarsa,0.2,0.95,0.03,0.992,0.03,781.6127959999999,0.8667608286252354,283.0,18.841666666666665
2680,sarsa,0.2,0.95,0.03,0.992,0.03,758.7502399999998,0.8435875216637782,361.0,16.166666666666668
2681,sarsa,0.2,0.95,0.03,0.992,0.03,556.5211200000001,0.8188643829188175,386.0,16.833333333333332
2682,sarsa,0.2,0.95,0.03,0.992,0.03,624.1164520000004,0.8574914592484139,292.0,16.725
2683,sarsa,0.2,0.95,0.03,0.992,0.03,746.2547440000003,0.8510331571359923,310.0,18.783333333333335
2684,sarsa,0.2,0.95,0.03,0.992,0.03,772.1934040000004,0.8589743589743589,308.0,22.408333333333335
2685,sarsa,0.2,0.95,0.03,0.992,0.03,548.6249040000002,0.7932752179327521,498.0,16.783333333333335
2686,sarsa,0.2,0.95,0.03,0.992,0.03,592.8229080000002,0.795760293518141,501.0,17.941666666666666
2687,sarsa,0.2,0.95,0.03,0.992,0.03,560.3218320000001,0.800614844093105,454.0,18.016666666666666
2688,sarsa,0.2,0.95,0.03,0.992,0.03,622.6081840000002,0.7952694842962389,528.0,14.116666666666667
2689,sarsa,0.2,0.95,0.03,0.992,0.03,532.1758239999999,0.800090661831369,441.0,20.7
2690,sarsa,0.2,0.95,0.03,0.992,0.03,332.81393600000024,0.7147701582516955,757.0,15.633333333333333
2691,sarsa,0.2,0.95,0.03,0.992,0.03,465.6117200000002,0.8067033976124885,421.0,19.75
2692,sarsa,0.2,0.95,0.03,0.992,0.03,477.40756400000015,0.8029850746268656,396.0,19.575
2693,sarsa,0.2,0.95,0.03,0.992,0.03,347.4212040000001,0.7475728155339806,572.0,16.158333333333335
2694,sarsa,0.2,0.95,0.03,0.992,0.03,634.4716560000003,0.847041847041847,318.0,17.05
2695,sarsa,0.2,0.95,0.03,0.992,0.03,547.0184880000002,0.8276041666666667,331.0,16.316666666666666
2696,sarsa,0.2,0.95,0.03,0.992,0.03,597.9561480000004,0.7882200086617583,489.0,17.025
2697,sarsa,0.2,0.95,0.03,0.992,0.03,695.1003960000002,0.8249359521776259,410.0,16.341666666666665
2698,sarsa,0.2,0.95,0.03,0.992,0.03,435.6227880000002,0.7710843373493976,475.0,11.525
2699,sarsa,0.2,0.95,0.03,0.992,0.03,314.4899480000002,0.7281021897810219,596.0,14.941666666666666
2700,sarsa,0.2,0.95,0.03,0.992,0.03,323.9788479999999,0.7371948300622307,549.0,12.233333333333333
2701,sarsa,0.2,0.95,0.03,0.992,0.03,412.70494400000007,0.7688249400479616,482.0,14.2
2702,sarsa,0.2,0.95,0.03,0.992,0.03,448.1785480000001,0.7767079321412196,487.0,17.025
2703,sarsa,0.2,0.95,0.03,0.992,0.03,381.3544400000002,0.7394218684541265,622.0,14.083333333333334
2704,sarsa,0.2,0.95,0.03,0.992,0.03,155.084608,0.6780185758513931,728.0,11.9
2705,sarsa,0.2,0.95,0.03,0.992,0.03,170.49995600000008,0.7042314335060449,685.0,11.425
2706,sarsa,0.2,0.95,0.03,0.992,0.03,119.3616360000001,0.6833261525204654,735.0,12.925
2707,sarsa,0.2,0.95,0.03,0.992,0.03,200.92572399999995,0.7162221250546568,649.0,15.908333333333333
2708,sarsa,0.2,0.95,0.03,0.992,0.03,530.7968120000002,0.7883853937527496,481.0,17.641666666666666
2709,sarsa,0.2,0.95,0.03,0.992,0.03,598.14964,0.8546712802768166,294.0,19.916666666666668
2710,sarsa,0.2,0.95,0.03,0.992,0.03,676.4661200000003,0.8611536498213375,272.0,19.75
2711,sarsa,0.2,0.95,0.03,0.992,0.03,480.0498240000002,0.7686653771760155,598.0,15.7
2712,sarsa,0.2,0.95,0.03,0.992,0.03,472.36867600000005,0.8033980582524272,405.0,19.091666666666665
2713,sarsa,0.2,0.95,0.03,0.992,0.03,332.0826880000001,0.7263701350277998,689.0,14.233333333333333
2714,sarsa,0.2,0.95,0.03,0.992,0.03,141.29445200000015,0.6595821325648416,945.0,14.225
2715,sarsa,0.2,0.95,0.03,0.992,0.03,90.80363200000018,0.652542372881356,943.0,12.6
2716,sarsa,0.2,0.95,0.03,0.992,0.03,303.1542760000002,0.7248209018120523,653.0,14.925
2717,sarsa,0.2,0.95,0.03,0.992,0.03,473.90911200000005,0.7570599613152804,628.0,16.183333333333334
2718,sarsa,0.2,0.95,0.03,0.992,0.03,498.412896,0.7913461538461538,434.0,22.183333333333334
2719,sarsa,0.2,0.95,0.03,0.992,0.03,477.83493200000044,0.7490589711417817,600.0,17.391666666666666
2720,sarsa,0.2,0.95,0.03,0.992,0.03,246.75673200000003,0.7118950701040253,637.0,11.975
2721,sarsa,0.2,0.95,0.03,0.992,0.03,459.97164400000014,0.7815533980582524,450.0,16.908333333333335
2722,sarsa,0.2,0.95,0.03,0.992,0.03,544.771356,0.7678849144634525,597.0,13.508333333333333
2723,sarsa,0.2,0.95,0.03,0.992,0.03,464.36895200000015,0.7715809893307468,471.0,16.516666666666666
2724,sarsa,0.2,0.95,0.03,0.992,0.03,297.7981800000001,0.7315914489311164,565.0,16.291666666666668
2725,sarsa,0.2,0.95,0.03,0.992,0.03,347.79991200000006,0.7717622080679406,430.0,16.183333333333334
2726,sarsa,0.2,0.95,0.03,0.992,0.03,104.03878400000008,0.656937584193983,764.0,11.2
2727,sarsa,0.2,0.95,0.03,0.992,0.03,370.1749679999999,0.7209503239740821,646.0,14.483333333333333
2728,sarsa,0.2,0.95,0.03,0.992,0.03,427.09958,0.7511482254697286,596.0,17.541666666666668
2729,sarsa,0.2,0.95,0.03,0.992,0.03,474.90268000000026,0.7554945054945055,623.0,15.25
2730,sarsa,0.2,0.95,0.03,0.992,0.03,411.3948040000002,0.7581759557807461,525.0,16.991666666666667
2731,sarsa,0.2,0.95,0.03,0.992,0.03,409.50109999999995,0.7425540595675234,631.0,12.708333333333334
2732,sarsa,0.2,0.95,0.03,0.992,0.03,293.8029040000003,0.7020335985853228,674.0,10.95
2733,sarsa,0.2,0.95,0.03,0.992,0.03,180.23535999999993,0.6775100401606425,803.0,8.833333333333334
2734,sarsa,0.2,0.95,0.03,0.992,0.03,494.44255999999996,0.7802960222016652,475.0,19.666666666666668
2735,sarsa,0.2,0.95,0.03,0.992,0.03,423.6051840000002,0.761353517364203,536.0,14.533333333333333
2736,sarsa,0.2,0.95,0.03,0.992,0.03,353.3344120000001,0.7505827505827506,535.0,14.308333333333334
2737,sarsa,0.2,0.95,0.03,0.992,0.03,414.3526480000002,0.7398843930635838,630.0,10.15
2738,sarsa,0.2,0.95,0.03,0.992,0.03,103.03285999999997,0.6595657517410897,831.0,9.875
2739,sarsa,0.2,0.95,0.03,0.992,0.03,270.754404,0.6888629283489096,799.0,10.325
2740,sarsa,0.2,0.95,0.03,0.992,0.03,106.90199200000008,0.6660421545667448,713.0,12.933333333333334
2741,sarsa,0.2,0.95,0.03,0.992,0.03,414.74089599999974,0.7751310147689376,472.0,17.8
2742,sarsa,0.2,0.95,0.03,0.992,0.03,555.7673040000002,0.7945389435989257,459.0,15.116666666666667
2743,sarsa,0.2,0.95,0.03,0.992,0.03,732.0844960000003,0.8305012744265081,399.0,17.8
2744,sarsa,0.2,0.95,0.03,0.992,0.03,657.9156879999999,0.8067484662576687,441.0,14.65
2745,sarsa,0.2,0.95,0.03,0.992,0.03,595.4837480000003,0.79702300405954,450.0,15.358333333333333
2746,sarsa,0.2,0.95,0.03,0.992,0.03,697.4149839999999,0.8605817452357071,278.0,20.783333333333335
2747,sarsa,0.2,0.95,0.03,0.992,0.03,619.7306320000002,0.82810236600676,356.0,19.683333333333334
2748,sarsa,0.2,0.95,0.03,0.992,0.03,518.4153640000001,0.7679153094462541,570.0,16.658333333333335
2749,sarsa,0.2,0.95,0.03,0.992,0.03,656.0699720000006,0.7984949832775919,482.0,18.558333333333334
2750,sarsa,0.2,0.95,0.03,0.992,0.03,605.0123600000001,0.8166969147005445,404.0,18.416666666666668
2751,sarsa,0.2,0.95,0.03,0.992,0.03,607.4930840000001,0.7905172413793103,486.0,14.741666666666667
2752,sarsa,0.2,0.95,0.03,0.992,0.03,675.5082600000001,0.8358760980120203,355.0,17.791666666666668
2753,sarsa,0.2,0.95,0.03,0.992,0.03,377.037872,0.7516218721037998,536.0,15.433333333333334
2754,sarsa,0.2,0.95,0.03,0.992,0.03,245.9595680000001,0.699501246882793,723.0,13.233333333333333
2755,sarsa,0.2,0.95,0.03,0.992,0.03,173.9678960000001,0.6895059502344032,861.0,11.55
2756,sarsa,0.2,0.95,0.03,0.992,0.03,317.0053920000003,0.7518002880460873,517.0,13.1
2757,sarsa,0.2,0.95,0.03,0.992,0.03,453.77591200000023,0.7967914438502673,418.0,17.016666666666666
2758,sarsa,0.2,0.95,0.03,0.992,0.03,328.5071840000002,0.7130600571973308,903.0,18.116666666666667
2759,sarsa,0.2,0.95,0.03,0.992,0.03,282.2363560000001,0.7319057815845824,626.0,13.091666666666667
2760,sarsa,0.2,0.95,0.03,0.992,0.03,393.52588800000007,0.7772209567198177,489.0,18.4
2761,sarsa,0.2,0.95,0.03,0.992,0.03,344.6142120000002,0.7312206572769953,687.0,16.391666666666666
2762,sarsa,0.2,0.95,0.03,0.992,0.03,443.3967679999998,0.7850467289719626,460.0,14.9
2763,sarsa,0.2,0.95,0.03,0.992,0.03,596.9485960000003,0.8400537634408602,357.0,16.441666666666666
2764,sarsa,0.2,0.95,0.03,0.992,0.03,224.72607200000004,0.7142191142191142,613.0,13.35
2765,sarsa,0.2,0.95,0.03,0.992,0.03,335.80843200000004,0.747025121198766,574.0,11.766666666666667
2766,sarsa,0.2,0.95,0.03,0.992,0.03,510.68469600000003,0.787488908606921,479.0,16.55
2767,sarsa,0.2,0.95,0.03,0.992,0.03,414.1460360000001,0.7420886075949367,652.0,11.258333333333333
2768,sarsa,0.2,0.95,0.03,0.992,0.03,415.33609200000006,0.7604166666666666,644.0,15.808333333333334
2769,sarsa,0.2,0.95,0.03,0.992,0.03,461.4316520000003,0.7660606060606061,579.0,14.225
2770,sarsa,0.2,0.95,0.03,0.992,0.03,286.7247840000001,0.7125248508946322,723.0,13.7
2771,sarsa,0.2,0.95,0.03,0.992,0.03,424.12158800000026,0.7705856450902686,521.0,18.191666666666666
2772,sarsa,0.2,0.95,0.03,0.992,0.03,488.718044,0.7453119672690078,747.0,15.241666666666667
2773,sarsa,0.2,0.95,0.03,0.992,0.03,384.157696,0.7553148816686723,610.0,12.8
2774,sarsa,0.2,0.95,0.03,0.992,0.03,323.4241520000003,0.7358113509192646,661.0,20.666666666666668
2775,sarsa,0.2,0.95,0.03,0.992,0.03,559.7007560000001,0.8165569143932268,390.0,18.925
2776,sarsa,0.2,0.95,0.03,0.992,0.03,501.19845599999996,0.8262752646775746,361.0,26.183333333333334
2777,sarsa,0.2,0.95,0.03,0.992,0.03,420.52660400000025,0.7856806406029204,455.0,24.908333333333335
2778,sarsa,0.2,0.95,0.03,0.992,0.03,409.80835199999996,0.7769953051643192,475.0,12.766666666666667
2779,sarsa,0.2,0.95,0.03,0.992,0.03,284.49798799999996,0.7194570135746606,682.0,11.525
2780,sarsa,0.2,0.95,0.03,0.992,0.03,547.5597519999998,0.8095448519664162,431.0,17.35
2781,sarsa,0.2,0.95,0.03,0.992,0.03,366.25658799999997,0.7036906854130053,843.0,13.608333333333333
2782,sarsa,0.2,0.95,0.03,0.992,0.03,502.9451120000001,0.7789976133651552,463.0,13.683333333333334
2783,sarsa,0.2,0.95,0.03,0.992,0.03,358.0527720000002,0.7312326227988879,580.0,11.891666666666667
2784,sarsa,0.2,0.95,0.03,0.992,0.03,327.3281520000003,0.708776072412436,740.0,14.85
2785,sarsa,0.2,0.95,0.03,0.992,0.03,480.9152080000001,0.7726218097447796,490.0,15.65
2786,sarsa,0.2,0.95,0.03,0.992,0.03,338.21812000000017,0.7242897158863545,689.0,12.25
2787,sarsa,0.2,0.95,0.03,0.992,0.03,547.962384,0.8007039155301364,453.0,23.7
2788,sarsa,0.2,0.95,0.03,0.992,0.03,484.86522,0.7701520036849379,499.0,16.625
2789,sarsa,0.2,0.95,0.03,0.992,0.03,591.2926679999998,0.818881477680862,353.0,15.108333333333333
2790,sarsa,0.2,0.95,0.03,0.992,0.03,330.89784799999995,0.7228915662650602,644.0,14.316666666666666
2791,sarsa,0.2,0.95,0.03,0.992,0.03,299.97938,0.7043701799485861,690.0,12.958333333333334
2792,sarsa,0.2,0.95,0.03,0.992,0.03,1.4495640000000498,0.6247279059643013,862.0,9.575
2793,sarsa,0.2,0.95,0.03,0.992,0.03,49.36916000000005,0.6414863209473254,878.0,7.583333333333333
2794,sarsa,0.2,0.95,0.03,0.992,0.03,406.7920240000004,0.7507356031946196,593.0,16.95
2795,sarsa,0.2,0.95,0.03,0.992,0.03,590.9228000000003,0.7810902896081772,514.0,19.166666666666668
2796,sarsa,0.2,0.95,0.03,0.992,0.03,622.5113440000002,0.8133212505663797,412.0,16.7
2797,sarsa,0.2,0.95,0.03,0.992,0.03,471.8556120000001,0.742503748125937,687.0,14.308333333333334
2798,sarsa,0.2,0.95,0.03,0.992,0.03,733.4539840000003,0.8335483870967741,387.0,22.033333333333335
2799,sarsa,0.2,0.95,0.03,0.992,0.03,880.0687120000002,0.9113422486379396,179.0,31.183333333333334
2800,sarsa,0.2,0.95,0.03,0.992,0.03,967.9388800000002,0.9482133609528741,100.0,31.5
2801,sarsa,0.2,0.95,0.03,0.992,0.03,715.9395200000005,0.8474737845567207,320.0,21.833333333333332
2802,sarsa,0.2,0.95,0.03,0.992,0.03,830.9385759999999,0.8516333938294011,327.0,23.466666666666665
2803,sarsa,0.2,0.95,0.03,0.992,0.03,818.648116,0.8806282722513089,228.0,27.758333333333333
2804,sarsa,0.2,0.95,0.03,0.992,0.03,524.3618360000004,0.7805200528867342,498.0,25.008333333333333
2805,sarsa,0.2,0.95,0.03,0.992,0.03,410.04298399999993,0.7625835189309577,533.0,24.116666666666667
2806,sarsa,0.2,0.95,0.03,0.992,0.03,764.8363120000007,0.8463636363636363,338.0,23.683333333333334
2807,sarsa,0.2,0.95,0.03,0.992,0.03,780.3516840000001,0.8749403341288783,262.0,22.658333333333335
2808,sarsa,0.2,0.95,0.03,0.992,0.03,707.0071240000008,0.875,257.0,30.458333333333332
2809,sarsa,0.2,0.95,0.03,0.992,0.03,836.2087200000005,0.9406688241639698,110.0,31.833333333333332
2810,sarsa,0.2,0.95,0.03,0.992,0.03,515.7394760000002,0.8034069981583793,427.0,21.591666666666665
2811,sarsa,0.2,0.95,0.03,0.992,0.03,633.111684,0.8227571115973742,405.0,25.158333333333335
2812,sarsa,0.2,0.95,0.03,0.992,0.03,670.1607680000002,0.8180515759312321,381.0,19.066666666666666
2813,sarsa,0.2,0.95,0.03,0.992,0.03,653.6235120000001,0.8272128060263654,367.0,17.85
2814,sarsa,0.2,0.95,0.03,0.992,0.03,395.39572400000003,0.7393066186402522,579.0,18.408333333333335
2815,sarsa,0.2,0.95,0.03,0.992,0.03,785.4923960000007,0.8702594810379242,260.0,28.008333333333333
2816,sarsa,0.2,0.95,0.03,0.992,0.03,615.2838160000003,0.7972591696896413,503.0,21.716666666666665
2817,sarsa,0.2,0.95,0.03,0.992,0.03,718.8715400000002,0.8121848739495798,447.0,21.791666666666668
2818,sarsa,0.2,0.95,0.03,0.992,0.03,393.2924920000004,0.7363344051446945,656.0,20.808333333333334
2819,sarsa,0.2,0.95,0.03,0.992,0.03,755.2081240000003,0.8203062046736502,446.0,25.075
2820,sarsa,0.2,0.95,0.03,0.992,0.03,755.5508160000004,0.893298969072165,207.0,27.133333333333333
2821,sarsa,0.2,0.95,0.03,0.992,0.03,565.9825320000002,0.8016194331983806,441.0,27.391666666666666
2822,sarsa,0.2,0.95,0.03,0.992,0.03,621.5802720000003,0.8220720720720721,395.0,22.1
2823,sarsa,0.2,0.95,0.03,0.992,0.03,770.1822320000001,0.8903462749213011,209.0,29.683333333333334
2824,sarsa,0.2,0.95,0.03,0.992,0.03,321.90278400000005,0.7227310574521232,666.0,14.533333333333333
2825,sarsa,0.2,0.95,0.03,0.992,0.03,667.8968520000004,0.8406698564593301,333.0,21.725
2826,sarsa,0.2,0.95,0.03,0.992,0.03,580.818332,0.84874715261959,332.0,21.975
2827,sarsa,0.2,0.95,0.03,0.992,0.03,258.367504,0.6876876876876877,1040.0,12.2
2828,sarsa,0.2,0.95,0.03,0.992,0.03,556.4291760000003,0.7920962199312714,484.0,21.383333333333333
2829,sarsa,0.2,0.95,0.03,0.992,0.03,565.8779000000001,0.8398492699010833,340.0,25.208333333333332
2830,sarsa,0.2,0.95,0.03,0.992,0.03,763.657748,0.8943843379701185,205.0,24.525
2831,sarsa,0.2,0.95,0.03,0.992,0.03,757.6154960000005,0.9022900763358779,192.0,21.55
2832,sarsa,0.2,0.95,0.03,0.992,0.03,444.47859600000015,0.754874651810585,616.0,15.925
2833,sarsa,0.2,0.95,0.03,0.992,0.03,517.0893319999999,0.8006660323501428,419.0,19.058333333333334
2834,sarsa,0.2,0.95,0.03,0.992,0.03,691.2599439999997,0.8636363636363636,294.0,20.45
2835,sarsa,0.2,0.95,0.03,0.992,0.03,728.025752,0.8948979591836734,206.0,27.35
2836,sarsa,0.2,0.95,0.03,0.992,0.03,558.744684,0.7787648054145516,523.0,18.075
2837,sarsa,0.2,0.95,0.03,0.992,0.03,407.31353200000007,0.751784964300714,591.0,16.975
2838,sarsa,0.2,0.95,0.03,0.992,0.03,670.576732,0.8396094839609484,345.0,23.641666666666666
2839,sarsa,0.2,0.95,0.03,0.992,0.03,532.588904,0.8114014251781473,397.0,22.616666666666667
2840,sarsa,0.2,0.95,0.03,0.992,0.03,678.4636120000005,0.8261261261261261,386.0,17.641666666666666
2841,sarsa,0.2,0.95,0.03,0.992,0.03,314.0353400000002,0.7390341160832964,589.0,18.875
2842,sarsa,0.2,0.95,0.03,0.992,0.03,709.8699400000003,0.8302598491198658,405.0,17.625
2843,sarsa,0.2,0.95,0.03,0.992,0.03,635.8283240000002,0.8542830540037244,313.0,24.658333333333335
2844,sarsa,0.2,0.95,0.03,0.992,0.03,912.1632720000003,0.8879686137750654,257.0,25.016666666666666
2845,sarsa,0.2,0.95,0.03,0.992,0.03,731.4010760000008,0.833265389319201,409.0,23.258333333333333
2846,sarsa,0.2,0.95,0.03,0.992,0.03,474.42812000000015,0.7368048175699611,743.0,18.083333333333332
2847,sarsa,0.2,0.95,0.03,0.992,0.03,849.0388520000006,0.89900426742532,213.0,30.041666666666668
2848,sarsa,0.2,0.95,0.03,0.992,0.03,583.6640120000001,0.7858931552587646,513.0,19.308333333333334
2849,sarsa,0.2,0.95,0.03,0.992,0.03,752.6765479999999,0.8580735225686366,305.0,23.691666666666666
2850,sarsa,0.2,0.95,0.03,0.992,0.03,684.7758360000003,0.8310387984981227,405.0,20.008333333333333
2851,sarsa,0.2,0.95,0.03,0.992,0.03,763.1686640000001,0.8406725380304243,398.0,16.45
2852,sarsa,0.2,0.95,0.03,0.992,0.03,780.5038680000004,0.8525535420098846,358.0,19.275
2853,sarsa,0.2,0.95,0.03,0.992,0.03,634.8642279999999,0.8620170597089815,275.0,25.191666666666666
2854,sarsa,0.2,0.95,0.03,0.992,0.03,651.3266400000003,0.8622009569377991,288.0,24.5
2855,sarsa,0.2,0.95,0.03,0.992,0.03,767.4813880000004,0.8760563380281691,264.0,23.608333333333334
2856,sarsa,0.2,0.95,0.03,0.992,0.03,398.60505200000034,0.7186553603876439,929.0,12.975
2857,sarsa,0.2,0.95,0.03,0.992,0.03,714.6608719999995,0.8660144619310931,315.0,19.183333333333334
2858,sarsa,0.2,0.95,0.03,0.992,0.03,520.3165160000001,0.7607428987618354,657.0,14.425
2859,sarsa,0.2,0.95,0.03,0.992,0.03,601.5308440000003,0.8006304176516943,506.0,18.575
2860,sarsa,0.2,0.95,0.03,0.992,0.03,864.5373480000003,0.9052111410601976,211.0,22.025
2861,sarsa,0.2,0.95,0.03,0.992,0.03,854.3627439999998,0.8984302862419206,220.0,24.616666666666667
2862,sarsa,0.2,0.95,0.03,0.992,0.03,274.32302400000026,0.6812288613303269,1131.0,10.7
2863,sarsa,0.2,0.95,0.03,0.992,0.03,683.553936,0.8625056535504296,304.0,27.3
2864,sarsa,0.2,0.95,0.03,0.992,0.03,343.17994800000014,0.7134688691232529,902.0,14.108333333333333
2865,sarsa,0.2,0.95,0.03,0.992,0.03,409.22967200000016,0.7373737373737373,728.0,18.35
2866,sarsa,0.2,0.95,0.03,0.992,0.03,649.0469680000001,0.8451365187713311,363.0,21.15
2867,sarsa,0.2,0.95,0.03,0.992,0.03,422.0711840000002,0.7784,554.0,21.2
2868,sarsa,0.2,0.95,0.03,0.992,0.03,398.36107599999997,0.7412509307520476,695.0,15.758333333333333
2869,sarsa,0.2,0.95,0.03,0.992,0.03,581.8053920000001,0.7684135977337111,654.0,17.266666666666666
2870,sarsa,0.2,0.95,0.03,0.992,0.03,528.2148879999999,0.8083885209713024,434.0,23.816666666666666
2871,sarsa,0.2,0.95,0.03,0.992,0.03,674.0941240000001,0.8525671219971738,313.0,21.741666666666667
2872,sarsa,0.2,0.95,0.03,0.992,0.03,395.750884,0.7623300970873786,612.0,15.991666666666667
2873,sarsa,0.2,0.95,0.03,0.992,0.03,306.9102680000002,0.7310258548790659,645.0,15.941666666666666
2874,sarsa,0.2,0.95,0.03,0.992,0.03,433.928112,0.7812642110050023,481.0,23.75
2875,sarsa,0.2,0.95,0.03,0.992,0.03,267.2211160000001,0.7282407407407407,587.0,15.675
2876,sarsa,0.2,0.95,0.03,0.992,0.03,333.88608400000027,0.7326450694197223,751.0,14.325
2877,sarsa,0.2,0.95,0.03,0.992,0.03,412.547684,0.7488789237668162,672.0,21.825
2878,sarsa,0.2,0.95,0.03,0.992,0.03,626.3624879999998,0.8486753480017961,337.0,17.983333333333334
2879,sarsa,0.2,0.95,0.03,0.992,0.03,447.70850800000017,0.7797356828193832,550.0,17.941666666666666
2880,sarsa,0.2,0.95,0.03,0.992,0.03,696.7387999999997,0.8699222126188418,301.0,24.166666666666668
2881,sarsa,0.2,0.95,0.03,0.992,0.03,723.611032,0.8337388483373885,410.0,23.016666666666666
2882,sarsa,0.2,0.95,0.03,0.992,0.03,565.6747760000002,0.826782449725777,379.0,28.05
2883,sarsa,0.2,0.95,0.03,0.992,0.03,854.8177600000002,0.911121903836814,183.0,34.666666666666664
2884,sarsa,0.2,0.95,0.03,0.992,0.03,596.942656,0.8617577197149644,291.0,26.633333333333333
2885,sarsa,0.2,0.95,0.03,0.992,0.03,741.4763720000001,0.8695454545454545,287.0,27.725
2886,sarsa,0.2,0.95,0.03,0.992,0.03,699.0790560000003,0.8140105078809107,531.0,19.966666666666665
2887,sarsa,0.2,0.95,0.03,0.992,0.03,506.3657560000001,0.7768043387567793,535.0,18.508333333333333
2888,sarsa,0.2,0.95,0.03,0.992,0.03,529.6335000000001,0.8341013824884793,360.0,23.541666666666668
2889,sarsa,0.2,0.95,0.03,0.992,0.03,468.45276800000005,0.779887785930082,510.0,16.566666666666666
2890,sarsa,0.2,0.95,0.03,0.992,0.03,418.0158959999998,0.7742663656884876,500.0,14.883333333333333
2891,sarsa,0.2,0.95,0.03,0.992,0.03,466.8025880000001,0.7998111425873465,424.0,16.941666666666666
2892,sarsa,0.2,0.95,0.03,0.992,0.03,-92.21754000000001,0.6436781609195402,961.0,9.041666666666666
2893,sarsa,0.2,0.95,0.03,0.992,0.03,354.358476,0.7258779406750767,804.0,14.508333333333333
2894,sarsa,0.2,0.95,0.03,0.992,0.03,456.21774400000027,0.7849889624724061,487.0,15.033333333333333
2895,sarsa,0.2,0.95,0.03,0.992,0.03,387.65856399999996,0.7627039627039627,509.0,17.491666666666667
2896,sarsa,0.2,0.95,0.03,0.992,0.03,426.56660000000005,0.7903711133400201,418.0,16.25
2897,sarsa,0.2,0.95,0.03,0.992,0.03,457.15507600000024,0.7539779681762546,603.0,16.591666666666665
2898,sarsa,0.2,0.95,0.03,0.992,0.03,293.763852,0.714492229851825,790.0,11.308333333333334
2899,sarsa,0.2,0.95,0.03,0.992,0.03,416.68987200000026,0.7864852182074143,455.0,22.933333333333334
2900,sarsa,0.2,0.95,0.03,0.992,0.03,468.2281760000002,0.7371967654986523,780.0,17.633333333333333
2901,sarsa,0.2,0.95,0.03,0.992,0.03,658.9970480000003,0.8235046335299073,419.0,19.316666666666666
2902,sarsa,0.2,0.95,0.03,0.992,0.03,505.4981279999999,0.7800847457627119,519.0,20.6
2903,sarsa,0.2,0.95,0.03,0.992,0.03,742.8615560000004,0.8851834206765127,241.0,17.258333333333333
2904,sarsa,0.2,0.95,0.03,0.992,0.03,798.9939639999998,0.8715475668566418,293.0,21.241666666666667
2905,sarsa,0.2,0.95,0.03,0.992,0.03,629.3893400000002,0.8196860415782775,425.0,20.541666666666668
2906,sarsa,0.2,0.95,0.03,0.992,0.03,164.23277200000004,0.6955056179775281,813.0,17.725
2907,sarsa,0.2,0.95,0.03,0.992,0.03,346.9744440000002,0.7248520710059172,744.0,14.408333333333333
2908,sarsa,0.2,0.95,0.03,0.992,0.03,597.2611839999998,0.8271383788625168,386.0,21.2
2909,sarsa,0.2,0.95,0.03,0.992,0.03,674.6080760000002,0.8053062817011315,499.0,16.175
2910,sarsa,0.2,0.95,0.03,0.992,0.03,355.98057199999994,0.7308313155770783,667.0,13.975
2911,sarsa,0.2,0.95,0.03,0.992,0.03,589.3129680000001,0.8161375661375662,417.0,16.983333333333334
2912,sarsa,0.2,0.95,0.03,0.992,0.03,450.7999040000002,0.7848210435532557,499.0,17.2
2913,sarsa,0.2,0.95,0.03,0.992,0.03,576.5126720000002,0.8403115871470301,328.0,20.433333333333334
2914,sarsa,0.2,0.95,0.03,0.992,0.03,442.53740000000016,0.7739130434782608,546.0,18.75
2915,sarsa,0.2,0.95,0.03,0.992,0.03,493.38443200000034,0.7771806531624639,539.0,15.933333333333334
2916,sarsa,0.2,0.95,0.03,0.992,0.03,399.5328360000001,0.7556973564266181,536.0,19.591666666666665
2917,sarsa,0.2,0.95,0.03,0.992,0.03,281.3519480000001,0.7007644703312704,822.0,15.775
2918,sarsa,0.2,0.95,0.03,0.992,0.03,83.86365200000007,0.6796157059314955,767.0,10.891666666666667
2919,sarsa,0.2,0.95,0.03,0.992,0.03,323.483792,0.7331975560081466,655.0,13.933333333333334
2920,sarsa,0.2,0.95,0.03,0.992,0.03,142.12558400000006,0.6868131868131868,798.0,11.2
2921,sarsa,0.2,0.95,0.03,0.992,0.03,247.0400720000001,0.7043513623424156,727.0,16.683333333333334
2922,sarsa,0.2,0.95,0.03,0.992,0.03,180.1135120000002,0.7024590163934427,726.0,14.516666666666667
2923,sarsa,0.2,0.95,0.03,0.992,0.03,354.0640560000001,0.7486586875773834,609.0,12.883333333333333
2924,sarsa,0.2,0.95,0.03,0.992,0.03,547.401792,0.8166823751178134,389.0,18.1
2925,sarsa,0.2,0.95,0.03,0.992,0.03,475.06522800000045,0.7768257853937168,547.0,15.608333333333333
2926,sarsa,0.2,0.95,0.03,0.992,0.03,256.22011200000014,0.7242677824267783,659.0,15.466666666666667
2927,sarsa,0.2,0.95,0.03,0.992,0.03,348.578336,0.7591599642537981,539.0,16.466666666666665
2928,sarsa,0.2,0.95,0.03,0.992,0.03,311.82072400000015,0.7262172284644195,731.0,12.991666666666667
2929,sarsa,0.2,0.95,0.03,0.992,0.03,496.14289199999985,0.7779572062979411,550.0,14.975
2930,sarsa,0.2,0.95,0.03,0.992,0.03,519.2889560000001,0.7998255560401221,459.0,16.841666666666665
2931,sarsa,0.2,0.95,0.03,0.992,0.03,666.0580920000002,0.871191135734072,279.0,24.975
2932,sarsa,0.2,0.95,0.03,0.992,0.03,555.8729480000001,0.8313359964491789,380.0,22.025
2933,sarsa,0.2,0.95,0.03,0.992,0.03,526.5680720000001,0.7912301125339543,538.0,17.516666666666666
2934,sarsa,0.2,0.95,0.03,0.992,0.03,205.68445200000022,0.6736635880212707,1166.0,14.225
2935,sarsa,0.2,0.95,0.03,0.992,0.03,634.8239720000006,0.8357615894039735,372.0,24.391666666666666
2936,sarsa,0.2,0.95,0.03,0.992,0.03,475.14471600000013,0.7692307692307693,609.0,18.175
2937,sarsa,0.2,0.95,0.03,0.992,0.03,430.44302799999986,0.7625779625779626,571.0,12.691666666666666
2938,sarsa,0.2,0.95,0.03,0.992,0.03,409.1320880000001,0.7768281101614435,470.0,15.483333333333333
2939,sarsa,0.2,0.95,0.03,0.992,0.03,136.84176000000014,0.6922222222222222,831.0,13.0
2940,sarsa,0.2,0.95,0.03,0.992,0.03,139.10658000000018,0.6799843321582452,817.0,11.291666666666666
2941,sarsa,0.2,0.95,0.03,0.992,0.03,372.674096,0.7510389119758217,659.0,11.133333333333333
2942,sarsa,0.2,0.95,0.03,0.992,0.03,376.64535599999994,0.7546922741161065,562.0,14.341666666666667
2943,sarsa,0.2,0.95,0.03,0.992,0.03,432.3167360000001,0.792264232942199,478.0,18.133333333333333
2944,sarsa,0.2,0.95,0.03,0.992,0.03,344.20210800000024,0.756514657980456,598.0,15.441666666666666
2945,sarsa,0.2,0.95,0.03,0.992,0.03,266.9609080000002,0.7083753784056509,867.0,11.275
2946,sarsa,0.2,0.95,0.03,0.992,0.03,629.3048480000002,0.8425531914893617,333.0,20.566666666666666
2947,sarsa,0.2,0.95,0.03,0.992,0.03,267.88654400000013,0.7274615704196095,656.0,16.7
2948,sarsa,0.2,0.95,0.03,0.992,0.03,299.2667200000001,0.7305340399510803,661.0,14.333333333333334
2949,sarsa,0.2,0.95,0.03,0.992,0.03,543.9864120000001,0.8056057866184448,430.0,16.808333333333334
2950,sarsa,0.2,0.95,0.03,0.992,0.03,440.6248560000001,0.7701492537313432,539.0,12.883333333333333
2951,sarsa,0.2,0.95,0.03,0.992,0.03,595.6765800000004,0.820647419072616,410.0,17.125
2952,sarsa,0.2,0.95,0.03,0.992,0.03,417.1475959999999,0.7837962962962963,467.0,15.508333333333333
2953,sarsa,0.2,0.95,0.03,0.992,0.03,276.51014800000013,0.7224012892828364,689.0,16.191666666666666
2954,sarsa,0.2,0.95,0.03,0.992,0.03,297.7327719999999,0.7468525179856115,563.0,14.391666666666667
2955,sarsa,0.2,0.95,0.03,0.992,0.03,312.3292640000002,0.7372565271446332,634.0,14.366666666666667
2956,sarsa,0.2,0.95,0.03,0.992,0.03,174.57396000000008,0.7074626865671642,686.0,10.916666666666666
2957,sarsa,0.2,0.95,0.03,0.992,0.03,204.82849600000014,0.7076023391812866,700.0,14.466666666666667
2958,sarsa,0.2,0.95,0.03,0.992,0.03,295.01734800000014,0.7326939115929941,641.0,13.691666666666666
2959,sarsa,0.2,0.95,0.03,0.992,0.03,265.64197600000017,0.7017235314808301,848.0,16.383333333333333
2960,sarsa,0.2,0.95,0.03,0.992,0.03,306.33416800000003,0.7338560885608856,577.0,15.316666666666666
2961,sarsa,0.2,0.95,0.03,0.992,0.03,375.4978279999999,0.7373068432671082,714.0,16.858333333333334
2962,sarsa,0.2,0.95,0.03,0.992,0.03,266.5908080000001,0.7131040487592512,659.0,15.65
2963,sarsa,0.2,0.95,0.03,0.992,0.03,374.3388360000001,0.7584849975405804,491.0,17.925
2964,sarsa,0.2,0.95,0.03,0.992,0.03,141.9739840000001,0.6729308276689324,818.0,12.866666666666667
2965,sarsa,0.2,0.95,0.03,0.992,0.03,194.73665600000004,0.7125932426502852,655.0,14.966666666666667
2966,sarsa,0.2,0.95,0.03,0.992,0.03,389.53611200000006,0.7380952380952381,616.0,13.266666666666667
2967,sarsa,0.2,0.95,0.03,0.992,0.03,101.83625200000007,0.6810982048574445,906.0,12.975
2968,sarsa,0.2,0.95,0.03,0.992,0.03,417.5933440000004,0.7715201465201466,499.0,17.533333333333335
2969,sarsa,0.2,0.95,0.03,0.992,0.03,162.53815600000013,0.6925220622387367,662.0,11.008333333333333
2970,sarsa,0.2,0.95,0.03,0.992,0.03,398.49873600000024,0.7669987007362494,538.0,15.633333333333333
2971,sarsa,0.2,0.95,0.03,0.992,0.03,362.19613600000014,0.722831193235202,885.0,13.55
2972,sarsa,0.2,0.95,0.03,0.992,0.03,311.4809360000002,0.7302052785923754,644.0,15.216666666666667
2973,sarsa,0.2,0.95,0.03,0.992,0.03,123.38848400000008,0.6933216168717048,698.0,10.991666666666667
2974,sarsa,0.2,0.95,0.03,0.992,0.03,135.88260400000013,0.6799259944495837,692.0,14.075
2975,sarsa,0.2,0.95,0.03,0.992,0.03,-4.37530399999989,0.6309297912713473,778.0,9.05
2976,sarsa,0.2,0.95,0.03,0.992,0.03,357.89548000000025,0.7517185604528912,614.0,14.416666666666666
2977,sarsa,0.2,0.95,0.03,0.992,0.03,422.2016040000001,0.7752073330423396,515.0,13.658333333333333
2978,sarsa,0.2,0.95,0.03,0.992,0.03,550.2763320000001,0.8012958963282938,460.0,16.975
2979,sarsa,0.2,0.95,0.03,0.992,0.03,421.81088000000005,0.7653333333333333,528.0,15.666666666666666
2980,sarsa,0.2,0.95,0.03,0.992,0.03,224.72216000000003,0.7080013855213024,843.0,12.166666666666666
2981,sarsa,0.2,0.95,0.03,0.992,0.03,211.92486800000012,0.7129351095831543,668.0,13.858333333333333
2982,sarsa,0.2,0.95,0.03,0.992,0.03,296.2680880000002,0.7447988904299584,552.0,13.816666666666666
2983,sarsa,0.2,0.95,0.03,0.992,0.03,390.10194000000007,0.7578435704816615,548.0,16.791666666666668
2984,sarsa,0.2,0.95,0.03,0.992,0.03,555.61476,0.814317673378076,415.0,20.916666666666668
2985,sarsa,0.2,0.95,0.03,0.992,0.03,-69.14735599999999,0.633453237410072,1019.0,13.158333333333333
2986,sarsa,0.2,0.95,0.03,0.992,0.03,626.1726120000003,0.780602978568834,604.0,18.891666666666666
2987,sarsa,0.2,0.95,0.03,0.992,0.03,323.56523200000004,0.7345065034429993,694.0,17.6
2988,sarsa,0.2,0.95,0.03,0.992,0.03,454.6446440000002,0.780067283431455,523.0,14.825
2989,sarsa,0.2,0.95,0.03,0.992,0.03,429.9370000000001,0.7734806629834254,492.0,15.416666666666666
2990,sarsa,0.2,0.95,0.03,0.992,0.03,254.96267200000025,0.7247235387045814,697.0,11.266666666666667
2991,sarsa,0.2,0.95,0.03,0.992,0.03,544.6668880000002,0.7836213373403456,576.0,20.483333333333334
2992,sarsa,0.2,0.95,0.03,0.992,0.03,696.9185360000001,0.862494289629968,301.0,21.05
2993,sarsa,0.2,0.95,0.03,0.992,0.03,575.2350959999999,0.85866802236909,278.0,19.883333333333333
2994,sarsa,0.2,0.95,0.03,0.992,0.03,607.2937600000002,0.8322266489597167,379.0,18.0
2995,sarsa,0.2,0.95,0.03,0.992,0.03,519.3356239999999,0.808688387635756,458.0,16.116666666666667
2996,sarsa,0.2,0.95,0.03,0.992,0.03,612.667316,0.8204334365325078,406.0,18.591666666666665
2997,sarsa,0.2,0.95,0.03,0.992,0.03,447.597676,0.7678111587982832,541.0,16.175
2998,sarsa,0.2,0.95,0.03,0.992,0.03,433.1870360000002,0.7388535031847133,820.0,14.175
2999,sarsa,0.2,0.95,0.03,0.992,0.03,288.99773600000015,0.7166411042944786,739.0,13.55
